atu,topic,title,culture,author,origin_raw,source_page
,Abducted by Aliens,The Recovered Bride,Ireland,,Ireland,abduct.html
,Abducted by Aliens,Taken by the Good People,Ireland,,Ireland,abduct.html
,Abducted by Aliens,Twenty Years with the Good People,Ireland,,Ireland,abduct.html
,Abducted by Aliens,Jamie Freel and the Young Lady: A Donegal Tale,Ireland,,Ireland,abduct.html
,Abducted by Aliens,Kidnappers,Ireland,,Ireland,abduct.html
,Abducted by Aliens,Footnote,,,,abduct.html
,Abducted by Aliens,Ethna the Bride,Ireland,,Ireland,abduct.html
,Abducted by Aliens,Ned the Jockey,Wales,,Wales,abduct.html
,Abducted by Aliens,The Old Man and the Fairies,Wales,,Wales,abduct.html
,Abducted by Aliens,A Visit to Fairyland,Wales,,Wales,abduct.html
,Abducted by Aliens,Four Years in Faery,Isle of Man,,Isle of Man,abduct.html
,Abducted by Aliens,The Lost Wife of Ballaleece,Isle of Man,,Isle of Man,abduct.html
,Abducted by Aliens,On Fairies,England,,England,abduct.html
,Abducted by Aliens,The Lost Child,England,,England,abduct.html
,Abducted by Aliens,Thomas of Erceldoune,Scotland,,Scotland,abduct.html
,Abducted by Aliens,Tamlane,Scotland,,Scotland,abduct.html
,Abducted by Aliens,The Fairies' Hill,Scotland,,Scotland,abduct.html
,Abducted by Aliens,The Stolen Lady,Scotland,,Scotland,abduct.html
,Abducted by Aliens,Touching the Elements,Shetland Islands,,Shetland Islands,abduct.html
,Abducted by Aliens,The Aged Bride,Denmark,,Denmark,abduct.html
,Abducted by Aliens,The Troll in Mæhred,Denmark,,Denmark,abduct.html
,Abducted by Aliens,The Sea Nymph,Sweden,Gotland,Sweden (Gotland),abduct.html
910B,Advice Well Taken,The Three Advices,Ireland,,Ireland,type0910b.html
910B,Advice Well Taken,The Three Advices Which the King with the Red Soles Gave to His Son,Ireland,,Ireland,type0910b.html
910B,Advice Well Taken,The Highlander Takes Three Advices from the English Farmer,Scotland,,Scotland,type0910b.html
910B,Advice Well Taken,The Three Admonitions,Italy,,Italy,type0910b.html
910B,Advice Well Taken,The Prince Who Acquired Wisdom,India,,India,type0910b.html
910B,Advice Well Taken,Three Pieces of Advice,Jamaica,,Jamaica,type0910b.html
,Aesop's Children,The Crab and His Mother,,,,aesopskids.html
,Aesop's Children,The Farmer and His Sons,,,,aesopskids.html
,Aesop's Children,Jupiter and the Monkey,,,,aesopskids.html
,Aesop's Children,Father and Sons,,,,aesopskids.html
,Aesop's Children,The Boy Bathing,,,,aesopskids.html
,Aesop's Children,The Boy and the Nettles,,,,aesopskids.html
,Aesop's Children,The Boy and the Filberts,,,,aesopskids.html
,Aesop's Children,The Fawn and His Mother,,,,aesopskids.html
,Aesop's Children,The Ox and the Frog,,,,aesopskids.html
,Aesop's Children,"The Wolf, the Mother, and Her Child",,,,aesopskids.html
,Aesop's Children,The Lioness and the Vixen,,,,aesopskids.html
,Aesop's Children,"The Miller, His Son, and Their Ass",,,,aesopskids.html
,Aesop's Children,Brother and Sister,,,,aesopskids.html
,Aesop's Children,The Bull and the Calf,,,,aesopskids.html
,Aesop's Children,The Father and His Daughters,,,,aesopskids.html
,Old Folks in Aesop's Fables,The Mischievous Dog,,,,aesopold.html
,Old Folks in Aesop's Fables,The Mice in Council,,,,aesopold.html
,Old Folks in Aesop's Fables,The Old Woman and the Doctor,,,,aesopold.html
,Old Folks in Aesop's Fables,The Crab and His Mother,,,,aesopold.html
,Old Folks in Aesop's Fables,The Old Lion,,,,aesopold.html
,Old Folks in Aesop's Fables,The Peasant and the Apple Tree,,,,aesopold.html
,Old Folks in Aesop's Fables,The Mice and the Weasels,,,,aesopold.html
,Old Folks in Aesop's Fables,The Ass and the Old Peasant,,,,aesopold.html
,Old Folks in Aesop's Fables,The Old Woman and the Wine Jar,,,,aesopold.html
,Old Folks in Aesop's Fables,The Oxen and the Butchers,,,,aesopold.html
,Old Folks in Aesop's Fables,The Old Hound,,,,aesopold.html
,Old Folks in Aesop's Fables,The Charger and the Miller,,,,aesopold.html
,Old Folks in Aesop's Fables,The Man and His Two Mistresses,,,,aesopold.html
,Old Folks in Aesop's Fables,"The Miller, His Son, and Their Ass",,,,aesopold.html
,Old Folks in Aesop's Fables,"The Man, the Horse, the Ox, and the Dog",,,,aesopold.html
,Old Folks in Aesop's Fables,"The Wolves, the Sheep, and the Ram",,,,aesopold.html
,Old Folks in Aesop's Fables,The Swan,,,,aesopold.html
,Old Folks in Aesop's Fables,The Old Man and Death,,,,aesopold.html
,Old Folks in Aesop's Fables,The Sick Lion,,,,aesopold.html
,Old Folks in Aesop's Fables,The Bundle of Sticks,,,,aesopold.html
,Old Folks in Aesop's Fables,The Cat and the Mice,,,,aesopold.html
,Old Folks in Aesop's Fables,The Bald Knight,,,,aesopold.html
,Old Folks in Aesop's Fables,Death and Cupid,,,,aesopold.html
,Old Folks in Aesop's Fables,The Hunted Beaver,,,,aesopold.html
,Old Folks in Aesop's Fables,The Farmer and His Sons,,,,aesopold.html
,Old Folks in Aesop's Fables,The Sick Stag,,,,aesopold.html
,Old Folks in Aesop's Fables,The Two Rats,,,,aesopold.html
,Old Folks in Aesop's Fables,"The Old Trout, the Young Trout, and the Salmon",,,,aesopold.html
,Aging and Death in Folklore,Aging: realism and resignation expressed in proverbs,,,,aging.html
,Aging and Death in Folklore,Distrust of old people in folklore,,,,aging.html
,Aging and Death in Folklore,Widowhood,,,,aging.html
,Aging and Death in Folklore,Caring for old people,Resignation,,Resignation,aging.html
,Aging and Death in Folklore,Euthanasia and geronticide,Europe,,Europe,aging.html
,Aging and Death in Folklore,Other primitive cultures,,,,aging.html
,Aging and Death in Folklore,Sacrificing one's grandmother,,,,aging.html
,Aging and Death in Folklore,The old woman in the chest,,,,aging.html
,Aging and Death in Folklore,Disposing of the corpse: a legend that is still alive,,,,aging.html
,Aging and Death in Folklore,Why old people are no longer put to death,,,,aging.html
,Aging and Death in Folklore,Gaining care by trickery,Old animals trick their masters,,Old animals trick their masters,aging.html
,Aging and Death in Folklore,The old father's pretended treasure,,,,aging.html
,Aging and Death in Folklore,Grandchildren come to their grandparents' aid,,,,aging.html
,Aging and Death in Folklore,When enlightened self interest fails,,,,aging.html
,Aging and Death in Folklore,The inevitability of senility and death,,,,aging.html
,Aging and Death in Folklore,Stages of life,,,,aging.html
,Aging and Death in Folklore,No one wants to die,,,,aging.html
,Aging and Death in Folklore,Death's approach should surprise no one,,,,aging.html
,Aging and Death in Folklore,Attempts to trick death,,,,aging.html
,Aging and Death in Folklore,Death trivialized,The death of the little hen,,The death of the little hen,aging.html
,Aging and Death in Folklore,An animal mourns the death of a spouse,,,,aging.html
,Aging and Death in Folklore,The fleeing pancake,,,,aging.html
,Aging and Death in Folklore,The day the sky fell in,,,,aging.html
,Aging and Death in Folklore,Death as punishment,"Bogeys, hobgoblins, and bugbears",,"Bogeys, hobgoblins, and bugbears",aging.html
,Aging and Death in Folklore,Excessive grief,,,,aging.html
,Aging and Death in Folklore,Death as a divine release,,,,aging.html
1430,Air Castles,The Broken Pot,The Panchatantra,,The Panchatantra,type1430.html
1430,Air Castles,The Poor Man and the Flask of Oil,Bidpai,,Bidpai,type1430.html
1430,Air Castles,The Story of the Devotee Who Spilt the Jar of Honey and Oil,India/Persia,,India/Persia,type1430.html
1430,Air Castles,What Happened to the Ascetic When He Lost His Honey and Oil,Kalilah and Dimnah,,Kalilah and Dimnah,type1430.html
1430,Air Castles,The Daydreamer,"India, Henry Cecil Bompas",,"India, Henry Cecil Bompas",type1430.html
1430,Air Castles,Sheik Chilli,"India, Alice Elizabeth Dracott",,"India, Alice Elizabeth Dracott",type1430.html
1430,Air Castles,The Fakir and His Jar of Butter,The 1001 Nights,,The 1001 Nights,type1430.html
1430,Air Castles,The Barber's Tale of His Fifth Brother,1001 Nights,,1001 Nights,type1430.html
1430,Air Castles,Day-Dreaming,The 1001 Nights,,The 1001 Nights,type1430.html
1430,Air Castles,The Milkmaid and Her Pail,Aesop,,Aesop,type1430.html
1430,Air Castles,"Story of an Old Woman, Carrying Milk to Market in an Earthen Vessel.",Jacques de Vitry,,Jacques de Vitry,type1430.html
1430,Air Castles,What Happened to a Woman Called Truhana,"Spain, Prince Don Juan Manuel",,"Spain, Prince Don Juan Manuel",type1430.html
1430,Air Castles,The Dairywoman and the Pot of Milk,"France, Jean de La Fontaine",,"France, Jean de La Fontaine",type1430.html
1430,Air Castles,Lazy Heinz,Jacob and Wilhelm Grimm,,Jacob and Wilhelm Grimm,type1430.html
1430,Air Castles,Lean Lisa,Jacob and Wilhelm Grimm,,Jacob and Wilhelm Grimm,type1430.html
1430,Air Castles,"Buttermilk JackEngland, Thomas Hughes Ther wur an owld 'oman as had but one son, And thay lived together as you med zee; And they'd nought but an owld hen as wanted to sett, Yet somehow a landlord he fain would be. Oh, I've been and begged me some buttermilk, mother, Off of an owld 'oman as has girt store; And I shall well rewarded be, Vor she's g'in me haf a gallon or mwore. Oh mother, my buttermilk I will sell, And all for a penny as you med zee; And with my penny then I will buy eggs, Vor I shall have seven for my penney. Oh mother, I'll set them all under our hen, And seven cock chickens might chance for to be; But seven cock chickens or seven cap hens, There'll be seven half-crownds for me. Oh, I'll go carry them to market, mother, And nothing but vine volk shall I zee; And with my money then I will buy land, Zo as a landlord I med be. ""Oh my dear zon, wilt thee know me, When thee hast gotten great store of wealth?"" ""Oh, my dear mother, how shall I know thee, When I shall hardly know my own self?"" With that the owld 'oman she flew in a passion, And dashed her son Jack up agin the wall, And his head caught the shelf where the buttermilk stood, So down came the buttermilk, pitcher and all. Zo aal you as has got an old hen for to sett, Both by night and by day mind you has her well watched, Lest you should be like unto Buttermilk Jack, To reckon your chickens before thay are hatched. Source: Thomas Hughes The Scouring of the White Horse; or, The Long Vacation Ramble of a London Clerk (Cambridge and London: Macmillan and Company, 1859), pp. 171-72. According to the narrator, this song was sung at a country fair ""by a queer little man, with a twisted face, and a lurcher dog between his knees."" Thomas Hughes, best known for his novel Tom Brown's School Days (1857), was born in 1822 and died in 1896. Return to the table of contents. Story",Ireland,,Ireland,type1430.html
1430,Air Castles,Air Castles,Denmark,,Denmark,type1430.html
1430,Air Castles,Great Expectations,Denmark,,Denmark,type1430.html
1430,Air Castles,The Egg,Denmark,,Denmark,type1430.html
1430,Air Castles,The Lad and the Fox,Sweden,,Sweden,type1430.html
1430,Air Castles,The Peasant and the Cucumbers,Leo Tolstoy,,Leo Tolstoy,type1430.html
1430,Air Castles,The Milkmaid and Her Bucket,Ambrose Bierce,,Ambrose Bierce,type1430.html
,Ali Baba and the Forty Thieves,1001 Nights,,,,alibaba.html
,Ali Baba and the Forty Thieves,The Forty Thieves,Retold by Andrew Lang,,Retold by Andrew Lang,alibaba.html
,Ali Baba and the Forty Thieves,Ali Baba and the Forty Thieves,Translated by Richard F. Burton,,Translated by Richard F. Burton,alibaba.html
,"Amleth, Prince of Denmark",From the Gesta Danorum of Saxo Grammaticus,,,,amleth.html
,"Amleth, Prince of Denmark","Amleth, Prince of Denmark",,,,amleth.html
156,Androcles and the Lion,Androcles,Aesop,,Aesop,type0156.html
156,Androcles and the Lion,The Slave and the Lion,Aesop,,Aesop,type0156.html
156,Androcles and the Lion,Androcles and the Lion,Joseph Jacobs,,Joseph Jacobs,type0156.html
156,Androcles and the Lion,The Lion and the Saint,Andrew Lang,,Andrew Lang,type0156.html
156,Androcles and the Lion,Of the Remembrance of Benefits,Gesta Romanorum,,Gesta Romanorum,type0156.html
156,Androcles and the Lion,The Lion and the Thorn,Ambrose Bierce,,Ambrose Bierce,type0156.html
,Animal Brides and Animal Bridegrooms,Tales Told by North American Indians,,,,animalindian.html
,Animal Brides and Animal Bridegrooms,The Bear Who Married a Woman,Tsimshian,,Tsimshian,animalindian.html
,Animal Brides and Animal Bridegrooms,The Girl Who Married the Crow,Thompson,Ntlakyapamuk,Thompson (Ntlakyapamuk),animalindian.html
,Animal Brides and Animal Bridegrooms,The Woman Who Became a Horse,Thompson,Ntlakyapamuk,Thompson (Ntlakyapamuk),animalindian.html
,Animal Brides and Animal Bridegrooms,The Woman Who Became a Horse,Skidi Pawnee,,Skidi Pawnee,animalindian.html
,Animal Brides and Animal Bridegrooms,The Bear Woman,Okanagon,,Okanagon,animalindian.html
,Animal Brides and Animal Bridegrooms,The Fish-Man,Salish,,Salish,animalindian.html
,Animal Brides and Animal Bridegrooms,The Man Who Married a Bear,Nez Percé,,Nez Percé,animalindian.html
,Animal Brides and Animal Bridegrooms,Of the Woman Who Loved a Serpent Who Lived in a Lake,Passamaquoddy,,Passamaquoddy,animalindian.html
280A,The Ant and the Grasshopper,"The Fable of the Ant and of the Sygalle [Cigala, Grasshopper]",Aesop,"Caxton, 1484","Aesop (Caxton, 1484)",type0280a.html
280A,The Ant and the Grasshopper,An Ant and a Grasshopper,Anianus,"L'Estrange, 1692","Anianus (L'Estrange, 1692)",type0280a.html
280A,The Ant and the Grasshopper,An Ant Formerly a Man,Aesop,"L'Estrange, 1692","Aesop (L'Estrange, 1692)",type0280a.html
280A,The Ant and the Grasshopper,The Ant and the Grasshopper,Aesop,"Croxall, 1775","Aesop (Croxall, 1775)",type0280a.html
280A,The Ant and the Grasshopper,The Ant and the Grasshopper,Aesop,"Bewick, 1818","Aesop (Bewick, 1818)",type0280a.html
280A,The Ant and the Grasshopper,The Ant and the Grasshopper,"Aesop, James, 1848",,"Aesop, James, 1848",type0280a.html
280A,The Ant and the Grasshopper,The Ant and the Grasshopper,Aesop,"Jacobs, 1894","Aesop (Jacobs, 1894)",type0280a.html
280A,The Ant and the Grasshopper,The Grasshopper and the Ants,Aesop,"Jones, 1912","Aesop (Jones, 1912)",type0280a.html
280A,The Ant and the Grasshopper,The Grasshopper and the Ant,Jean de La Fontaine,,Jean de La Fontaine,type0280a.html
280A,The Ant and the Grasshopper,The Grasshopper and the Ant,Ambrose Bierce,,Ambrose Bierce,type0280a.html
280A,The Ant and the Grasshopper,The Ants and the Grasshopper,Ambrose Bierce,,Ambrose Bierce,type0280a.html
280A,The Ant and the Grasshopper,The Story of the Little Red Hen,"Children's Story, USA",,"Children's Story, USA",type0280a.html
,"Arthur, Legendary King of Britain",Editions used:,,,,arthur.html
,"Arthur, Legendary King of Britain",Arthur's Conception and Birth,Geoffrey of Monmouth,,Geoffrey of Monmouth,arthur.html
,"Arthur, Legendary King of Britain","Alfred, Lord Tennyson",,,,arthur.html
,"Arthur, Legendary King of Britain",Arthur Is Chosen King,Sir Thomas Malory,,Sir Thomas Malory,arthur.html
,"Arthur, Legendary King of Britain",Arthur Gets the Sword Excalibur from the Lady of the Lake,Sir Thomas Malory,,Sir Thomas Malory,arthur.html
,"Arthur, Legendary King of Britain",Arthur Marries Guinevere,The Account of Geoffrey of Monmouth,,The Account of Geoffrey of Monmouth,arthur.html
,"Arthur, Legendary King of Britain",The Account of Sir Thomas Malory,,,,arthur.html
,"Arthur, Legendary King of Britain",Arthur Kills a Giant at Mont-Saint-Michel,Geoffrey of Monmouth,,Geoffrey of Monmouth,arthur.html
,"Arthur, Legendary King of Britain",Mordred's Treachery.,The Account of Geoffrey of Monmouth,,The Account of Geoffrey of Monmouth,arthur.html
,"Arthur, Legendary King of Britain",Arthur's Death,The Account of Geoffrey of Monmouth,,The Account of Geoffrey of Monmouth,arthur.html
,Bald Stories,A Man and Two Wives,Aesop,,Aesop,bald.html
,Bald Stories,The Man and His Two Wives,Aesop,,Aesop,bald.html
,Bald Stories,The Middle-Aged Man between Two Ages and His Two Mistresses,Jean de La Fontaine,,Jean de La Fontaine,bald.html
,Bald Stories,A Horse-Man's Wig Blown Off,Avianus,,Avianus,bald.html
,Bald Stories,The Bald Man and the Fly,Aesop,,Aesop,bald.html
,Bald Stories,"The Pedant, the Bald Man, and the Barber",Europe,,Europe,bald.html
,Bald Stories,The Foolish Bald Man and the Fool Who Pelted Him,India,,India,bald.html
,Bald Stories,The Bald Man and the Hair-Restorer,India,,India,bald.html
,Bald Stories,How Saint Peter Lost His Hair,Germany,,Germany,bald.html
,Bald Stories,Old Hanrahan,Ireland,,Ireland,bald.html
,Bald Stories,How Come Mr. Buzzard to Have a Bald Head,African-American,,African-American,bald.html
1161,The Bear Trainer and His Cat,Peer Gynt and the Trolls,Norway,,Norway,type1161.html
1161,The Bear Trainer and His Cat,The Cat on the Dovrefjell,Norway,,Norway,type1161.html
1161,The Bear Trainer and His Cat,The Cat of Norrhult,Sweden,,Sweden,type1161.html
1161,The Bear Trainer and His Cat,The Troll and the Bear,Norway,,Norway,type1161.html
1161,The Bear Trainer and His Cat,The Kobold and the Polar Bear,Germany,,Germany,type1161.html
1161,The Bear Trainer and His Cat,The Cat Mill,Germany,,Germany,type1161.html
1161,The Bear Trainer and His Cat,The Water Nix in the Oil Mill near Frauendorf,Germany,,Germany,type1161.html
1161,The Bear Trainer and His Cat,The Water-Man,Moravia,,Moravia,type1161.html
1161,The Bear Trainer and His Cat,The Kelpie and the Boar,Scotland,,Scotland,type1161.html
361,Bearskin,and other folktales of type 361,,,,type0361.html
361,Bearskin,Bearskin,Hans Jakob Christoph von Grimmelshausen,,Hans Jakob Christoph von Grimmelshausen,type0361.html
361,Bearskin,Devil Greenjacket,Germany,,Germany,type0361.html
361,Bearskin,Bearskin,Jacob and Wilhelm Grimm,,Jacob and Wilhelm Grimm,type0361.html
361,Bearskin,Go to the Devil,Germany,Lower Lusatia,Germany (Lower Lusatia),type0361.html
361,Bearskin,The Devil as Partner,Switzerland,,Switzerland,type0361.html
361,Bearskin,Hell's Gatekeeper,Austria,,Austria,type0361.html
361,Bearskin,Two for One,Italy,,Italy,type0361.html
361,Bearskin,The Bear Man,Denmark,,Denmark,type0361.html
361,Bearskin,Never-Wash,Russia,,Russia,type0361.html
361,Bearskin,Don Giovanni de la Fortuna,Sicily,,Sicily,type0361.html
361,Bearskin,The Reward of Kindness,Philippines,,Philippines,type0361.html
361,Bearskin,The King's Tabernacle,Wales,,Wales,type0361.html
425C,Beauty and the Beast,Beauty and the Beast,Joseph Jacobs,,Joseph Jacobs,type0425c.html
425C,Beauty and the Beast,The Small-Tooth Dog,England,,England,type0425c.html
425C,Beauty and the Beast,Rose,Irish-American,,Irish-American,type0425c.html
425C,Beauty and the Beast,The Summer and Winter Garden,Jacob and Wilhelm Grimm,,Jacob and Wilhelm Grimm,type0425c.html
425C,Beauty and the Beast,The Clinking Clanking Lowesleaf,Germany,,Germany,type0425c.html
425C,Beauty and the Beast,The Little Nut Twig,Germany,,Germany,type0425c.html
425C,Beauty and the Beast,Little Broomstick,Germany,,Germany,type0425c.html
425C,Beauty and the Beast,Beauty and the Horse,Denmark,,Denmark,type0425c.html
425C,Beauty and the Beast,The Singing Rose,Austria,,Austria,type0425c.html
425C,Beauty and the Beast,The Bear Prince,Switzerland,,Switzerland,type0425c.html
425C,Beauty and the Beast,Beauty and the Beast,Basque,,Basque,type0425c.html
425C,Beauty and the Beast,Zelinda and the Monster,Italy,,Italy,type0425c.html
425C,Beauty and the Beast,The Snake-Prince,Greece,,Greece,type0425c.html
425C,Beauty and the Beast,The Enchanted Tsarévich,Russia,,Russia,type0425c.html
425C,Beauty and the Beast,The Fairy Serpent,China,,China,type0425c.html
425C,Beauty and the Beast,Additional tales about animal brides and bridegrooms,,,,type0425c.html
425C,Beauty and the Beast,External sites,,,,type0425c.html
207C,The Bell of Justice,"Of the Vicissitude of Everything Good, and Especially of a Right Justice",Gesta Romanorum,,Gesta Romanorum,type0207c.html
207C,The Bell of Justice,Application,,,,type0207c.html
207C,The Bell of Justice,The Emperor Charlemagne and the Serpent,Switzerland,,Switzerland,type0207c.html
207C,The Bell of Justice,The Bell of Atri,Henry Wadsworth Longfellow,,Henry Wadsworth Longfellow,type0207c.html
207C,The Bell of Justice,The Dumb Plaintiff,Germany,,Germany,type0207c.html
7070,Sunken Bells,Bomere Pool (1),Shropshire,,Shropshire,type7070.html
7070,Sunken Bells,Bomere Pool (2),Shropshire,,Shropshire,type7070.html
7070,Sunken Bells,Kentsham Bell,Herefordshire,,Herefordshire,type7070.html
7070,Sunken Bells,The Mermaid of Marden,Herefordshire,,Herefordshire,type7070.html
7070,Sunken Bells,The Bells of Forrabury Church,Cornwall,,Cornwall,type7070.html
7070,Sunken Bells,The Bosham Bell,Sussex,,Sussex,type7070.html
7070,Sunken Bells,The Whitby Abbey Bells,England,,England,type7070.html
7070,Sunken Bells,Whitby: Submarine Bells,Yorkshire,,Yorkshire,type7070.html
7070,Sunken Bells,The Buried Chime,Susan K. Phillips,,Susan K. Phillips,type7070.html
7070,Sunken Bells,A Legend of Semerwater,North Yorkshire,,North Yorkshire,type7070.html
7070,Sunken Bells,Simmerwater [Semerwater],Yorkshire,,Yorkshire,type7070.html
7070,Sunken Bells,The Bells of Brinkburn (1),Northumberland,,Northumberland,type7070.html
7070,Sunken Bells,The Bells of Brinkburn (2),Northumberland,,Northumberland,type7070.html
7070,Sunken Bells,Rostherne Mere,Cheshire,,Cheshire,type7070.html
7070,Sunken Bells,A Legend of Rostherne Mere,Egerton Leigh,,Egerton Leigh,type7070.html
7070,Sunken Bells,The Sunken City,Austria / Italy,,Austria / Italy,type7070.html
7070,Sunken Bells,The Sunken Bell in Lake Wörthersee,Austria,,Austria,type7070.html
7070,Sunken Bells,The Wishing Bell of Bled,Slovenia,,Slovenia,type7070.html
7070,Sunken Bells,The Legend of the Sunken Bell,Slovenia,,Slovenia,type7070.html
7070,Sunken Bells,The Legend of Bled Castle,Slovenia,,Slovenia,type7070.html
,Beowulf,Prologue,,,,beowulf.html
,Beowulf,Part One: Beowulf and Grendel,1,,1,beowulf.html
,Beowulf,Part Two: Grendel's Mother,19,,19,beowulf.html
,Beowulf,28-30,,,,beowulf.html
,Beowulf,Part Three: Beowulf and the Dragon,32,,32,beowulf.html
,Beowulf,34-35,,,,beowulf.html
,Beowulf,40-41,,,,beowulf.html
,Big Peter and Little Peter,Norway,,,,norway133.html
150,The Bird's Three Precepts,Of Hearing Good Counsel,Gesta Romanorum,,Gesta Romanorum,type0150.html
150,The Bird's Three Precepts,The Three Proverbs,Poland,,Poland,type0150.html
850,The Birthmarks of the Princess,The Swineherd Who Married a Princess,Europe,,Europe,type0850.html
850,The Birthmarks of the Princess,Three Little Red Pigs,Denmark,,Denmark,type0850.html
850,The Birthmarks of the Princess,The Princess's Birthmarks,Denmark,,Denmark,type0850.html
850,The Birthmarks of the Princess,The Pig-Boy and the Princess,"Germany, Wilhelm Busch",,"Germany, Wilhelm Busch",type0850.html
850,The Birthmarks of the Princess,The Nobleman's Daughter and the Shepherd,Germany,,Germany,type0850.html
850,The Birthmarks of the Princess,Three Golden Hairs,Wendish,,Wendish,type0850.html
850,The Birthmarks of the Princess,Many Things Can Be Achieved through Beautiful Clothes,Slavic,,Slavic,type0850.html
850,The Birthmarks of the Princess,The Emperor's Daughter and the Swineherd,Slavic,,Slavic,type0850.html
850,The Birthmarks of the Princess,The Shepherd and the King's Daughter,Serbia,,Serbia,type0850.html
850,The Birthmarks of the Princess,The Enchanted Lambs,Russia,,Russia,type0850.html
850,The Birthmarks of the Princess,The Youngest Prince and the Youngest Princess,Hungary,,Hungary,type0850.html
850,The Birthmarks of the Princess,The Rivals,Bukovina,,Bukovina,type0850.html
850,The Birthmarks of the Princess,Dshahan and the Three Pigs,Malta,,Malta,type0850.html
850,The Birthmarks of the Princess,The Pearl Queen,"Germany, Ludwig Bechstein",,"Germany, Ludwig Bechstein",type0850.html
850,The Birthmarks of the Princess,The Swineherd,Hans Christian Andersen,,Hans Christian Andersen,type0850.html
850,The Birthmarks of the Princess,Additional type 850 tales,"Copyrighted stories, not in the public domain",,"Copyrighted stories, not in the public domain",type0850.html
3000,The Black School,The Black School,Iceland,,Iceland,type3000.html
3000,The Black School,Black Airt,Scotland,,Scotland,type3000.html
1317,The Blind Men and the Elephant,The Blind Men and the Elephant,The Udāna,,The Udāna,type1317.html
1317,The Blind Men and the Elephant,On the Blind Men and the Affair of the Elephant,"Sanai, The Enclosed Garden of the Truth",,"Sanai, The Enclosed Garden of the Truth",type1317.html
1317,The Blind Men and the Elephant,All Faiths Lead to God: Four Blind Men and an Elephant,Ramakrishna,,Ramakrishna,type1317.html
1317,The Blind Men and the Elephant,The Blind Men and the Elephant: A Hindoo Fable,John Godfrey Saxe,,John Godfrey Saxe,type1317.html
1317,The Blind Men and the Elephant,The King and the Elephants,Leo Tolstoy,,Leo Tolstoy,type1317.html
,The Blue Light,Jacob and Wilhelm Grimm,,,,grimm116a.html
562,The Blue Light,The Blue Light,Jacob and Wilhelm Grimm,,Jacob and Wilhelm Grimm,type0562.html
562,The Blue Light,The Deserter with the Tinderbox,Austria,,Austria,type0562.html
562,The Blue Light,The Iron Man,Germany,,Germany,type0562.html
562,The Blue Light,The Three Dogs,"Germany, Georg Schambach and Wilhelm Müller",,"Germany, Georg Schambach and Wilhelm Müller",type0562.html
562,The Blue Light,The Soldier and the Tinderbox,Germany,,Germany,type0562.html
562,The Blue Light,The Giants and the Tinderbox,Germany,,Germany,type0562.html
562,The Blue Light,The Transverse Flute,Germany,,Germany,type0562.html
562,The Blue Light,The Tinderbox,"Denmark, Hans Christian Andersen",,"Denmark, Hans Christian Andersen",type0562.html
562,The Blue Light,"Lars, My Lad!","Sweden, G. Djurklo",,"Sweden, G. Djurklo",type0562.html
562,The Blue Light,Sir Buzz,India,,India,type0562.html
312,Bluebeard,Bluebeard,Charles Perrault,,Charles Perrault,type0312.html
312,Bluebeard,Bluebeard: A Legend from Auvergne (Cantal),France,,France,type0312.html
312,Bluebeard,King Bluebeard,Germany,,Germany,type0312.html
312,Bluebeard,Knight Goldbeard,Switzerland,,Switzerland,type0312.html
312,Bluebeard,Don Firriulieddu,Italy,,Italy,type0312.html
312,Bluebeard,The Little Boy and His Dogs,"African American, Joel Chandler Harris",,"African American, Joel Chandler Harris",type0312.html
312,Bluebeard,Blue-Beard,"North Carolina, USA",,"North Carolina, USA",type0312.html
312,Bluebeard,The Chosen Suitor,"Antigua, British West Indies",,"Antigua, British West Indies",type0312.html
312,Bluebeard,Man-Snake as Bridegroom,Jamaica,,Jamaica,type0312.html
312,Bluebeard,The Brahman Girl That Married a Tiger,India,,India,type0312.html
,The Blue Belt,"Norway, Peter Christen Asbjørnsen and Jørgen Moe",,,,bluebelt.html
1678,The Boy Who Had Never Seen a Woman,Boccaccio's Story of Filippo Balducci and His Son,,,,type1678.html
1678,The Boy Who Had Never Seen a Woman,Filippo Balducci and His Son,Giovanni Boccaccio,,Giovanni Boccaccio,type1678.html
1678,The Boy Who Had Never Seen a Woman,An Inexperienced Youth,"Italy, The Facetiæ of Poggio",,"Italy, The Facetiæ of Poggio",type1678.html
1678,The Boy Who Had Never Seen a Woman,A Young Monk Wanted to Have a Goose,Germany,,Germany,type1678.html
920E,The Three-Ring Parable,Melchizedek Avoids a Trap,Giovanni Boccaccio,,Giovanni Boccaccio,type0920e.html
920E,The Three-Ring Parable,Of the Triple State of the World,Gesta Romanorum,,Gesta Romanorum,type0920e.html
920E,The Three-Ring Parable,The Parable of the Three Rings,Gotthold Ephraim Lessing,,Gotthold Ephraim Lessing,type0920e.html
,Griselda,Giovanni Boccaccio,,,,griselda.html
,Bogeymen / Boogeymen,Dictionary Definitions,"Samuel Johnson, A Dictionary of the English Language",1755,"Samuel Johnson, A Dictionary of the English Language (1755)",bogey.html
,Bogeymen / Boogeymen,Oxford English Dictionary,1971,,,bogey.html
,Bogeymen / Boogeymen,"Webster's New International Dictionary of the English Language, 2nd edition",1947,,,bogey.html
,Bogeymen / Boogeymen,Webster's Third New International Dictionary of the English Language,1947,,,bogey.html
,Bogeymen / Boogeymen,"Funk and Wagnalls Standard Dictionary of Folklore, Mythology, and Legend",1984,,,bogey.html
,Bogeymen / Boogeymen,Of Vaine Apparitions,England,,England,bogey.html
,Bogeymen / Boogeymen,Imaginary Monsters,England,,England,bogey.html
,Bogeymen / Boogeymen,Goblin Names,England,,England,bogey.html
,Bogeymen / Boogeymen,Raw Head and Bloody Bones,England,,England,bogey.html
,Bogeymen / Boogeymen,Peg Powler,England,,England,bogey.html
,Bogeymen / Boogeymen,Menschikoff,England,,England,bogey.html
,Bogeymen / Boogeymen,The Bogey Man,England,,England,bogey.html
,Bogeymen / Boogeymen,Mr. Miacca,England,,England,bogey.html
,Bogeymen / Boogeymen,The Fairies,Ireland,,Ireland,bogey.html
,Bogeymen / Boogeymen,A Rhyme We Say While Skipping,Ireland,,Ireland,bogey.html
,Bogeymen / Boogeymen,The Night Huntsman,Germany,,Germany,bogey.html
,Bogeymen / Boogeymen,The Rye-Mother,Germany,,Germany,bogey.html
,Bogeymen / Boogeymen,Frau Trude,Germany,,Germany,bogey.html
,Bogeymen / Boogeymen,Mother Hinne's Parlor,Germany,,Germany,bogey.html
,Bogeymen / Boogeymen,Frightening Children,Germany,,Germany,bogey.html
,Bogeymen / Boogeymen,Butzemann,"Germany, Achim von Arnim and Clemens Brentano",,"Germany, Achim von Arnim and Clemens Brentano",bogey.html
,Bogeymen / Boogeymen,Krampus-Chains,Austria,,Austria,bogey.html
,Bogeymen / Boogeymen,The Krampus,Austria,,Austria,bogey.html
,Bogeymen / Boogeymen,The Krampus und Saint Nicholaus,"A Christmastime Play Performed in Steyr, Austria",,"A Christmastime Play Performed in Steyr, Austria",bogey.html
,Bogeymen / Boogeymen,The Devil Takes a Child,Austria,,Austria,bogey.html
,Bogeymen / Boogeymen,The Hard-Hearted Father,Austria,,Austria,bogey.html
,Breaking Wind: Legendary Farts,The Historic Fart,1001 Nights,,1001 Nights,fart.html
,Breaking Wind: Legendary Farts,The Hodja as Envoy to the Kurds,Turkey,,Turkey,fart.html
,Breaking Wind: Legendary Farts,How Till Eulenspiegel Became a Furrier's Apprentice,Germany,,Germany,fart.html
,Breaking Wind: Legendary Farts,Till Eulenspiegel and the Innkeeper at Cologne,Germany,,Germany,fart.html
1451,Bride Tests,The Hurds,Germany,,Germany,type1451.html
1451,Bride Tests,Choosing a Bride,Germany,Swabia,Germany (Swabia),type1451.html
1451,Bride Tests,The Cheese Test,Switzerland,,Switzerland,type1451.html
1451,Bride Tests,The Storehouse Key in the Distaff,Norway,,Norway,type1451.html
1451,Bride Tests,The Suitor,Denmark,,Denmark,type1451.html
451,The Brothers Who Were Turned into Birds,The Seven Doves,"Italy, Giambattista Basile",,"Italy, Giambattista Basile",type0451.html
451,The Brothers Who Were Turned into Birds,The Curse of the Seven Children,Italy,,Italy,type0451.html
451,The Brothers Who Were Turned into Birds,The Bewitched Brothers,Romania,,Romania,type0451.html
451,The Brothers Who Were Turned into Birds,The Twelve Brothers,Germany,,Germany,type0451.html
451,The Brothers Who Were Turned into Birds,The Seven Ravens,Germany,,Germany,type0451.html
451,The Brothers Who Were Turned into Birds,The Six Swans,Germany,,Germany,type0451.html
451,The Brothers Who Were Turned into Birds,The Twelve Wild Ducks,Norway,,Norway,type0451.html
451,The Brothers Who Were Turned into Birds,The Little Sister: The Story of Suyettar and the Nine Brothers,Finland,,Finland,type0451.html
451,The Brothers Who Were Turned into Birds,The Twelve Wild Geese,Ireland,,Ireland,type0451.html
451,The Brothers Who Were Turned into Birds,The Sister and Her Seven Brothers,Basque,,Basque,type0451.html
,Things That Go Bump in the Night,Scottish Prayer,Traditional,,Traditional,bump.html
,Things That Go Bump in the Night,When the Whole Earth Was Overrun with Ghosts,England,,England,bump.html
,Cain and Abel,Cain and Abel,"The First Book of Moses, called Genesis",,"The First Book of Moses, called Genesis",cain.html
,Cain and Abel,The Story of the Two Sons of Adam,The Quran,,The Quran,cain.html
,Cain and Abel,Cain and Abel,Jewish Legend,,Jewish Legend,cain.html
,Cain and Abel,The Birth of Cain,,,,cain.html
,Cain and Abel,Fratricide,,,,cain.html
,Cain and Abel,The Punishment of Cain,,,,cain.html
,Cain and Abel,Kabil and Habil,Palestine,,Palestine,cain.html
,Cain and Abel,Cain and Abel,Turkey,,Turkey,cain.html
,Cain and Abel,Cain and Abel,Turkey,Armenian,Turkey (Armenian),cain.html
,Cain and Abel,Abel and Cain,Italy,,Italy,cain.html
,Cain and Abel,The First Grave,Poland,,Poland,cain.html
,Cain and Abel,The Treasures of Cain,Romania,,Romania,cain.html
,The Place Where There Were No Graves,The Place Where There Were No Graves,Egypt,,Egypt,nograves.html
,The Place Where There Were No Graves,The Country Where Death Is Not,Sudan,,Sudan,nograves.html
333A,Cattarinetta,Cattarinetta,Italy,,Italy,type0333a.html
,Censorship in Folklore,Tales not fit for print,,,,censor.html
,Censorship in Folklore,Counter examples,The Grimm Brothers,,The Grimm Brothers,censor.html
,Censorship in Folklore,Aleksandr Afanasyev,,,,censor.html
,Censorship in Folklore,The late twentieth century,,,,censor.html
2022,Mourning the Death of a Spouse,Little Louse and Little Flea,Germany,,Germany,type2022.html
2022,Mourning the Death of a Spouse,Titty Mouse and Tatty Mouse,England,,England,type2022.html
2022,Mourning the Death of a Spouse,The Cock Who Fell into the Brewing Vat,Norway,,Norway,type2022.html
2022,Mourning the Death of a Spouse,The Cat and the Mouse,Italy,,Italy,type2022.html
2022,Mourning the Death of a Spouse,The Death and Burial of Poor Hen-Sparrow,Pakistan,,Pakistan,type2022.html
2025,The Runaway Pancake,The Pancake,Norway,,Norway,type2025.html
2025,The Runaway Pancake,The Runaway Pancake,Germany,,Germany,type2025.html
2025,The Runaway Pancake,"The Thick, Fat Pancake",Germany,,Germany,type2025.html
2025,The Runaway Pancake,Dathera Dad,England,,England,type2025.html
2025,The Runaway Pancake,The Wonderful Cake,Ireland,,Ireland,type2025.html
2025,The Runaway Pancake,The Wee Bunnock,Scotland,,Scotland,type2025.html
2025,The Runaway Pancake,The Wee Bannock,Scotland,,Scotland,type2025.html
2025,The Runaway Pancake,The Fox and the Little Bonnach,Scotland,,Scotland,type2025.html
2025,The Runaway Pancake,The Gingerbread Boy,USA,,USA,type2025.html
2025,The Runaway Pancake,Johnny-Cake,USA,,USA,type2025.html
2025,The Runaway Pancake,The Little Cakeen,USA,,USA,type2025.html
2025,The Runaway Pancake,The Devil in the Dough-Pan,Russia,,Russia,type2025.html
2030,The Old Woman and Her Pig,The Old Woman and Her Pig,England,,England,type2030.html
2030,The Old Woman and Her Pig,Moorachug and Meenachug,Scotland,,Scotland,type2030.html
2030,The Old Woman and Her Pig,The Wife and Her Bush of Berries,Scotland,,Scotland,type2030.html
2030,The Old Woman and Her Pig,The Wifie an Her Kidie,Scotland,,Scotland,type2030.html
2030,The Old Woman and Her Pig,Nanny Who Wouldn't Go Home to Supper,Norway,,Norway,type2030.html
2031C,The Mouse Who Was to Marry the Sun,The Transformed Mouse Seeks a Bridegroom,India,The Panchatantra,India (The Panchatantra),type2031c.html
2031C,The Mouse Who Was to Marry the Sun,A Story on Caste,India,,India,type2031c.html
2031C,The Mouse Who Was to Marry the Sun,The Rats and Their Daughter,Japan,,Japan,type2031c.html
2031C,The Mouse Who Was to Marry the Sun,A Bridegroom for Miss Mole,Korea,,Korea,type2031c.html
2031C,The Mouse Who Was to Marry the Sun,The Most Powerful Husband in the World,French North Africa,,French North Africa,type2031c.html
2031C,The Mouse Who Was to Marry the Sun,The Vole Who Sought a Wife,Marie de France,,Marie de France,type2031c.html
2031C,The Mouse Who Was to Marry the Sun,The Mouse Metamorphosed into a Maid,Jean de La Fontaine,,Jean de La Fontaine,type2031c.html
2031C,The Mouse Who Was to Marry the Sun,The Story of the Rat and Her Journey to God,Romania,,Romania,type2031c.html
2032,The Cock and the Mouse and The Sexton's Nose,The Cock and the Mouse,Italy,,Italy,type2032.html
2032,The Cock and the Mouse and The Sexton's Nose,The Sexton's Nose,Italy,,Italy,type2032.html
2033,The End of the World,The Sky Is Falling,,,,type2033.html
2033,The End of the World,The Timid Hare and the Flight of the Beasts,India,,India,type2033.html
2033,The End of the World,The Flight of the Beasts,Tibet,,Tibet,type2033.html
2033,The End of the World,The Hares and the Frogs,Aesop,,Aesop,type2033.html
2033,The End of the World,The Application,,,,type2033.html
2033,The End of the World,Application,,,,type2033.html
2033,The End of the World,The Story of Chicken-Licken,England,,England,type2033.html
2033,The End of the World,Henny-Penny and Her Fellow Travelers,Scotland,,Scotland,type2033.html
2033,The End of the World,Chickie Birdie,Scotland,,Scotland,type2033.html
2033,The End of the World,Henny-Penny,England/Australia,,England/Australia,type2033.html
2033,The End of the World,The End of the World,Ireland,,Ireland,type2033.html
2033,The End of the World,The Hen That Went to Dovrefjell to Keep the Whole World from Coming to an End,Norway,,Norway,type2033.html
2033,The End of the World,The Little Chicken Kluk and His Companions,Denmark,,Denmark,type2033.html
2033,The End of the World,The End of the World,Flanders,,Flanders,type2033.html
2033,The End of the World,The Dumb Little Animals,Alsace,Germany / France,Alsace (Germany / France),type2033.html
2033,The End of the World,Brother Rabbit Takes Some Exercise,African American,,African American,type2033.html
2034D,The Grain of Corn and The Little Blackbird,The Grain of Corn,India,,India,type2034d.html
2034D,The Grain of Corn and The Little Blackbird,The Little Blackbird,India,,India,type2034d.html
2043,What Have You Got There?,What Have You Got There?,England,,England,type2043.html
2043,What Have You Got There?,Club Fist,USA,,USA,type2043.html
,Changelings,The legends,,,,changeling.html
,Changelings,A living superstition,,,,changeling.html
,Changelings,The legend genre,,,,changeling.html
,Changelings,Martin Luther on changelings,,,,changeling.html
,Changelings,Shared responsibility,,,,changeling.html
,Changelings,Justifying infanticide,,,,changeling.html
,Changelings,Brewing in eggshells,,,,changeling.html
,Changelings,Other protective measures,,,,changeling.html
,Changelings,Working mothers,,,,changeling.html
,Changelings,Gender bias,,,,changeling.html
,Changelings,Organized religion,,,,changeling.html
,Changelings,The stolen child's perspective,,,,changeling.html
,Changelings,Selma Lagerlöf,,,,changeling.html
,Changelings,Conclusion,,,,changeling.html
,Changelings,Footnotes,,,,changeling.html
,Changelings,Additional notes and links,,,,changeling.html
,The Changeling,James Russell Lowell,,,,lowell.html
,Folklore Ballads of John Greenleaf Whittier,The Norsemen,"From ""Narrative and Legendary Poems"" by John Greenleaf Whittier",,"From ""Narrative and Legendary Poems"" by John Greenleaf Whittier",whittier.html
,Folklore Ballads of John Greenleaf Whittier,The Brown Dwarf of Rügen,"From ""Narrative and Legendary Poems"" by John Greenleaf Whittier",,"From ""Narrative and Legendary Poems"" by John Greenleaf Whittier",whittier.html
,Folklore Ballads of John Greenleaf Whittier,The Changeling,"From ""The Tent on the Beach"" by John Greenleaf Whittier",,"From ""The Tent on the Beach"" by John Greenleaf Whittier",whittier.html
,Folklore Ballads of John Greenleaf Whittier,Kallundborg Church,"From ""The Tent on the Beach"" by John Greenleaf Whittier",,"From ""The Tent on the Beach"" by John Greenleaf Whittier",whittier.html
,Changeling Legends from the British Isles and Ireland,The Changeling,Thomas Keightley,,Thomas Keightley,britchange.html
,Changeling Legends from the British Isles and Ireland,Scottish Changelings,"Sir Walter Scott, ""On the Fairies of Popular Superstition""",,"Sir Walter Scott, ""On the Fairies of Popular Superstition""",britchange.html
,Changeling Legends from the British Isles and Ireland,The Smith and the Fairies,"J. F. Campbell, Popular Tales of the West Highlands",,"J. F. Campbell, Popular Tales of the West Highlands",britchange.html
,Changeling Legends from the British Isles and Ireland,"How to Find Out a ""Fairy Changeling""","Walter Gregor, Notes on the Folk-Lore of the North-East of Scotland",,"Walter Gregor, Notes on the Folk-Lore of the North-East of Scotland",britchange.html
,Changeling Legends from the British Isles and Ireland,The Fair Folk,"Walter Gregor, Notes on the Folk-Lore of the North-East of Scotland",,"Walter Gregor, Notes on the Folk-Lore of the North-East of Scotland",britchange.html
,Changeling Legends from the British Isles and Ireland,Torr-a-Bhuilg,"James MacDougall, Folk Tales and Fairy Lore in Gaelic and English",,"James MacDougall, Folk Tales and Fairy Lore in Gaelic and English",britchange.html
,Changeling Legends from the British Isles and Ireland,The Fairy of Corrie Osben and the Tailor,"James MacDougall, Folk Tales and Fairy Lore in Gaelic and English",,"James MacDougall, Folk Tales and Fairy Lore in Gaelic and English",britchange.html
,Changeling Legends from the British Isles and Ireland,The Glengarry Fairy,"James MacDougall, Folk Tales and Fairy Lore in Gaelic and English",,"James MacDougall, Folk Tales and Fairy Lore in Gaelic and English",britchange.html
,Changeling Legends from the British Isles and Ireland,The Kintalen Changeling,"James MacDougall, Folk Tales and Fairy Lore in Gaelic and English",,"James MacDougall, Folk Tales and Fairy Lore in Gaelic and English",britchange.html
,Changeling Legends from the British Isles and Ireland,The Red-Haired Tailor of Rannoch and the Fairy,"James MacDougall, Folk Tales and Fairy Lore in Gaelic and English",,"James MacDougall, Folk Tales and Fairy Lore in Gaelic and English",britchange.html
,Changeling Legends from the British Isles and Ireland,The Trows Steal a Child,"G. F. Black, Examples of Printed Folk-Lore Concerning the Orkney & Shetland Islands",,"G. F. Black, Examples of Printed Folk-Lore Concerning the Orkney & Shetland Islands",britchange.html
,Changeling Legends from the British Isles and Ireland,Mind the Crooked Finger,"J. G. Ollason, Shetland Islands",,"J. G. Ollason, Shetland Islands",britchange.html
,Changeling Legends from the British Isles and Ireland,"The Trows, the Tailor, and the Idiot Child",Shetland Islands,,Shetland Islands,britchange.html
,Changeling Legends from the British Isles and Ireland,Danger from Fairies,"William Henderson, Notes of the Folk-Lore of the Northern Counties of England and the Borders",,"William Henderson, Notes of the Folk-Lore of the Northern Counties of England and the Borders",britchange.html
,Changeling Legends from the British Isles and Ireland,Fairy Butter,"Michael Aislabie Denham, The Denham Tracts",,"Michael Aislabie Denham, The Denham Tracts",britchange.html
,Changeling Legends from the British Isles and Ireland,The Fairy Hill's Afire,"Michael Aislabie Denham, The Denham Tracts",,"Michael Aislabie Denham, The Denham Tracts",britchange.html
,Changeling Legends from the British Isles and Ireland,The Piskies' Changeling,"Robert Hunt, Popular Romances of the West of England",,"Robert Hunt, Popular Romances of the West of England",britchange.html
,Changeling Legends from the British Isles and Ireland,Brewery of Eggshells,"Joseph Jacobs, Celtic Fairy Tales",,"Joseph Jacobs, Celtic Fairy Tales",britchange.html
,Changeling Legends from the British Isles and Ireland,The Changeling Twins of Corwrion,"John Rhys, Celtic Folklore",,"John Rhys, Celtic Folklore",britchange.html
,Changeling Legends from the British Isles and Ireland,The Tylwyth Teg Steal a Child,"John Rhys, Celtic Folklore",,"John Rhys, Celtic Folklore",britchange.html
,Changeling Legends from the British Isles and Ireland,Two Manx Changelings,"Sir Walter Scott, ""On the Fairies of Popular Superstition""",,"Sir Walter Scott, ""On the Fairies of Popular Superstition""",britchange.html
,Changeling Legends from the British Isles and Ireland,A Changeling Musician,"W. Y. Evans-Wentz, The Fairy Faith in Celtic Countries",,"W. Y. Evans-Wentz, The Fairy Faith in Celtic Countries",britchange.html
,Changeling Legends from the British Isles and Ireland,A Pisky Changeling,"W. Y. Evans-Wentz, The Fairy Faith in Celtic Countries",,"W. Y. Evans-Wentz, The Fairy Faith in Celtic Countries",britchange.html
,Changeling Legends from the British Isles and Ireland,A Remarkable Changeling Story,"W. Y. Evans-Wentz, The Fairy Faith in Celtic Countries",,"W. Y. Evans-Wentz, The Fairy Faith in Celtic Countries",britchange.html
,Changeling Legends from the British Isles and Ireland,The Fairy Child and the Tailor,"Sophia Morrison, Isle of Man",,"Sophia Morrison, Isle of Man",britchange.html
,Changeling Legends from the British Isles and Ireland,The Changeling,Ireland,,Ireland,britchange.html
,Changeling Legends from the British Isles and Ireland,The Brewery of Eggshells,"T. Crofton Croker, Fairy Legends and Traditions of the South of Ireland",,"T. Crofton Croker, Fairy Legends and Traditions of the South of Ireland",britchange.html
,Changeling Legends from the British Isles and Ireland,Irish Changeling Beliefs,"Thomas Johnson Westropp, ""A Study of Folklore on the Coasts of Connacht, Ireland""",,"Thomas Johnson Westropp, ""A Study of Folklore on the Coasts of Connacht, Ireland""",britchange.html
,German Changeling Legends,How to Protect Your Child,"Jacob Grimm, German Mythology",,"Jacob Grimm, German Mythology",gerchange.html
,German Changeling Legends,The Elves,"Jacob and Wilhelm Grimm, Children's and Household Tales",,"Jacob and Wilhelm Grimm, Children's and Household Tales",gerchange.html
,German Changeling Legends,The Nixie Changelings from the Saal River,"Jacob and Wilhelm Grimm, German Legends",,"Jacob and Wilhelm Grimm, German Legends",gerchange.html
,German Changeling Legends,The Changeling,"Jacob and Wilhelm Grimm, German Legends",,"Jacob and Wilhelm Grimm, German Legends",gerchange.html
,German Changeling Legends,Changelings in the Water,"Jacob and Wilhelm Grimm, German Legends",,"Jacob and Wilhelm Grimm, German Legends",gerchange.html
,German Changeling Legends,A Changeling Is Beaten with a Switch,"Jacob and Wilhelm Grimm, German Legends",,"Jacob and Wilhelm Grimm, German Legends",gerchange.html
,German Changeling Legends,Keeping Watch over Children,"Jacob and Wilhelm Grimm, German Legends",,"Jacob and Wilhelm Grimm, German Legends",gerchange.html
,German Changeling Legends,The Rye-Mother,"Jacob and Wilhelm Grimm, German Legends",,"Jacob and Wilhelm Grimm, German Legends",gerchange.html
,German Changeling Legends,The Two Underground Women,"Jacob and Wilhelm Grimm, German Legends",,"Jacob and Wilhelm Grimm, German Legends",gerchange.html
,German Changeling Legends,The Nickert,"A. Kuhn and W. Schwartz, North German Legends, Tales, and Customs",,"A. Kuhn and W. Schwartz, North German Legends, Tales, and Customs",gerchange.html
,German Changeling Legends,Changeling Beliefs in Altmark,"J. D. H. Temme, Folk Legends from Altmark",,"J. D. H. Temme, Folk Legends from Altmark",gerchange.html
,German Changeling Legends,The Changeling,"Karl Haupt, The Legend Book of Lausitz",,"Karl Haupt, The Legend Book of Lausitz",gerchange.html
,German Changeling Legends,The Dwarf's Confession,"August Ey, Legends and Tales from the Upper Harz",,"August Ey, Legends and Tales from the Upper Harz",gerchange.html
,German Changeling Legends,The Changeling of Plau,"Karl Bartsch, Legends, Tales, and Customs from Mecklenburg",,"Karl Bartsch, Legends, Tales, and Customs from Mecklenburg",gerchange.html
,German Changeling Legends,The Underground People Try to Steal a Child,"Karl Bartsch, Legends, Tales, and Customs from Mecklenburg",,"Karl Bartsch, Legends, Tales, and Customs from Mecklenburg",gerchange.html
,German Changeling Legends,The Changeling of Spornitz,"Karl Bartsch, Legends, Tales, and Customs from Mecklenburg",,"Karl Bartsch, Legends, Tales, and Customs from Mecklenburg",gerchange.html
,German Changeling Legends,The Underground People of Lüth Farm,"Karl Bartsch, Legends, Tales, and Customs from Mecklenburg",,"Karl Bartsch, Legends, Tales, and Customs from Mecklenburg",gerchange.html
,German Changeling Legends,Mecklenburg Changelings,"Karl Bartsch, Legends, Tales, and Customs from Mecklenburg",,"Karl Bartsch, Legends, Tales, and Customs from Mecklenburg",gerchange.html
,German Changeling Legends,The Underground People Steal a Child,"Karl Bartsch, Legends, Tales, and Customs from Mecklenburg",,"Karl Bartsch, Legends, Tales, and Customs from Mecklenburg",gerchange.html
,German Changeling Legends,The Changeling,"Johann August Ernst Köhler, Legend Book of Erzgebirge",,"Johann August Ernst Köhler, Legend Book of Erzgebirge",gerchange.html
,German Changeling Legends,Table Talks on Changelings,Martin Luther,,Martin Luther,gerchange.html
,German Changeling Legends,The Story of a Changeling at Dessau,,,,gerchange.html
,German Changeling Legends,Changelings from the Devil,,,,gerchange.html
,German Changeling Legends,The Killcrop of Halberstadt,,,,gerchange.html
,German Changeling Legends,The Changeling of Cüstrinichen,"J. G. Th. Grässe, Legend Book of the Prussian State",,"J. G. Th. Grässe, Legend Book of the Prussian State",gerchange.html
,German Changeling Legends,The Underground People of Amrum,"J. G. Th. Grässe, Legend Book of the Prussian State",,"J. G. Th. Grässe, Legend Book of the Prussian State",gerchange.html
,German Changeling Legends,The Underground People at Lüttensee,"J. G. Th. Grässe, Legend Book of the Prussian State",,"J. G. Th. Grässe, Legend Book of the Prussian State",gerchange.html
,German Changeling Legends,Phantom Swedes,"Karl Lyncker, German Legends and Customs in the Hessian Districts",,"Karl Lyncker, German Legends and Customs in the Hessian Districts",gerchange.html
,German Changeling Legends,The Changeling,"Anton Altrichter, Legends from the Iglau Language Island [in Moravia]",,"Anton Altrichter, Legends from the Iglau Language Island [in Moravia]",gerchange.html
,German Changeling Legends,Satan Attempts to Steal a Child,"Johann Adolf Heyl, Folk Legends, Customs, and Beliefs from Tyrol",,"Johann Adolf Heyl, Folk Legends, Customs, and Beliefs from Tyrol",gerchange.html
,Scandinavian Changeling Legends,The Changelings,Sweden,,Sweden,scanchange.html
,Scandinavian Changeling Legends,"Another changeling story, but with less unfortunate consequences, is told in Södermanland:",,,,scanchange.html
,Scandinavian Changeling Legends,The Midwife at Rørhus,Norway,,Norway,scanchange.html
,Scandinavian Changeling Legends,Changelings,Norway,,Norway,scanchange.html
,Scandinavian Changeling Legends,They Said She Was a Changeling,Norway,,Norway,scanchange.html
,Scandinavian Changeling Legends,Two Changeling Tales,Denmark,,Denmark,scanchange.html
,Scandinavian Changeling Legends,Another changeling was got rid of in the following manner:,,,,scanchange.html
,Scandinavian Changeling Legends,The Changeling and the Sausage,Denmark,,Denmark,scanchange.html
,Scandinavian Changeling Legends,The Changeling and the Eggshells,Denmark,,Denmark,scanchange.html
,Scandinavian Changeling Legends,The Huldu-Folk in the Faroes,Faroe Islands,,Faroe Islands,scanchange.html
,Scandinavian Changeling Legends,The Father of Eighteen in Elvenhome,Iceland,,Iceland,scanchange.html
,Scandinavian Changeling Legends,Elf-Women Steal Human Children,Iceland,,Iceland,scanchange.html
,Scandinavian Changeling Legends,The Baby Cradle at Minni-Thverá,Iceland,,Iceland,scanchange.html
,Charms against Sprains,Cure for the Sprain,Ireland,,Ireland,spraincharm.html
,Charms against Sprains,Sprain Thread,Ireland,,Ireland,spraincharm.html
,Charms against Sprains,Straining Thread,Ireland,,Ireland,spraincharm.html
,Charms against Sprains,The Wristing or Wresting Thread,Orkney Islands,Sanday,Orkney Islands (Sanday),spraincharm.html
,Charms against Sprains,When a Person Has Received a Sprain,Shetland Islands,,Shetland Islands,spraincharm.html
926,Child Custody,Solomon and the Two Women,The First Book of Kings,,The First Book of Kings,type0926.html
926,Child Custody,The Future Buddha as a Wise Judge,Jataka Tales,,Jataka Tales,type0926.html
926,Child Custody,The Question Regarding the Son,Ummagga Jataka,,Ummagga Jataka,type0926.html
926,Child Custody,The Brahman and His Two Wives,Telugu Folktale,,Telugu Folktale,type0926.html
,A Chinese Creation and Flood Myth,From the Miao People,,,,chinaflood.html
366,A Corpse Claims Its Property,White Cap,Iceland,,Iceland,type0366.html
366,A Corpse Claims Its Property,The Shroud,Russia,,Russia,type0366.html
366,A Corpse Claims Its Property,The Stolen Liver,Poland,,Poland,type0366.html
366,A Corpse Claims Its Property,Ahlemann,Germany,,Germany,type0366.html
366,A Corpse Claims Its Property,The Man from the Gallows,Germany,,Germany,type0366.html
366,A Corpse Claims Its Property,The Burial Dress,Germany,,Germany,type0366.html
366,A Corpse Claims Its Property,The Audacious Girl,Germany,,Germany,type0366.html
366,A Corpse Claims Its Property,The Little Golden Leg,Germany,,Germany,type0366.html
366,A Corpse Claims Its Property,"""It's Mine!""",Denmark,,Denmark,type0366.html
366,A Corpse Claims Its Property,Saddaedda,Italy,,Italy,type0366.html
366,A Corpse Claims Its Property,The Golden Arm,England,,England,type0366.html
366,A Corpse Claims Its Property,The Golden Cup,England,,England,type0366.html
366,A Corpse Claims Its Property,Teeny-Tiny,England,,England,type0366.html
366,A Corpse Claims Its Property,Give Me My Teeth,England,,England,type0366.html
366,A Corpse Claims Its Property,The Old Man at the White House,England,,England,type0366.html
366,A Corpse Claims Its Property,A Ghost Story,Joel Chandler Harris,,Joel Chandler Harris,type0366.html
366,A Corpse Claims Its Property,How to Tell a Story: The Golden Arm,Mark Twain,,Mark Twain,type0366.html
366,A Corpse Claims Its Property,The Golden Arm,,,,type0366.html
231,"The Crane, the Crab, and the Fish",The Cruel Crane Outwitted,"India, The Jataka",,"India, The Jataka",type0231.html
231,"The Crane, the Crab, and the Fish",The Heron That Liked Crab-Meat,"India, The Panchatantra",,"India, The Panchatantra",type0231.html
231,"The Crane, the Crab, and the Fish",The Heron and the Crab,"India, The Book of Kalilah and Dimnah",,"India, The Book of Kalilah and Dimnah",type0231.html
231,"The Crane, the Crab, and the Fish",The Crane and the Makara,"India, The Kathá Sarit Ságara",,"India, The Kathá Sarit Ságara",type0231.html
231,"The Crane, the Crab, and the Fish",The Booby and the Crab,"India, The Hitopadesa",,"India, The Hitopadesa",type0231.html
231,"The Crane, the Crab, and the Fish",The Crane and the Fish,India,,India,type0231.html
231,"The Crane, the Crab, and the Fish","The Crane, the Crab, and the Fish",India,,India,type0231.html
231,"The Crane, the Crab, and the Fish",The Pelican's Punishment,Malaya,,Malaya,type0231.html
231,"The Crane, the Crab, and the Fish",The Heron and the Crab,Sri Lanka,,Sri Lanka,type0231.html
231,"The Crane, the Crab, and the Fish",The Story of a Fish in the Pond,The 1001 Nights,,The 1001 Nights,type0231.html
231,"The Crane, the Crab, and the Fish",The Fishes and the Cormorant,Jean de La Fontaine,,Jean de La Fontaine,type0231.html
231,"The Crane, the Crab, and the Fish","The Heron, the Fishes, and the Crab",Leo Tolstoy,,Leo Tolstoy,type0231.html
,Blackfoot Creation and Origin Myths,The Making of the Earth,,,,blkftcreation.html
,Blackfoot Creation and Origin Myths,Languages Confused on a Mountain,,,,blkftcreation.html
,Blackfoot Creation and Origin Myths,Order of Life and Death,,,,blkftcreation.html
,Blackfoot Creation and Origin Myths,Why People Die Forever,,,,blkftcreation.html
,Blackfoot Creation and Origin Myths,The First Marriage,,,,blkftcreation.html
,Blackfoot Creation and Origin Myths,Old Man Leads a Migration,,,,blkftcreation.html
,Blackfoot Creation and Origin Myths,Old Man and the Great Spirit,,,,blkftcreation.html
,The Creation of Life on Earth,Scientists from another planet created all life on earth using DNA.,,,,rael.html
,Legendary Origins,The Origin of the Wrekin,England,,England,origins.html
,Legendary Origins,Bomere Pool,England,,England,origins.html
,Legendary Origins,The Origin of Tis Lake,Denmark,,Denmark,origins.html
,Legendary Origins,The Origin of the Island Hiddensee,Germany,,Germany,origins.html
,The Origin of Underground People,Fallen Angels,,,,originunder.html
,The Origin of Underground People,Eve's Unequal Children,Folktales of Type 758,,,originunder.html
,The Origin of Underground People,"The Offspring of Lilith, Adam's First Wife",,,,originunder.html
,The Origin of Underground People,Origin of the Elves,Iceland,,Iceland,originunder.html
,The Origin of Underground People,The Origin of Bergfolk,Denmark,,Denmark,originunder.html
,The Origin of Underground People,When Satan Was Cast Out of Heaven,Sweden,,Sweden,originunder.html
,The Origin of Underground People,The Origin of Fairies,Scotland,,Scotland,originunder.html
,The Origin of Underground People,Angels Who Were Turned Out of Heaven,Ireland,,Ireland,originunder.html
,The Origin of Underground People,The Fairy Race,Ireland,,Ireland,originunder.html
,The Origin of Underground People,The Fairies as Fallen Angels,Ireland,,Ireland,originunder.html
,The Origin of Underground People,The Tylwyth Teg,Wales,,Wales,originunder.html
,The Origin of Underground People,The Origin of the Elves,Switzerland,,Switzerland,originunder.html
,The Origin of Underground People,Lower Elemental Spirits,Bohemia,,Bohemia,originunder.html
,The Origin of Underground People,The Genesis of the Hid-Folk,Iceland,,Iceland,originunder.html
,The Origin of Underground People,The Origin of the Troll Folk,Denmark,,Denmark,originunder.html
,The Origin of Underground People,The Hidden People in Valdres,Norway,,Norway,originunder.html
,The Origin of Underground People,The Origin of Fairies,Wales,,Wales,originunder.html
,The Origin of Underground People,The Baby Farmer,Wales,,Wales,originunder.html
,The Origin of Underground People,A Curious Legend,Slavonic,,Slavonic,originunder.html
,The Origin of Underground People,The Creation of the Undergound People,Germany,,Germany,originunder.html
,The Origin of Underground People,Eve's Unequal Children,Germany,,Germany,originunder.html
,The Origin of Underground People,Eve's Children,Austria / Italy,,Austria / Italy,originunder.html
,The Origin of Underground People,The Origin of the Tusser,Norway,,Norway,originunder.html
,Paiute Creation and Origin Legends,Southern Paiute Legend,,,,paiute.html
,Paiute Creation and Origin Legends,Paiute Legend of Bryce Canyon,,,,paiute.html
1030,Crop Division between Man and Ogre,The Farmer and the Devil on Island of the Popefigs,"France, François Rabelais",,"France, François Rabelais",type1030.html
1030,Crop Division between Man and Ogre,The Troll Outwitted,Denmark,,Denmark,type1030.html
1030,Crop Division between Man and Ogre,The Bear and the Fox Go into Partnership,Norway,,Norway,type1030.html
1030,Crop Division between Man and Ogre,The Fox and the Wolf Plant Oats and Potatoes,Scotland,,Scotland,type1030.html
1030,Crop Division between Man and Ogre,The Farmer and the Boggart,England,,England,type1030.html
1030,Crop Division between Man and Ogre,The Bogie and the Farmer,England,,England,type1030.html
1030,Crop Division between Man and Ogre,Jack o' Kent and the Devil: The Tops and the Butts,England,,England,type1030.html
1030,Crop Division between Man and Ogre,Paddy Always on Top,Ireland,,Ireland,type1030.html
1030,Crop Division between Man and Ogre,Above the Ground and under the Ground,USA,North Carolina,USA (North Carolina),type1030.html
1030,Crop Division between Man and Ogre,The Peasant and the Devil,Germany,,Germany,type1030.html
1030,Crop Division between Man and Ogre,Saint John and the Devil,Italy/Austria,,Italy/Austria,type1030.html
1030,Crop Division between Man and Ogre,The Peasant and the Bear,Russia,,Russia,type1030.html
1030,Crop Division between Man and Ogre,Mercury and the Traveller,Aesop,,Aesop,type1030.html
1030,Crop Division between Man and Ogre,The Moral,,,,type1030.html
,Cupid and Psyche,Lucius Apuleius,,,,cupid.html
592,Dancing in Thorns,The Jew in the Thorns,Germany,,Germany,type0592.html
592,Dancing in Thorns,They Dance to the Pipe,Austria,,Austria,type0592.html
592,Dancing in Thorns,Little Freddy and His Fiddle,Norway,,Norway,type0592.html
592,Dancing in Thorns,The Gifts of the Magician,Finland,,Finland,type0592.html
592,Dancing in Thorns,Jack Horner's Magic Pipes,England,,England,type0592.html
592,Dancing in Thorns,A Mery Geste of the Frere and the Boye,England,,England,type0592.html
592,Dancing in Thorns,The Friar and the Boy,England,,England,type0592.html
592,Dancing in Thorns,A Witch Rescues a Man,England,,England,type0592.html
592,Dancing in Thorns,The Golden Harp,Wales,,Wales,type0592.html
592,Dancing in Thorns,The Fiddler and the Minister,Ireland,,Ireland,type0592.html
592,Dancing in Thorns,Tom Clancy,Ireland,,Ireland,type0592.html
592,Dancing in Thorns,The Man Who Could Make People Dance,Ireland,,Ireland,type0592.html
592,Dancing in Thorns,The Three Gifts,France,,France,type0592.html
592,Dancing in Thorns,Shortboot and His Flute,France,,France,type0592.html
592,Dancing in Thorns,The Magic Violin,France,,France,type0592.html
592,Dancing in Thorns,The Little Flute,Italy,,Italy,type0592.html
592,Dancing in Thorns,The Magic Flute,Greece,,Greece,type0592.html
592,Dancing in Thorns,"Cecilio, the Servant of Emilio",Philippines,,Philippines,type0592.html
592,Dancing in Thorns,Cochinango,Philippines,,Philippines,type0592.html
898,The Daughter of the Sun,"Denmark, Jens Kamp",,,,type0898.html
,The Death of a Child,The Parable of the Mustard Seed,A Buddhist Parable,,A Buddhist Parable,mourn.html
,The Death of a Child,The Death of a Dearly Loved Grandson,The Udana,,The Udana,mourn.html
,The Death of a Child,Ubbiri: Why Weep for Eighty-Four Thousand Daughters,A Buddhist Parable,,A Buddhist Parable,mourn.html
,The Death of a Child,The Burial Shirt,Jacob and Wilhelm Grimm,,Jacob and Wilhelm Grimm,mourn.html
,The Death of a Child,A Mother's Tears,Northern Europe,,Northern Europe,mourn.html
,The Death of a Child,The Tear-Filled Jug,Germany,,Germany,mourn.html
,The Death of a Child,Let the Dead Rest,Germany,,Germany,mourn.html
,The Death of a Child,Grief-Stricken Mothers,Germany,,Germany,mourn.html
,The Death of a Child,The Sad Little Angel,Germany,,Germany,mourn.html
,The Death of a Child,The Sad Child,Switzerland,,Switzerland,mourn.html
,The Death of a Child,Excessive Grief for the Dead,England,,England,mourn.html
,The Death of a Child,The Child's Grave,Ireland,,Ireland,mourn.html
,The Death of a Child,A Mother's Tears,Denmark,,Denmark,mourn.html
,The Death of a Child,Cried to Life,Denmark,,Denmark,mourn.html
6070B,Death of an Underground Person,Torke's Child Is Dead / Kilian's Child Is Dead,Germany,,Germany,type6070b.html
6070B,Death of an Underground Person,Hübel and Habel,Germany,,Germany,type6070b.html
6070B,Death of an Underground Person,Prilling and Pralling Is Dead,Germany,,Germany,type6070b.html
6070B,Death of an Underground Person,Pingel Is Dead!,Germany,,Germany,type6070b.html
6070B,Death of an Underground Person,The Unknown Girl,Germany,,Germany,type6070b.html
6070B,Death of an Underground Person,King Pippe Is Dead!,Denmark,,Denmark,type6070b.html
6070B,Death of an Underground Person,The Troll Turned Cat,Denmark,,Denmark,type6070b.html
6070B,Death of an Underground Person,The Cat of the Carman's Stage,Ireland,,Ireland,type6070b.html
6070B,Death of an Underground Person,The King of the Cats,Ireland,,Ireland,type6070b.html
6070B,Death of an Underground Person,The King of the Cats,Scotland,,Scotland,type6070b.html
6070B,Death of an Underground Person,The King o' the Cats,England,,England,type6070b.html
6070B,Death of an Underground Person,"Dildrum, King of the Cats",England,,England,type6070b.html
6070B,Death of an Underground Person,Mally Dixon,England,,England,type6070b.html
6070B,Death of an Underground Person,Johnny Reed's Cat,England,,England,type6070b.html
6070B,Death of an Underground Person,Le Petit Colin,Guernsey,,Guernsey,type6070b.html
335,Death's Messengers,Death's Messengers,Retold by D. L. Ashliman,,Retold by D. L. Ashliman,type0335.html
335,Death's Messengers,Death's Messengers,"Hans Wilhelm Kirchhof, Wendunmuth",,"Hans Wilhelm Kirchhof, Wendunmuth",type0335.html
335,Death's Messengers,Death's Messengers,Jacob and Wilhelm Grimm,,Jacob and Wilhelm Grimm,type0335.html
335,Death's Messengers,An Old Man That Was Willing to Put off Death,Laurentius Abstemius,,Laurentius Abstemius,type0335.html
335,Death's Messengers,The MORAL,,,,type0335.html
335,Death's Messengers,REFLEXION,,,,type0335.html
335,Death's Messengers,Our Lord and the Church Father,Transylvania,,Transylvania,type0335.html
335,Death's Messengers,The Old Man and the Physician,"Rumi, The Masnavi",,"Rumi, The Masnavi",type0335.html
335,Death's Messengers,Spanish Moss,"Georgia, USA",,"Georgia, USA",type0335.html
845,Death and the Old Man,Death and an Old Man,Aesop,Roger L'Estrange,Aesop (Roger L'Estrange),type0845.html
845,Death and the Old Man,The MORAL,,,,type0845.html
845,Death and the Old Man,The Asses Skin,Aesop,Roger L'Estrange,Aesop (Roger L'Estrange),type0845.html
845,Death and the Old Man,The Old Man and Death,Aesop,Samuel Croxall,Aesop (Samuel Croxall),type0845.html
845,Death and the Old Man,REFLECTION,,,,type0845.html
845,Death and the Old Man,The Old Man and Death,Aesop,Robert Dodsley,Aesop (Robert Dodsley),type0845.html
845,Death and the Old Man,The Old Man and Death,Aesop,Joseph Jacobs,Aesop (Joseph Jacobs),type0845.html
845,Death and the Old Man,Death and the Unfortunate,Jean de La Fontaine,,Jean de La Fontaine,type0845.html
845,Death and the Old Man,Death and the Woodman,Jean de La Fontaine,,Jean de La Fontaine,type0845.html
845,Death and the Old Man,The Old Man and Death,Leo Tolstoy,,Leo Tolstoy,type0845.html
845,Death and the Old Man,The Lord and Toby,USA,Virginia,USA (Virginia),type0845.html
845,Death and the Old Man,The Lord and Langton,USA,Virginia,USA (Virginia),type0845.html
845,Death and the Old Man,God and Moses,USA,Florida,USA (Florida),type0845.html
845,Death and the Old Man,Death and the Negro Man,Joel Chandler Harris,,Joel Chandler Harris,type0845.html
,Death of the Seven Dwarfs,A Legend from Switzerland,,,,dwarfs.html
,Death of the Seven Dwarfs,Tod der sieben Zwerge,,,,dwarfs.html
1157,The Devil (or Ogre) and the Gun,How the Devil Played the Flute,Germany,,Germany,type1157.html
1157,The Devil (or Ogre) and the Gun,The Origin of the Jack-o'-Lantern,Wales,,Wales,type1157.html
1174,Deceiving the Devil with a Rope of Sand,Michael Scott,Scotland,,Scotland,type1174.html
1174,Deceiving the Devil with a Rope of Sand,Mitchell Scott,England,,England,type1174.html
1174,Deceiving the Devil with a Rope of Sand,Donald Duival and the Devil,Scotland,,Scotland,type1174.html
1174,Deceiving the Devil with a Rope of Sand,A Wild Legend,Scotland,,Scotland,type1174.html
1174,Deceiving the Devil with a Rope of Sand,The Devil and the Schoolmaster at Cockerham,England,,England,type1174.html
1174,Deceiving the Devil with a Rope of Sand,Tregeagle,England,,England,type1174.html
1174,Deceiving the Devil with a Rope of Sand,The Devil's Mill,Ireland,,Ireland,type1174.html
1174,Deceiving the Devil with a Rope of Sand,"The Shoemaker, the Tailor, and the Sailor",Germany,,Germany,type1174.html
1174,Deceiving the Devil with a Rope of Sand,The Cheated Devil,Germany,,Germany,type1174.html
1175,Straightening a Curly Hair,The Brahmarâkshas and the Hair,India,,India,type1175.html
1175,Straightening a Curly Hair,Tapai and the Brahman,India,,India,type1175.html
1175,Straightening a Curly Hair,The Devil and the Farmer,England,,England,type1175.html
1175,Straightening a Curly Hair,The Deceived Devil,Germany,,Germany,type1175.html
1176,Deceiving the Devil by Breaking Wind,or a similar trick,,,,type1176.html
1176,Deceiving the Devil by Breaking Wind,Ridiculing the Devil,Martin Luther,,Martin Luther,type1176.html
1176,Deceiving the Devil by Breaking Wind,The Peasant and the Devil,Martin Montanus,,Martin Montanus,type1176.html
1176,Deceiving the Devil by Breaking Wind,Timmermann's Fart,Germany,,Germany,type1176.html
1176,Deceiving the Devil by Breaking Wind,Deceiving the Devil,Germany,,Germany,type1176.html
1176,Deceiving the Devil by Breaking Wind,The Cheated Devil,Germany,,Germany,type1176.html
1176,Deceiving the Devil by Breaking Wind,The Square Knot,East Prussia,,East Prussia,type1176.html
1176,Deceiving the Devil by Breaking Wind,A Story,Ireland,,Ireland,type1176.html
1176,Deceiving the Devil by Breaking Wind,A Funny Story,Ireland,,Ireland,type1176.html
1191,The Devil's Bridge,folktales of Aarne-Thompson-Uther type 1191,,,,type1191.html
1191,The Devil's Bridge,The Sachsenhäuser Bridge at Frankfurt,Germany,,Germany,type1191.html
1191,The Devil's Bridge,The Bamberg Cathedral and Bridge,Germany,,Germany,type1191.html
1191,The Devil's Bridge,The Devil's Bridge in Lake Galenbeck,Germany,,Germany,type1191.html
1191,The Devil's Bridge,The Devil's Bridge,Austria,,Austria,type1191.html
1191,The Devil's Bridge,The Taugl Bridge,Austria,,Austria,type1191.html
1191,The Devil's Bridge,The Devil's Bridge Near Klaus,Austria,,Austria,type1191.html
1191,The Devil's Bridge,The Devil's Bridge,Switzerland,,Switzerland,type1191.html
1191,The Devil's Bridge,The Devil's Bridge,Switzerland/France,,Switzerland/France,type1191.html
1191,The Devil's Bridge,The Legend of the Devil's Bridge,Tuscany,,Tuscany,type1191.html
1191,The Devil's Bridge,The Devil's Bridge in Martorell,Catalonia,,Catalonia,type1191.html
1191,The Devil's Bridge,The Devil's Bridge in Cardiganshire,Wales,,Wales,type1191.html
1191,The Devil's Bridge,The Devil's Bridge,Wales,,Wales,type1191.html
1191,The Devil's Bridge,The Devil's Bridge at Kirkby,England,,England,type1191.html
1191,The Devil's Bridge,The Bridge at Kentchurch,"Herefordshire, England",,"Herefordshire, England",type1191.html
1191,The Devil's Bridge,The Devil's Bridge,"Yorkshire, England",,"Yorkshire, England",type1191.html
1191,The Devil's Bridge,Kilgrim Bridge,England,,England,type1191.html
1791,Dividing Souls in the Graveyard,The Miller and the Tailor,England,,England,type1791.html
1791,Dividing Souls in the Graveyard,The Bag of Nuts,England,Derbyshire,England (Derbyshire),type1791.html
1791,Dividing Souls in the Graveyard,Mother Elston's Bag of Nuts,England,Devonshire,England (Devonshire),type1791.html
1791,Dividing Souls in the Graveyard,Tom Daly and the Nut-Eating Ghost,Ireland,,Ireland,type1791.html
1791,Dividing Souls in the Graveyard,Dividing the Souls,"Virginia, USA",,"Virginia, USA",type1791.html
1791,Dividing Souls in the Graveyard,Dividing the Souls,"North Carolina, USA",,"North Carolina, USA",type1791.html
737,Divination,Charms to Predict Future Bridegrooms and Brides,,,,type0737.html
737,Divination,Saint Andrew's Eve,Germany / Austria,,Germany / Austria,type0737.html
737,Divination,Superstitions,Germany,,Germany,type0737.html
737,Divination,The Spell,England,,England,type0737.html
737,Divination,Midsummer Superstitious Customs,"Cornwall, England",,"Cornwall, England",type0737.html
737,Divination,Halloween,Scotland,,Scotland,type0737.html
737,Divination,Editor's Note,DLA,,,type0737.html
737,Divination,Foreword,,,,type0737.html
737,Divination,Preface,,,,type0737.html
737,Divination,The Bible and Key Trial,Scotland,,Scotland,type0737.html
737,Divination,"Rhamanta, or Romantic Divination",Wales,,Wales,type0737.html
737,Divination,A Story,Ireland,,Ireland,type0737.html
737,Divination,Hallow-E'n,Ireland,,Ireland,type0737.html
737,Divination,Hallowe'en Customs,Ireland,,Ireland,type0737.html
1641,Doctor Know-All,The Cobbler Turned Doctor,Attributed to Aesop,,Attributed to Aesop,type1641.html
1641,Doctor Know-All,Harisarman,India,,India,type1641.html
1641,Doctor Know-All,The Stolen Treasure,India,,India,type1641.html
1641,Doctor Know-All,The Four Jogis,India,,India,type1641.html
1641,Doctor Know-All,Crab,Italy,,Italy,type1641.html
1641,Doctor Know-All,Doctor Know-All,Germany,,Germany,type1641.html
1641,Doctor Know-All,Doctor Cure-All,Ireland,,Ireland,type1641.html
1641,Doctor Know-All,Black Robin,Wales,,Wales,type1641.html
1641,Doctor Know-All,Doctor and Detective,Denmark,,Denmark,type1641.html
1641,Doctor Know-All,The Charcoal Burner,Norway,,Norway,type1641.html
1641,Doctor Know-All,Spain,,,,type1641.html
1641,Doctor Know-All,Suan's Good Luck,Philippines,,Philippines,type1641.html
,Alpine Dragons,About Snakes and Dragons in Switzerland,Switzerland,,Switzerland,alpinedragons.html
,Alpine Dragons,Syntram and Baltram,Canton Bern,,Canton Bern,alpinedragons.html
,Alpine Dragons,The Dragon in the Reuss River,Luzern,,Luzern,alpinedragons.html
,Alpine Dragons,The Cooper in the Dragon Hole,Mount Pilatus,,Mount Pilatus,alpinedragons.html
,Alpine Dragons,The Cat-Faced Dragon on Mount Wangserberg,St. Gallen,,St. Gallen,alpinedragons.html
,Alpine Dragons,Winkelried and the Lindworm,Unterwalden,,Unterwalden,alpinedragons.html
,Alpine Dragons,The Dragon in the Macun-Lakes Plateau,Canton of Graubünden,Grisons,Canton of Graubünden (Grisons),alpinedragons.html
,Alpine Dragons,The Dragon in Lake Alpiglia,Canton of Graubünden,Grisons,Canton of Graubünden (Grisons),alpinedragons.html
,Alpine Dragons,The Stollenwurm,Bernese Oberland,,Bernese Oberland,alpinedragons.html
,Alpine Dragons,Giant Haym,Innsbruck,,Innsbruck,alpinedragons.html
,Alpine Dragons,Saint Mang and the Dragon,Tyrol / Bavaria,,Tyrol / Bavaria,alpinedragons.html
,Alpine Dragons,The Dragon in Seefelder Lake,Tyrol,,Tyrol,alpinedragons.html
,Alpine Dragons,Dragons near Salzburg,Salzburg,,Salzburg,alpinedragons.html
,Alpine Dragons,The Lindworm of Lake Goggau,Carinthia,Kärnten,Carinthia (Kärnten),alpinedragons.html
,Alpine Dragons,The Dragon Fight at Murnau,Bavaria,Oberbayern,Bavaria (Oberbayern),alpinedragons.html
,Alpine Dragons,The Lindworm in Volkach,Bavaria,Lower Franconia,Bavaria (Lower Franconia),alpinedragons.html
,Alpine Dragons,The Lindworm in Marktbreit,Bavaria,Lower Franconia,Bavaria (Lower Franconia),alpinedragons.html
,Alpine Dragons,Legend of the Foundation of Ljubljana,Slovenia,,Slovenia,alpinedragons.html
,Alpine Dragons,"Jason, the Hero of Greek Mythology",,,,alpinedragons.html
,Alpine Dragons,The Dragon as Symbol and Protector of Ljubljana,,,,alpinedragons.html
,Alpine Dragons,The Dragons on the Dragon Bridge,,,,alpinedragons.html
,Alpine Dragons,The Ljubljana Dragon,Slovenia,,Slovenia,alpinedragons.html
,British Dragons,Fiery Dragons at Lindisfarne,Northumberland,,Northumberland,britishdragons.html
,British Dragons,Kindling Fires to Drive Away Dragons,Traditional,,Traditional,britishdragons.html
,British Dragons,Bone-Fires,Traditional,,Traditional,britishdragons.html
,British Dragons,The Red Dragon of Wales,Wales,,Wales,britishdragons.html
,British Dragons,The Story of Lludd and Llevelys,Wales,,Wales,britishdragons.html
,British Dragons,The Radnorshire Dragon,Wales,,Wales,britishdragons.html
,British Dragons,The Linton Worm,"Roxburghshire, Scotland",,"Roxburghshire, Scotland",britishdragons.html
,British Dragons,The Dragon at the Nine Maidens' Well,"Forfarshire, Scotland",,"Forfarshire, Scotland",britishdragons.html
,British Dragons,The Stove Worm,"Orkney Islands, Scotland",,"Orkney Islands, Scotland",britishdragons.html
,British Dragons,The Dragon of Loschy Wood,Yorkshire,,Yorkshire,britishdragons.html
,British Dragons,The Serpent of Kellington,Yorkshire,,Yorkshire,britishdragons.html
,British Dragons,The Slingsby Serpent,North Yorkshire,,North Yorkshire,britishdragons.html
,British Dragons,The Dragon of Wantley,South Yorkshire,,South Yorkshire,britishdragons.html
,British Dragons,The Dragon of Unsworth,Lancashire,,Lancashire,britishdragons.html
,British Dragons,The Laidley Worm of Spindleston Heugh,Northumberland,,Northumberland,britishdragons.html
,British Dragons,The Longwitton Dragon,Northumbria,,Northumbria,britishdragons.html
,British Dragons,The Serpent of Deerhurst,Gloucestershire,,Gloucestershire,britishdragons.html
,British Dragons,Saint George and the Uffington White Horse,Oxfordshire,,Oxfordshire,britishdragons.html
,British Dragons,The Mordiford Dragon or Serpent,Herefordshire,,Herefordshire,britishdragons.html
,British Dragons,The Dragon's Well at Brinsop,Herefordshire,,Herefordshire,britishdragons.html
,British Dragons,The Lambton Worm,County Durham,,County Durham,britishdragons.html
,British Dragons,Conyers of Sockburn,County Durham,,County Durham,britishdragons.html
,British Dragons,The Dragon of Well,County Durham,,County Durham,britishdragons.html
,British Dragons,Piers Shonke and the Serpent,Hertfordshire,,Hertfordshire,britishdragons.html
,British Dragons,The Long Dragon of Shervage Wood,Somerset,,Somerset,britishdragons.html
,British Dragons,The Dragon of St. Leonard's Forest,Sussex,,Sussex,britishdragons.html
,British Dragons,The Dragon of Bignor Hill,Sussex,,Sussex,britishdragons.html
,British Dragons,The Fiery Dragon of Dolbury Hill,Devonshire,,Devonshire,britishdragons.html
,British Dragons,The Legend of the Ludham Dragon,Norfolk,,Norfolk,britishdragons.html
1626,Dream Bread,The Three Dreams,Petrus Alphonsi,,Petrus Alphonsi,type1626.html
1626,Dream Bread,The Three Travelers,The Masnavi,,The Masnavi,type1626.html
1626,Dream Bread,"Jesus, Peter, and Judas",The Toledot Yeshu,,The Toledot Yeshu,type1626.html
1626,Dream Bread,Of the Deceits of the Devil,Gesta Romanorum,,Gesta Romanorum,type1626.html
1626,Dream Bread,Comical History of Three Dreamers,Spain,,Spain,type1626.html
1626,Dream Bread,"The ""Dream-Bread"" Story Once More",USA,,USA,type1626.html
1645B,Dream Treasure Turns to Filth,A Man Who Found Gold During His Sleep,Poggio Bracciolini,,Poggio Bracciolini,type1645b.html
1645B,Dream Treasure Turns to Filth,The Hodja Dreams That He Had Found a Treasure,Attributed to Nasreddin Hodja,,Attributed to Nasreddin Hodja,type1645b.html
1645,The Man Who Became Rich through a Dream,The Ruined Man Who Became Rich Again Through a Dream,1001 Nights,,1001 Nights,type1645.html
1645,The Man Who Became Rich through a Dream,"A Man of Baghdad Persia An anecdote is told of a man of Baghdad who was in great distress, and who, after calling on God for aid, dreamt that a great treasure lay hid in a certain spot in Egypt. He accordingly journeyed to Egypt, and there fell into the hands of the patrol, who arrested him, and beat him severely on suspicion of being a thief. Calling to mind the proverb that ""falsehood is a mischief but truth a remedy,"" he determined to confess the true reason of his coming to Egypt, and accordingly told them all the particulars of his dream. On hearing them they believed him, and one of them said, ""You must be a fool to journey all this distance merely on the faith of a dream. I myself have many times dreamt of a treasure lying hid in a certain spot in Baghdad, but was never foolish enough to go there."" Now the spot in Baghdad named by this person was none other than the house of the poor man of Baghdad, and he straightway returned home, and there found the treasure. Source: Jalalu-d'-Din Muhammad i Rumi, Masnavi i Ma'navi: The Spiritual Couplets (London: Trübner and Company, 1887), p. 322. Wikipedia article about Jalalu-d'-Din Muhammad i Rumi (1207-1273). Wikipedia article about the Masnavi, written between about 1258 and 1273. Return to the table of contents. Numan's Dream",Turkey,,Turkey,type1645.html
1645,The Man Who Became Rich through a Dream,How the Junkman Traveled to Find Treasure in His Own Yard,Turkey,,Turkey,type1645.html
1645,The Man Who Became Rich through a Dream,Hoderich and Hanfrat,France,,France,type1645.html
1645,The Man Who Became Rich through a Dream,The Peddler of Swaffham,England,,England,type1645.html
1645,The Man Who Became Rich through a Dream,The Swaffham Legend,England,,England,type1645.html
1645,The Man Who Became Rich through a Dream,"A Cobbler in Somersetshire England A cobbler in Somersetshire dreamt that a person told him that if he would go to London Bridge he would meet with something to his advantage. He dreamt the same the next night, and again the night after. He then determined to go to London Bridge, and walked thither accordingly. When arrived there, he walked about the whole of the first day without anything occurring; the next day was passed in a similar manner. He resumed his place the third day, and walked about till evening, when, giving it up as hopeless, he determined to leave London, and return home. At this moment a stranger came up and said to him, ""I have seen you for the last three days walking up and down this bridge; may I ask if you are waiting for anyone?"" The answer was, ""No."" ""Then, what is your object in staying here?"" The cobbler then frankly told his reason for being there, and the dream that had visited him three successive nights. The stranger then advised him to go home again to his work, and no more pay any attention to dreams. ""I myself,"" he said ""had about six months ago a dream. I dreamt three nights together that, if I would go into Somersetshire, in an orchard, under an apple tree, I should find a pot of gold; but I paid no attention to my dream, and have remained quietly at my business."" It immediately occurred to the cobbler that the stranger described his own orchard and his own apple tree. He immediately returned home, dug under the apple tree, and found a pot of gold. After this increase of fortune, he was enabled to send his son to school, where the boy learnt Latin. When he came home for the holidays, he one day examined the pot which had contained the gold, on which was some writing. He said, ""Father, I can show you what I have learnt at school is of some use."" He then translated the Latin inscription on the pot thus: ""Look under, and you will find better."" They did look under, and a larger quantity of gold was found. Source: George Laurence Gomme, English Traditions and Foreign Customs (London: Elliot Stock, 1885), pp. 335-36. Gomme's source: The Saturday Review, December 28, 1878. Return to the table of contents. Upsall Castle",England,,England,type1645.html
1645,The Man Who Became Rich through a Dream,Dundonald Castle,Scotland,,Scotland,type1645.html
1645,The Man Who Became Rich through a Dream,Themselves,Isle of Man,,Isle of Man,type1645.html
1645,The Man Who Became Rich through a Dream,Dreaming Tim Jarvis,Ireland,,Ireland,type1645.html
1645,The Man Who Became Rich through a Dream,The Bridge of the Kist,Ireland,,Ireland,type1645.html
1645,The Man Who Became Rich through a Dream,Dreaming of Treasure,Ireland,,Ireland,type1645.html
1645,The Man Who Became Rich through a Dream,The Dream of Treasure under the Bridge at Limerick,Ireland,,Ireland,type1645.html
1645,The Man Who Became Rich through a Dream,A Kerry Man,Ireland,,Ireland,type1645.html
1645,The Man Who Became Rich through a Dream,Treasure at Ardnaveagh,Ireland,,Ireland,type1645.html
1645,The Man Who Became Rich through a Dream,The Bridge at Kempen (1),Holand,,Holand,type1645.html
1645,The Man Who Became Rich through a Dream,The Bridge at Kempen (2),Holland,,Holland,type1645.html
1645,The Man Who Became Rich through a Dream,Dreams Are Lies,Germany,,Germany,type1645.html
1645,The Man Who Became Rich through a Dream,The Dream of the Treasure on the Bridge,Germany,,Germany,type1645.html
1645,The Man Who Became Rich through a Dream,The Bridge at Lübeck,Germany,,Germany,type1645.html
1645,The Man Who Became Rich through a Dream,Treasure Unearthed,Germany,,Germany,type1645.html
1645,The Man Who Became Rich through a Dream,The Pine Tree of Steltzen,Germany,,Germany,type1645.html
1645,The Man Who Became Rich through a Dream,Digging Up Snakes,Germany,,Germany,type1645.html
1645,The Man Who Became Rich through a Dream,A Good Dream,Switzerland,,Switzerland,type1645.html
1645,The Man Who Became Rich through a Dream,Treasure at the Isar Bridge,Austria / Germany,,Austria / Germany,type1645.html
1645,The Man Who Became Rich through a Dream,The Dream of Treasure,Austria,,Austria,type1645.html
1645,The Man Who Became Rich through a Dream,The Dwarf on the Ziller Bridge,Austria,,Austria,type1645.html
1645,The Man Who Became Rich through a Dream,The Dream of the Zirl Bridge,Austria,,Austria,type1645.html
1645,The Man Who Became Rich through a Dream,How one Became Rich through a Dream: A Legend,Austria,,Austria,type1645.html
1645,The Man Who Became Rich through a Dream,The Treasure under the Bridge,Austria,,Austria,type1645.html
1645,The Man Who Became Rich through a Dream,The Golden Fox,Czech Republic / Austria,,Czech Republic / Austria,type1645.html
1645,The Man Who Became Rich through a Dream,The Fish-Dealer of Palermo,Italy,,Italy,type1645.html
1645,The Man Who Became Rich through a Dream,The Church at Erritsø,Denmark,,Denmark,type1645.html
1645,The Man Who Became Rich through a Dream,The Treasure in Tanslet,Denmark,,Denmark,type1645.html
1645,The Man Who Became Rich through a Dream,A Peasant in Vester-Brøndum,Denmark,,Denmark,type1645.html
,East of the Sun and West of the Moon,Norway,,,,norway034.html
122F,Eat Me When I'm Fatter,"The Sheep, the Lamb, the Wolf, and the Hare",Tibet,,Tibet,type0122f.html
122F,Eat Me When I'm Fatter,The Lambikin,India,,India,type0122f.html
122F,Eat Me When I'm Fatter,The Fisher and the Little Fish,Aesop,,Aesop,type0122f.html
122F,Eat Me When I'm Fatter,The Dog and the Wolf,Bohemia,,Bohemia,type0122f.html
122F,Eat Me When I'm Fatter,Mr. Hawk and Brother Rabbit,African-America,Joel Chandler Harris,African-America (Joel Chandler Harris),type0122f.html
,The Luck of Edenhall (Eden Hall),The Luck of Edenhall (1),England,,England,edenhall.html
,The Luck of Edenhall (Eden Hall),The Luck of Eden Hall (2),England,,England,edenhall.html
,The Luck of Edenhall (Eden Hall),The Luck of Eden Hall,Joseph Ritson,,Joseph Ritson,edenhall.html
,The Luck of Edenhall (Eden Hall),The Luck of Eden Hall (4),Evelyn Blantyre Simpson,,Evelyn Blantyre Simpson,edenhall.html
,The Luck of Edenhall (Eden Hall),Das Glück von Edenhall,Ludwig Uhland,,Ludwig Uhland,edenhall.html
,The Luck of Edenhall (Eden Hall),The Luck of Edenhall,Henry Wadsworth Longfellow,,Henry Wadsworth Longfellow,edenhall.html
1620,The Emperor's New Clothes,The Emperor's New Clothes,Denmark,,Denmark,type1620.html
1620,The Emperor's New Clothes,The Invisible Cloth,Spain,,Spain,type1620.html
1620,The Emperor's New Clothes,How Eulenspiegel Painted the Forbears of the Landgrave of Hessen,Germany,,Germany,type1620.html
1620,The Emperor's New Clothes,Fine Thread,Russia,,Russia,type1620.html
1620,The Emperor's New Clothes,The Miller with the Golden Thumb,England,,England,type1620.html
1620,The Emperor's New Clothes,The King's New Turban,Turkey,,Turkey,type1620.html
1620,The Emperor's New Clothes,The King and the Clever Girl,India,,India,type1620.html
1620,The Emperor's New Clothes,The Invisible Silk Robe,Sri Lanka,,Sri Lanka,type1620.html
,"Folklore, Folktales, and Fairy Tales from England",Related bibliographies,,,,england.html
5050,Fairies' Hope for Christian Salvation,A Redeemer for the Elves?,Sweden,,Sweden,type5050.html
5050,Fairies' Hope for Christian Salvation,The Näck and the Strömkarl,Sweden,,Sweden,type5050.html
5050,Fairies' Hope for Christian Salvation,Salvation for the Neck,Sweden,,Sweden,type5050.html
5050,Fairies' Hope for Christian Salvation,The Water Nymph,Sweden,,Sweden,type5050.html
5050,Fairies' Hope for Christian Salvation,The Trolls Desire to Be Saved,Denmark,,Denmark,type5050.html
5050,Fairies' Hope for Christian Salvation,The Clergyman and the Dwarfs,Denmark,,Denmark,type5050.html
5050,Fairies' Hope for Christian Salvation,Gillikop,Denmark,,Denmark,type5050.html
5050,Fairies' Hope for Christian Salvation,When We Cease to Exist....,"An excerpt from ""The Little Mermaid"" by Hans Christian Andersen",,"An excerpt from ""The Little Mermaid"" by Hans Christian Andersen",type5050.html
5050,Fairies' Hope for Christian Salvation,The Convent Nixie in Guben,Germany,,Germany,type5050.html
5050,Fairies' Hope for Christian Salvation,The Sea Bishop,Germany / Poland,,Germany / Poland,type5050.html
5050,Fairies' Hope for Christian Salvation,The Pious Clergyman and the Fairy,Scotland,,Scotland,type5050.html
5050,Fairies' Hope for Christian Salvation,A Ross-Shire Narrative,Scotland,,Scotland,type5050.html
5050,Fairies' Hope for Christian Salvation,The Priest's Supper,Ireland,,Ireland,type5050.html
5050,Fairies' Hope for Christian Salvation,The Belated Priest,Ireland,,Ireland,type5050.html
5050,Fairies' Hope for Christian Salvation,THE BELATED PRIEST.,,,,type5050.html
5050,Fairies' Hope for Christian Salvation,The First Turf Fire,Ireland,,Ireland,type5050.html
6010,A Captured Fairy,A Fairy Caught,England,,England,type6010.html
6010,A Captured Fairy,Skillywidden the Fairy,England,,England,type6010.html
6010,A Captured Fairy,Colman Grey,England,,England,type6010.html
6010,A Captured Fairy,A Woman Caught a Fairy,Wales,,Wales,type6010.html
6010,A Captured Fairy,The Wonderful Plough,Germany,,Germany,type6010.html
6010,A Captured Fairy,Krachöhrle! Where Are You?,Germany,,Germany,type6010.html
6045,Fairy Cup Legends,The Oldenburg Horn,Germany,,Germany,type6045.html
6045,Fairy Cup Legends,The Stolen Cup,Germany,,Germany,type6045.html
6045,Fairy Cup Legends,Church Cups,Germany/Denmark,,Germany/Denmark,type6045.html
6045,Fairy Cup Legends,The Altar Cup in Aagerup (Ågerup),Denmark,,Denmark,type6045.html
6045,Fairy Cup Legends,Svend Fælling and the Elle-Maid,Denmark,,Denmark,type6045.html
6045,Fairy Cup Legends,The Öiestad (Øyestad) Horn,Norway,,Norway,type6045.html
6045,Fairy Cup Legends,The Trolls Celebrate Christmas,Sweden,,Sweden,type6045.html
6045,Fairy Cup Legends,Origin of the Noble Name of Trolle,Sweden,,Sweden,type6045.html
6045,Fairy Cup Legends,The Fairy Banquet,England,,England,type6045.html
6045,Fairy Cup Legends,The Fairy Horn,England,,England,type6045.html
6045,Fairy Cup Legends,The Story of the Fairy Horn,England,,England,type6045.html
6045,Fairy Cup Legends,The Rillaton Gold Cup,England,Cornwall,England (Cornwall),type6045.html
6045,Fairy Cup Legends,The Fairy Cup of Kirk Malew,Isle of Man,,Isle of Man,type6045.html
6045,Fairy Cup Legends,The Silver Cup,Isle of Man,,Isle of Man,type6045.html
6045,Fairy Cup Legends,"The Trowie ""Pig""",Scotland,Shetland,Scotland (Shetland),type6045.html
,The Fairy Flag of Dunvegan Castle,The Fairy Flag of Dunvegan Castle,Scotland,,Scotland,dunvegan.html
,The Fairy Flag of Dunvegan Castle,A Family Tradition,Janet MacLeod Golden,age 13,Janet MacLeod Golden (age 13),dunvegan.html
503,Fairy Gifts,The Fairies and the Hump-Back,Scotland,,Scotland,type0503.html
503,Fairy Gifts,The Hunchback of Willow Brake,Scotland,,Scotland,type0503.html
503,Fairy Gifts,The Legend of Knockgrafton,Ireland,,Ireland,type0503.html
503,Fairy Gifts,The Palace in the Rath,Ireland,,Ireland,type0503.html
503,Fairy Gifts,A Fairy Tale in the Ancient English Style,Thomas Parnell,,Thomas Parnell,type0503.html
503,Fairy Gifts,"Billy Beg, Tom Beg, and the Fairies",Isle of Man,,Isle of Man,type0503.html
503,Fairy Gifts,The Fairies and the Two Hunchbacks: A Story of Picardy,France,,France,type0503.html
503,Fairy Gifts,The Tailor on the Brocken,Germany,,Germany,type0503.html
503,Fairy Gifts,The Gifts of the Mountain Spirits,Germany,,Germany,type0503.html
503,Fairy Gifts,The Gifts of the Little People,Germany,,Germany,type0503.html
503,Fairy Gifts,The Two Hunchbacked Brothers,Italy,,Italy,type0503.html
503,Fairy Gifts,The Two Humpbacks,Italy,,Italy,type0503.html
503,Fairy Gifts,The Elves and the Envious Neighbor,Japan,,Japan,type0503.html
503,Fairy Gifts,How an Old Man Lost His Wen,Japan,,Japan,type0503.html
503,Fairy Gifts,The Old Man with the Wen,Japan,,Japan,type0503.html
503,Fairy Gifts,The Story of Hok Lee and the Dwarfs,China,,China,type0503.html
,Fairy Theft,Of the Subterranean Inhabitants,Scotland,,Scotland,fairytheft.html
,Fairy Theft,Fairy Theft,Scotland,,Scotland,fairytheft.html
,Fairy Theft,Fairy Control over Crops,Ireland,,Ireland,fairytheft.html
,Fairy Theft,Fairies on May Day,Ireland,,Ireland,fairytheft.html
,Fairy Theft,The Sidhe,Ireland,,Ireland,fairytheft.html
,Fairy Theft,The Three Cows,England,,England,fairytheft.html
,Fairy Theft,"A ""Verry Volk"" Feast",Wales,and Brittany,Wales (and Brittany),fairytheft.html
,Fairy Theft,Riechert the Smith,Germany,,Germany,fairytheft.html
888,The Faithful Wife,Of Chastity,Gesta Romanorum,,Gesta Romanorum,type0888.html
888,The Faithful Wife,Application,,,,type0888.html
888,The Faithful Wife,The Man Hitched to a Plow,France / Germany,,France / Germany,type0888.html
888,The Faithful Wife,Conrad von Tannenberg,Germany,,Germany,type0888.html
888,The Faithful Wife,The Tsaritsa Harpist,Russia,,Russia,type0888.html
888,The Faithful Wife,The Lute Player,Russia,,Russia,type0888.html
888,The Faithful Wife,A Story Told by a Hindu,India,,India,type0888.html
,Andreas Grein of Purbach,Andreas Grein of Purbach,"Burgenland, Austria",,"Burgenland, Austria",purbach.html
510B,The Father Who Wanted to Marry His Daughter,Doralice,"Italy, Giovanni Francesco Straparola",,"Italy, Giovanni Francesco Straparola",type0510b.html
510B,The Father Who Wanted to Marry His Daughter,The She-Bear,"Italy, Giambattista Basile",,"Italy, Giambattista Basile",type0510b.html
510B,The Father Who Wanted to Marry His Daughter,Ass'-Skin,"Basque, Wentworth Webster",,"Basque, Wentworth Webster",type0510b.html
510B,The Father Who Wanted to Marry His Daughter,All-Kinds-of-Fur,Version of 1812,,Version of 1812,type0510b.html
510B,The Father Who Wanted to Marry His Daughter,"Germany, Jacob and Wilhelm Grimm",,,,type0510b.html
510B,The Father Who Wanted to Marry His Daughter,Emperor Heinrich in Sudemer Mountain,Germany,,Germany,type0510b.html
510B,The Father Who Wanted to Marry His Daughter,Cinder Blower,Karl Bartsch,,Karl Bartsch,type0510b.html
510B,The Father Who Wanted to Marry His Daughter,"Broomthrow, Brushthrow, Combthrow","Austria, Theodor Vernaleken",,"Austria, Theodor Vernaleken",type0510b.html
510B,The Father Who Wanted to Marry His Daughter,The Emperor's Daughter in the Pig Stall,Romania,,Romania,type0510b.html
510B,The Father Who Wanted to Marry His Daughter,Fair Maria Wood,"Italy, Thomas Frederick Crane",,"Italy, Thomas Frederick Crane",type0510b.html
510B,The Father Who Wanted to Marry His Daughter,Maria Wood,Italy,,Italy,type0510b.html
510B,The Father Who Wanted to Marry His Daughter,All-Kinds-of-Fur,Greece,,Greece,type0510b.html
510B,The Father Who Wanted to Marry His Daughter,The Princess Who Would Not Marry Her Father,Portugal,,Portugal,type0510b.html
510B,The Father Who Wanted to Marry His Daughter,The Horse's Skin,Portugal,,Portugal,type0510b.html
510B,The Father Who Wanted to Marry His Daughter,The King Who Wished to Marry His Daughter,Scotland,,Scotland,type0510b.html
510B,The Father Who Wanted to Marry His Daughter,Morag a Chota Bhain -- Margery White Coats,Scotland,,Scotland,type0510b.html
510B,The Father Who Wanted to Marry His Daughter,Rashen Coatie,Scotland,,Scotland,type0510b.html
510B,The Father Who Wanted to Marry His Daughter,The Princess and the Golden Cow,England,,England,type0510b.html
510B,The Father Who Wanted to Marry His Daughter,The Story of Catskin,"England, James Orchard Halliwell",,"England, James Orchard Halliwell",type0510b.html
510B,The Father Who Wanted to Marry His Daughter,The Princess in the Cat-Skins,Ireland,,Ireland,type0510b.html
510B,The Father Who Wanted to Marry His Daughter,The Beautiful Princess,Lithuania,,Lithuania,type0510b.html
510B,The Father Who Wanted to Marry His Daughter,The Princess with a Golden Star on Her Forehead,Czechia,,Czechia,type0510b.html
510B,The Father Who Wanted to Marry His Daughter,Pigskin,Ukraine,,Ukraine,type0510b.html
510B,The Father Who Wanted to Marry His Daughter,Kniaz Danila Govorila,Russia,,Russia,type0510b.html
510B,The Father Who Wanted to Marry His Daughter,Seggu-Jataka: How a Pious Greengrocer Tested His Daughter's Virtue,"India, The Jataka",,"India, The Jataka",type0510b.html
510B,The Father Who Wanted to Marry His Daughter,Type 510B tales in the English Language,,,,type0510b.html
510B,The Father Who Wanted to Marry His Daughter,Type 510B tales in the German Language,,,,type0510b.html
,Faust Legends,Doctor Johann Faustus,Abstracted from the Faust Chapbook of 1587,,Abstracted from the Faust Chapbook of 1587,faust.html
,Faust Legends,Doctor Faust in Neu-Ruppin,Germany,,Germany,faust.html
,Faust Legends,Dr. Faust at Boxberg Castle,Germany,,Germany,faust.html
,Faust Legends,Dr. Faust in Erfurt,Germany,,Germany,faust.html
,Faust Legends,Dr. Faust and Melanchton in Wittenberg,Germany,,Germany,faust.html
,Faust Legends,Doctor Faust in Anhalt,Ludwig Bechstein,,Ludwig Bechstein,faust.html
,Faust Legends,How Doctor Faust Came Back to Life,Germany,,Germany,faust.html
,Faust Legends,Faustschlössl,Austria,,Austria,faust.html
,Faust Legends,Doctor Faust at Castle Waardenburg,Netherlands,,Netherlands,faust.html
,Faust Legends,Faust's Book of Hell's Charms,"Zellerfeld, Germany",,"Zellerfeld, Germany",faust.html
,Faust Legends,Dr. Faust's Hell-Master,Germany,,Germany,faust.html
,Faust Legends,The Pact,Austria,,Austria,faust.html
,Faust Legends,A Scholar Assigns Himself to the Devil,Denmark,,Denmark,faust.html
,Faust Legends,Doctor Faustus Was a Good Man (1),England,,England,faust.html
,Faust Legends,Doctor Faustus Was a Good Man (2),England,,England,faust.html
,Faust Legends,Dule upon Dun,England,,England,faust.html
,Faust Legends,Devil Compacts,Scotland,,Scotland,faust.html
,Faust Legends,Dafydd Hiraddug and the Crow Barn,Wales,,Wales,faust.html
,Faust Legends,Selected literary works based on the Faust legend,,,,faust.html
,Faust Legends,Selected musical works based on the Faust legend,,,,faust.html
326,Fear,Good Bowling and Card-Playing,"Jacob and Wilhelm Grimm, 1812",,"Jacob and Wilhelm Grimm, 1812",type0326.html
326,Fear,The Story of a Boy Who Went Forth to Learn Fear,"Jacob and Wilhelm Grimm, 1819",,"Jacob and Wilhelm Grimm, 1819",type0326.html
326,Fear,Shuddering,Germany,,Germany,type0326.html
326,Fear,The Brave Flute Player,Germany,,Germany,type0326.html
326,Fear,A Fearless Boy,Denmark,,Denmark,type0326.html
326,Fear,The Boy Who Did Not Know What Fear Was,Iceland,,Iceland,type0326.html
326,Fear,Jack Dreadnought,Hungary,,Hungary,type0326.html
326,Fear,The Boy Who Found Fear at Last,Turkey,,Turkey,type0326.html
326,Fear,The Deadly Mosque,Persia,,Persia,type0326.html
326,Fear,About the Young Boy Who Had No Fear,Lithuania,,Lithuania,type0326.html
326,Fear,The Headless Dwarfs,Estonia,,Estonia,type0326.html
326,Fear,The Man Who Never Knew Fear,Ireland,,Ireland,type0326.html
326,Fear,The Boy Who Feared Nothing,England,Derbyshire,England (Derbyshire),type0326.html
326,Fear,The Dauntless Girl,England,Norfolk,England (Norfolk),type0326.html
326,Fear,A Wager Won,England,Oxfordshire,England (Oxfordshire),type0326.html
326,Fear,The Boy and the Ghost,USA,Alabama,USA (Alabama),type0326.html
326,Fear,The Dismembered Ghost,USA,,USA,type0326.html
326,Fear,The Haunted House,USA,North Carolina,USA (North Carolina),type0326.html
555,The Fisherman and His Wife,The Fisherman and His Wife,Germany,,Germany,type0555.html
555,The Fisherman and His Wife,Hanns Dudeldee,"Germany, Albert Ludewig Grimm",,"Germany, Albert Ludewig Grimm",type0555.html
555,The Fisherman and His Wife,"The Old Man, His Wife, and the Fish",Russia,,Russia,type0555.html
555,The Fisherman and His Wife,The Stonecutter,Japan,,Japan,type0555.html
555,The Fisherman and His Wife,The Bullock's Balls,India,,India,type0555.html
777A,The Flying Dutchman,The Sailors Said They Saw the Flying Dutchman,"John MacDonald, 1790",,"John MacDonald, 1790",type0777ast.html
777A,The Flying Dutchman,The Story of the Flying Dutchman,A Voyage to New South Wales,1795,A Voyage to New South Wales (1795),type0777ast.html
777A,The Flying Dutchman,A Common Superstition of Mariners,"Scotland, 1803",,"Scotland, 1803",type0777ast.html
777A,The Flying Dutchman,"Written on Passing Dead-Man's Island* In the Gulf of St Lawrence, Late in the Evening, Sept. 1804.","Thomas Moore, 1804",,"Thomas Moore, 1804",type0777ast.html
777A,The Flying Dutchman,The Dæmon-Frigate,"Sir Walter Scott, 1813",,"Sir Walter Scott, 1813",type0777ast.html
777A,The Flying Dutchman,Vanderdecken's Message Home,"Blackwood's Edinburgh Magazine, 1821)",,"Blackwood's Edinburgh Magazine, 1821)",type0777ast.html
777A,The Flying Dutchman,The Flying Dutchman,South Africa,,South Africa,type0777ast.html
777A,The Flying Dutchman,The Fable of the Flying Dutchman,"Heinrich Heine, The Memoirs of Herr von Schnabelewopski, 1833 You certainly know the fable of the Flying Dutchman. It is the story of an enchanted ship which can never arrive in port, and which since time immemorial has been sailing about at sea. When it meets a vessel, some of the unearthly sailors come in a boat and beg the others to take a packet of letters home for them. These letters must be nailed to the mast, else some misfortune will happen to the ship -- above all if no Bible be on board, and no horseshoe nailed to the foremast. The letters are always addressed to people whom no one knows, and who have long been dead, so that some late descendant gets a letter addressed to a far away great-great-grandmother, who has slept for centuries in her grave. That wooden ghost, that spook-ship, is so called from the captain, a Dutchman, who once swore by all the devils that he would get round a certain mountain -- its name has escaped me -- in spite of a fearful storm, even if he would have to sail until Judgment Day. The devil took him at his word, therefore he must sail forever, until set free by a woman's loyalty. The devil, in his stupidity, has no faith in female loyalty, and allowed the enchanted captain to land once in seven years and get married, and thus find opportunities to save his soul. The poor Dutchman! He often has been only too glad to escape from his marriage and his wife-savior, and get on board again. The play which I saw in Amsterdam [in the year 1827] was based on this fable. Another seven years have passed; the poor Dutchman is more weary than ever of his endless wandering; he comes ashore, befriends a Scottish nobleman, to whom he sells diamonds at an unbelievably low price, and when he hears that his customer has a beautiful daughter, he asks for her hand in marriage. This bargain is agreed to as well. Next we see the Scotsman's home; with an anxious heart the maiden awaits the bridegroom. With melancholy she often looks up at a large, time-worn picture which hangs in the hall, and depicts a handsome man in Spanish-Dutch clothing. It is an old heirloom, and according to her grandmother, it is a true portrait of the Flying Dutchman as he was seen in Scotland a hundred years earlier, in the time of William of Orange. A warning connected to this portrait has been passed down as well: that the women of the family must beware of the person depicted in the painting. This warning has naturally enough had the result of deeply impressing the features of the dangerous man in the picture in the girl's mind, from her childhood onward. Therefore, when the authentic Flying Dutchman makes his appearance, she is startled, but not from fear. He too is moved when he sees the portrait. But when he is told who it represents, he tactfully turns aside all suspicion, makes fun of the superstition, and ridicules the Flying Dutchman, the Wandering Jew of the Ocean. Nevertheless, now in a melancholy mood, he relates how the gentleman must be suffering horribly out there on the endless waves, how his body is nothing other than a coffin of flesh in which is soul in imprisoned, how life and death alike reject him, like an empty cask scornfully cast ashore by the sea, then contemptuously again set adrift. He further muses that the poor Dutchman's agony must be as deep as the sea on which he sails -- cast between life and death, his ship without anchor, and his heart without hope. I believe that these were, more or less, the words with which the bridegroom ends. The bride looks at him earnestly, now and then casting glances at his portrait. It seems seems that she has guessed his secret; and when he afterwards asks, ""Katherine, will you be true to me?"" she answers with resolve, ""True to death."" ............ [Following the intermission] I returned to my seat in the theater just in time to see the play's last scene. The Flying Dutchman's wife is standing on a high cliff above the sea wringing her hands in despair, while her unhappy husband is seen on the deck of his unearthly ship, tossing on the waves. He loves her, and will leave her lest she be lost with him. He confesses to her his dreadful destiny, and the cruel curse which hangs above his head. She cries aloud, ""I was true to you to this hour, and I know how to be true unto death! Saying this she throws herself into the waves, and the enchantment is ended. The Flying Dutchman is redeemed, and we see the ghostly ship slowly sink into the depths of the sea. Source: The Memoirs of Herr von Schnabelewopski, ch. 7, The Works of Heinrich Heine, translated from the german by Charles Godfrey Leland (Hans Breitmann), vol. 1 (London: William Heinemann, 1903), pp. 130-36. Translation corrected and revised by D. L. Ashliman. © 2013. Link to the German-language original: Die Fabel von dem fliegenden Holländer. The play that Heine ostensibly saw in Amsterdam has not been identified. This short sketch by Heinrich Heine served as the impetus for Richard Wagner's opera Der fliegende Holländer (first performed in 1843). Return to the table of contents. The Flying Dutchman of the Tappan Sea Washington Irving",,"Heinrich Heine, The Memoirs of Herr von Schnabelewopski, 1833 You certainly know the fable of the Flying Dutchman. It is the story of an enchanted ship which can never arrive in port, and which since time immemorial has been sailing about at sea. When it meets a vessel, some of the unearthly sailors come in a boat and beg the others to take a packet of letters home for them. These letters must be nailed to the mast, else some misfortune will happen to the ship -- above all if no Bible be on board, and no horseshoe nailed to the foremast. The letters are always addressed to people whom no one knows, and who have long been dead, so that some late descendant gets a letter addressed to a far away great-great-grandmother, who has slept for centuries in her grave. That wooden ghost, that spook-ship, is so called from the captain, a Dutchman, who once swore by all the devils that he would get round a certain mountain -- its name has escaped me -- in spite of a fearful storm, even if he would have to sail until Judgment Day. The devil took him at his word, therefore he must sail forever, until set free by a woman's loyalty. The devil, in his stupidity, has no faith in female loyalty, and allowed the enchanted captain to land once in seven years and get married, and thus find opportunities to save his soul. The poor Dutchman! He often has been only too glad to escape from his marriage and his wife-savior, and get on board again. The play which I saw in Amsterdam [in the year 1827] was based on this fable. Another seven years have passed; the poor Dutchman is more weary than ever of his endless wandering; he comes ashore, befriends a Scottish nobleman, to whom he sells diamonds at an unbelievably low price, and when he hears that his customer has a beautiful daughter, he asks for her hand in marriage. This bargain is agreed to as well. Next we see the Scotsman's home; with an anxious heart the maiden awaits the bridegroom. With melancholy she often looks up at a large, time-worn picture which hangs in the hall, and depicts a handsome man in Spanish-Dutch clothing. It is an old heirloom, and according to her grandmother, it is a true portrait of the Flying Dutchman as he was seen in Scotland a hundred years earlier, in the time of William of Orange. A warning connected to this portrait has been passed down as well: that the women of the family must beware of the person depicted in the painting. This warning has naturally enough had the result of deeply impressing the features of the dangerous man in the picture in the girl's mind, from her childhood onward. Therefore, when the authentic Flying Dutchman makes his appearance, she is startled, but not from fear. He too is moved when he sees the portrait. But when he is told who it represents, he tactfully turns aside all suspicion, makes fun of the superstition, and ridicules the Flying Dutchman, the Wandering Jew of the Ocean. Nevertheless, now in a melancholy mood, he relates how the gentleman must be suffering horribly out there on the endless waves, how his body is nothing other than a coffin of flesh in which is soul in imprisoned, how life and death alike reject him, like an empty cask scornfully cast ashore by the sea, then contemptuously again set adrift. He further muses that the poor Dutchman's agony must be as deep as the sea on which he sails -- cast between life and death, his ship without anchor, and his heart without hope. I believe that these were, more or less, the words with which the bridegroom ends. The bride looks at him earnestly, now and then casting glances at his portrait. It seems seems that she has guessed his secret; and when he afterwards asks, ""Katherine, will you be true to me?"" she answers with resolve, ""True to death."" ............ [Following the intermission] I returned to my seat in the theater just in time to see the play's last scene. The Flying Dutchman's wife is standing on a high cliff above the sea wringing her hands in despair, while her unhappy husband is seen on the deck of his unearthly ship, tossing on the waves. He loves her, and will leave her lest she be lost with him. He confesses to her his dreadful destiny, and the cruel curse which hangs above his head. She cries aloud, ""I was true to you to this hour, and I know how to be true unto death! Saying this she throws herself into the waves, and the enchantment is ended. The Flying Dutchman is redeemed, and we see the ghostly ship slowly sink into the depths of the sea. Source: The Memoirs of Herr von Schnabelewopski, ch. 7, The Works of Heinrich Heine, translated from the german by Charles Godfrey Leland (Hans Breitmann), vol. 1 (London: William Heinemann, 1903), pp. 130-36. Translation corrected and revised by D. L. Ashliman. © 2013. Link to the German-language original: Die Fabel von dem fliegenden Holländer. The play that Heine ostensibly saw in Amsterdam has not been identified. This short sketch by Heinrich Heine served as the impetus for Richard Wagner's opera Der fliegende Holländer (first performed in 1843). Return to the table of contents. The Flying Dutchman of the Tappan Sea Washington Irving",type0777ast.html
777A,The Flying Dutchman,The Rotterdam,Scotland,,Scotland,type0777ast.html
777A,The Flying Dutchman,The Spectre Ship of Porthcurno,England,,England,type0777ast.html
777A,The Flying Dutchman,We Meet the Flying Dutchman,"The Cruise of Her Majesty's Ship ""Bacchante,"" 1881",,"The Cruise of Her Majesty's Ship ""Bacchante,"" 1881",type0777ast.html
777A,The Flying Dutchman,The Phantom Ship,James William Buel,,James William Buel,type0777ast.html
777A,The Flying Dutchman,The Phantom Ship,,,,type0777ast.html
777A,The Flying Dutchman,In Pursuit of the Spectral Ship,,,,type0777ast.html
777A,The Flying Dutchman,Ghostly Ships of Extraordinary Proportions,,,,type0777ast.html
777A,The Flying Dutchman,A Monk Who Visited the Islands of the Damned and the Blessed,,,,type0777ast.html
777A,The Flying Dutchman,Origin of the Ghostly Ship,,,,type0777ast.html
777A,The Flying Dutchman,A Real Flying Dutchman,,,,type0777ast.html
777A,The Flying Dutchman,Dying Superstition,,,,type0777ast.html
1586,The Foolish Friend,The Mosquito and the Carpenter,The Jataka Tales,,The Jataka Tales,type1586.html
1586,The Foolish Friend,The Foolish Friend,The Panchatantra,,The Panchatantra,type1586.html
1586,The Foolish Friend,The Gardener and the Bear,Bidpai,,Bidpai,type1586.html
1586,The Foolish Friend,The Stupid Boy,Sri Lanka,,Sri Lanka,type1586.html
1586,The Foolish Friend,The Bald Man and the Fly,Aesop,,Aesop,type1586.html
1586,The Foolish Friend,The Seven Wise Men of Buneyr,Pakistan,,Pakistan,type1586.html
1586,The Foolish Friend,The Bear and the Amateur of Gardening,Jean de La Fontaine,,Jean de La Fontaine,type1586.html
1586,The Foolish Friend,Fortunio,"Italy, Giovanni Francesco Straparola",,"Italy, Giovanni Francesco Straparola",type1586.html
1586,The Foolish Friend,Giufà and the Judge,Italy,,Italy,type1586.html
1586,The Foolish Friend,The Little Omelet,Italy,,Italy,type1586.html
1586,The Foolish Friend,"Permission Granted, but Probably Regreted",Switzerland,,Switzerland,type1586.html
1586,The Foolish Friend,Foolish Hans,Austria-Hungary,,Austria-Hungary,type1586.html
1586,The Foolish Friend,The Blockhead and the Judge,England,,England,type1586.html
1586,The Foolish Friend,The Tale of a Butter Tub,Iceland,,Iceland,type1586.html
1586,The Foolish Friend,The Seven Crazy Fellows,Philippines,,Philippines,type1586.html
1586,The Foolish Friend,The Monkeys and the Dragonflies,Philippines,,Philippines,type1586.html
750A,Foolish Wishes,The Two-Headed Weaver,The Panchatantra,,The Panchatantra,type0750a.html
750A,Foolish Wishes,The Three Wishes,1001 Nights,,1001 Nights,type0750a.html
750A,Foolish Wishes,The Ridiculous Wishes,Charles Perrault,,Charles Perrault,type0750a.html
750A,Foolish Wishes,The Sausage,Sweden,,Sweden,type0750a.html
750A,Foolish Wishes,Loppi and Lappi,Estonia,,Estonia,type0750a.html
750A,Foolish Wishes,The Wishes,Hungary,,Hungary,type0750a.html
750A,Foolish Wishes,The Woodman's Three Wishes,England,,England,type0750a.html
750A,Foolish Wishes,The Three Wishes,England,,England,type0750a.html
1288A,A Fool Does Not Count the Animal He Is Riding,The Simpleton with Ten Asses,Turkey,,Turkey,type1288a.html
1288A,A Fool Does Not Count the Animal He Is Riding,The Hodja and His Eight Donkeys,Turkey,,Turkey,type1288a.html
1288A,A Fool Does Not Count the Animal He Is Riding,Johha Fails to Count the Donkey He Is Riding,Palestine,,Palestine,type1288a.html
675,The Fool Whose Wishes All Came True,Hans Dumb,Germany,,Germany,type0675.html
675,The Fool Whose Wishes All Came True,Stupid Michel,Germany,,Germany,type0675.html
675,The Fool Whose Wishes All Came True,"Lazy Lars, Who Won the Princess",Denmark,,Denmark,type0675.html
675,The Fool Whose Wishes All Came True,Emelyan the Fool,Russia,,Russia,type0675.html
675,The Fool Whose Wishes All Came True,Halfman,Greece,,Greece,type0675.html
675,The Fool Whose Wishes All Came True,Juvadi and the Princess,Italy,,Italy,type0675.html
675,The Fool Whose Wishes All Came True,Peter the Fool,Giovanni Francesco Straparola,,Giovanni Francesco Straparola,type0675.html
675,The Fool Whose Wishes All Came True,Peruonto,Giambattista Basile,,Giambattista Basile,type0675.html
1319,The Fool and the Mare's Egg,The Purchase of the Horse's Egg,India,,India,type1319.html
1319,The Fool and the Mare's Egg,The Gooroo Noodle and His Five Disciples Decide to Purchase a Horse,,,,type1319.html
1319,The Fool and the Mare's Egg,The Weaver and the Watermelon,India,,India,type1319.html
1319,The Fool and the Mare's Egg,Buying a Pumpkin Instead of a Mule,Algeria,,Algeria,type1319.html
1319,The Fool and the Mare's Egg,Nasreddin Hodja and the Mule's Egg,Turkey,,Turkey,type1319.html
1319,The Fool and the Mare's Egg,The Two Cockneys and the Mare's Egg,England,,England,type1319.html
1319,The Fool and the Mare's Egg,The McAndrew Family,Ireland,,Ireland,type1319.html
1319,The Fool and the Mare's Egg,Kleinenberg Horse Eggs,Germany,,Germany,type1319.html
1319,The Fool and the Mare's Egg,The Men from Ried Hatch a Donkey,Switzerland,,Switzerland,type1319.html
1319,The Fool and the Mare's Egg,Donkey Seed,Italy,,Italy,type1319.html
1319,The Fool and the Mare's Egg,The Pumpkin,Serbia,,Serbia,type1319.html
1319,The Fool and the Mare's Egg,The People of Sainte-Dode,France,,France,type1319.html
1319,The Fool and the Mare's Egg,The Irishman and the Mare's Egg,Canada,,Canada,type1319.html
1319,The Fool and the Mare's Egg,The Irishman and the Pumpkin,USA,Virginia,USA (Virginia),type1319.html
1319,The Fool and the Mare's Egg,Racehorse Eggs,USA,Idaho,USA (Idaho),type1319.html
1287,Fools Cannot Count Themselves,The Twelve Men of Gotham,England,,England,type1287.html
1287,Fools Cannot Count Themselves,The Five Traveling Journeymen,Germany,Swabia,Germany (Swabia),type1287.html
1287,Fools Cannot Count Themselves,The Seven Wise Men of Buneyr,Pakistan,,Pakistan,type1287.html
1287,Fools Cannot Count Themselves,The Lost Peasant,Kashmir,,Kashmir,type1287.html
1287,Fools Cannot Count Themselves,How the Kadambawa Men Counted Themselves,Sri Lanka,,Sri Lanka,type1287.html
756,Forgiveness and Redemption,Tannhäuser,Germany,,Germany,type0756.html
756,Forgiveness and Redemption,The Woman Who Had No Shadow,Scandinavia,,Scandinavia,type0756.html
105,The Fox and the Cat or The Fox and the Hedgehog,The Fish That Were Too Clever,The Panchatantra,,The Panchatantra,type0105.html
105,The Fox and the Cat or The Fox and the Hedgehog,The Crow and the Swan,The Mahabharata,,The Mahabharata,type0105.html
105,The Fox and the Cat or The Fox and the Hedgehog,A Fox and a Cat,Aesop,"L'Estrange, 1692","Aesop (L'Estrange, 1692)",type0105.html
105,The Fox and the Cat or The Fox and the Hedgehog,The Fox and the Cat,Aesop,,Aesop,type0105.html
105,The Fox and the Cat or The Fox and the Hedgehog,The Cat and Fox,Jean de La Fontaine,,Jean de La Fontaine,type0105.html
105,The Fox and the Cat or The Fox and the Hedgehog,The Fox and the Cat,Jacob and Wilhelm Grimm,,Jacob and Wilhelm Grimm,type0105.html
105,The Fox and the Cat or The Fox and the Hedgehog,The Seven-Witted Fox and the One-Witted Owl,Romania,,Romania,type0105.html
105,The Fox and the Cat or The Fox and the Hedgehog,The Fox and His Bagful of Wits and the One-Witted Hedgehog,Romania,,Romania,type0105.html
105,The Fox and the Cat or The Fox and the Hedgehog,The Fox and the Hedgehog,South Slavonic,,South Slavonic,type0105.html
105,The Fox and the Cat or The Fox and the Hedgehog,The Fox and the Hedgehog,Greece,,Greece,type0105.html
105,The Fox and the Cat or The Fox and the Hedgehog,The Bear as Judge,Finland,,Finland,type0105.html
105,The Fox and the Cat or The Fox and the Hedgehog,Two Losses,Georgia,,Georgia,type0105.html
105,The Fox and the Cat or The Fox and the Hedgehog,Can You Swim?,England,,England,type0105.html
57,The Fox and the Crow,The Fox and the Crow,Aesop,,Aesop,type0057.html
63,The Fox (or Jackal) and the Fleas,When the Fox Is Infested with Fleas,Germany,,Germany,type0063.html
63,The Fox (or Jackal) and the Fleas,When the Fox Wants to Get Rid of His Fleas,Norway,,Norway,type0063.html
63,The Fox (or Jackal) and the Fleas,When the Fox Is Plagued by Fleas,Denmark,,Denmark,type0063.html
63,The Fox (or Jackal) and the Fleas,The Fox and the Fleas,Scotland,,Scotland,type0063.html
63,The Fox (or Jackal) and the Fleas,How the Fox Gets Rid of Fleas,USA -- Georgia,,USA -- Georgia,type0063.html
63,The Fox (or Jackal) and the Fleas,The Jackal and the Flees,India / Pakiston,,India / Pakiston,type0063.html
15,The Fox Steals the Butter,Reynard and Bruin,Europe,,Europe,type0015.html
15,The Fox Steals the Butter,The Fox Cheats the Bear out of His Christmas Fare,Norway,,Norway,type0015.html
15,The Fox Steals the Butter,The Fox and the Wolf,Netherlands,,Netherlands,type0015.html
15,The Fox Steals the Butter,The Keg of Butter,Scotland,,Scotland,type0015.html
15,The Fox Steals the Butter,Cat and Mouse in Partnership,Jacob and Wilhelm Grimm,,Jacob and Wilhelm Grimm,type0015.html
15,The Fox Steals the Butter,Mr. Rabbit Nibbles up the Butter,African-American,,African-American,type0015.html
47E,"The Fox, the Wolf, and the Horse","The Fox, the Wolf, and the Horse",Jean de La Fontaine,,Jean de La Fontaine,type0047e.html
47E,"The Fox, the Wolf, and the Horse",Two Foxes and a Horse,Scotland,,Scotland,type0047e.html
47E,"The Fox, the Wolf, and the Horse",The Wolf and the Tailor,Russia,,Russia,type0047e.html
,Frau Holle,,KHM 24,,,grimm024a.html
,Frau Holle,by the Brothers Grimm,,,,grimm024a.html
480,Frau Holle and Other Tales of Type 480,The Kind and the Unkind Girls,,,,type0480.html
480,Frau Holle and Other Tales of Type 480,Frau Holle,Germany,,Germany,type0480.html
480,Frau Holle and Other Tales of Type 480,Frau Holle and the Distaff,Germany,,Germany,type0480.html
480,Frau Holle and Other Tales of Type 480,Saint Joseph in the Woods,Germany,,Germany,type0480.html
480,Frau Holle and Other Tales of Type 480,The Two Girls and the Angel,Germany,,Germany,type0480.html
480,Frau Holle and Other Tales of Type 480,The Two Stepsisters,Norway,,Norway,type0480.html
480,Frau Holle and Other Tales of Type 480,The Fairies,"France, Charles Perrault",,"France, Charles Perrault",type0480.html
480,Frau Holle and Other Tales of Type 480,The Bucket,Italy,,Italy,type0480.html
480,Frau Holle and Other Tales of Type 480,The Three Heads of the Well,England,,England,type0480.html
480,Frau Holle and Other Tales of Type 480,The Old Woman and the Two Servant Girls,England,,England,type0480.html
480,Frau Holle and Other Tales of Type 480,The Old Witch,England,,England,type0480.html
480,Frau Holle and Other Tales of Type 480,Morozko (Jack Frost),Russia,,Russia,type0480.html
480,Frau Holle and Other Tales of Type 480,The Twelve Months,Russia,,Russia,type0480.html
480,Frau Holle and Other Tales of Type 480,"Conkiajgharuna, the Little Rag-Girl",Georgia,,Georgia,type0480.html
480,Frau Holle and Other Tales of Type 480,The Two Stepsisters,Romania,,Romania,type0480.html
480,Frau Holle and Other Tales of Type 480,The Three Gifts,Poland,,Poland,type0480.html
480,Frau Holle and Other Tales of Type 480,Mangita and Larina,Philippines,,Philippines,type0480.html
480,Frau Holle and Other Tales of Type 480,The Bald Wife,India,,India,type0480.html
480,Frau Holle and Other Tales of Type 480,Lazy Maria,USA,,USA,type0480.html
,Frog Kings,"The Frog King; or, Iron Heinrich",Germany,,Germany,frog.html
,Frog Kings,The Frog Prince,"A translation of the Grimms' ""Frog King"" by Edgar Taylor",,"A translation of the Grimms' ""Frog King"" by Edgar Taylor",frog.html
,Frog Kings,The Frog Prince,Germany,,Germany,frog.html
,Frog Kings,The Enchanted Frog,Germany,,Germany,frog.html
,Frog Kings,The Singing Frog,Denmark,,Denmark,frog.html
,Frog Kings,The Wonderful Frog,Hungary,,Hungary,frog.html
,Frog Kings,The Princess and the Frog,Ireland,,Ireland,frog.html
,Frog Kings,A Story: The Girl and the Frog,Ireland,,Ireland,frog.html
,Frog Kings,A Story: A King in Ireland Who Had Three Daughters,Ireland,,Ireland,frog.html
,Frog Kings,The Queen Who Sought a Drink from a Certain Well,Scotland,,Scotland,frog.html
,Frog Kings,The Paddo,Scotland,,Scotland,frog.html
,Frog Kings,The Well of the World's End,Scotland,,Scotland,frog.html
,Frog Kings,The Well of the World's End,Ireland,,Ireland,frog.html
,Frog Kings,The Maiden and the Frog,England,,England,frog.html
,Frog Kings,The Frog Gentleman,England,,England,frog.html
,Frog Kings,The Kind Stepdaughter and the Frog,England,,England,frog.html
,Frog Kings,The Frog Prince,Sri Lanka,Northwestern Province,Sri Lanka (Northwestern Province),frog.html
,Frog Kings,A Frog for a Husband,Korea,,Korea,frog.html
,The Frog King or Iron Heinrich,by the Brothers Grimm,,,,frogking.html
278A,The Two Frogs,Two Neighbour-Frogs,Aesop,,Aesop,type0278a.html
278A,The Two Frogs,The Two Frogs Who Were Neighbours,Aesop,,Aesop,type0278a.html
278A,The Two Frogs,Two Frogs That Wanted Water,Aesop,,Aesop,type0278a.html
278A,The Two Frogs,The Two Frogs,Aesop,,Aesop,type0278a.html
278A,The Two Frogs,How a Tortoise Came to Grief Because He Loved His Home Too Much,The Jataka,,The Jataka,type0278a.html
278A,The Two Frogs,The Three Fishes,The Masnavi,,The Masnavi,type0278a.html
,Gefion's Home Page,"Gefion, the Norse Goddess of Unmarried Women",,,,gefion.html
,Gefion's Home Page,Gefion creates the Island of Zealand,From The Prose Edda of Snorri Sturluson,,From The Prose Edda of Snorri Sturluson,gefion.html
,Gefion's Home Page,From the Ynglinga Saga of Snorri Sturluson,,,,gefion.html
4025,Haunted by the Ghost of a Murdered Child,"Mother Mine, in the Fold, Fold",Iceland,,Iceland,type4025.html
4025,Haunted by the Ghost of a Murdered Child,I Should Have Gotten Married,Iceland,,Iceland,type4025.html
4025,Haunted by the Ghost of a Murdered Child,The Child Murderer,Denmark,,Denmark,type4025.html
4025,Haunted by the Ghost of a Murdered Child,The Child Phantom,Sweden,,Sweden,type4025.html
4025,Haunted by the Ghost of a Murdered Child,Short-Hoggers o' Whittinghame,Scotland,,Scotland,type4025.html
4025,Haunted by the Ghost of a Murdered Child,Fine Flowers in the Valley,Scotland,,Scotland,type4025.html
4025,Haunted by the Ghost of a Murdered Child,Lady Anne,Scotland,,Scotland,type4025.html
4025,Haunted by the Ghost of a Murdered Child,The Infanticide Mother,England,,England,type4025.html
4025,Haunted by the Ghost of a Murdered Child,The Crying Child,Poland,,Poland,type4025.html
1676,Real Ghosts and Fake Ghosts,Two Spirits,Belgium,,Belgium,type1676.html
1676,Real Ghosts and Fake Ghosts,Do Not Disturb the Rest of the Dead,Germany,,Germany,type1676.html
1676,Real Ghosts and Fake Ghosts,A Ghostly Council Meeting,Germany,,Germany,type1676.html
1676,Real Ghosts and Fake Ghosts,The Death Shroud,Germany,,Germany,type1676.html
1676,Real Ghosts and Fake Ghosts,The Scoffer of Herzberg,Germany,,Germany,type1676.html
1676,Real Ghosts and Fake Ghosts,The Peasant and the Owls,Germany,,Germany,type1676.html
1676,Real Ghosts and Fake Ghosts,The Preacher and the Ghost,Sweden,,Sweden,type1676.html
1676,Real Ghosts and Fake Ghosts,The Blacksmith,Ireland,,Ireland,type1676.html
1676,Real Ghosts and Fake Ghosts,A Ghost Story,Ireland,,Ireland,type1676.html
1676,Real Ghosts and Fake Ghosts,Meg of Meldon,England,,England,type1676.html
1676,Real Ghosts and Fake Ghosts,The Chivalrous Devil,England,,England,type1676.html
,The Girl with White Hands,a Zobell family legend,,,,whitehands.html
706,The Girl without Hands,Biancabella,"Giovanni Francesco Straparola, The Facetious Nights",,"Giovanni Francesco Straparola, The Facetious Nights",type0706.html
706,The Girl without Hands,Penta the Handless,"Giovanni Battista Basile, Il Pentamerone",,"Giovanni Battista Basile, Il Pentamerone",type0706.html
706,The Girl without Hands,Second Diversion of the Third Day,,,,type0706.html
706,The Girl without Hands,The Innkeeper's Beautiful Daughter,Italy,,Italy,type0706.html
706,The Girl without Hands,The Girl without Hands,Italy / Austria,,Italy / Austria,type0706.html
706,The Girl without Hands,Beautiful Magdalene,Germany,,Germany,type0706.html
706,The Girl without Hands,The Girl without Hands,"Germany, Jacob and Wilhelm Grimm",1812,"Germany, Jacob and Wilhelm Grimm (1812)",type0706.html
706,The Girl without Hands,The Girl without Hands,"Germany, Jacob and Wilhelm Grimm",1857,"Germany, Jacob and Wilhelm Grimm (1857)",type0706.html
706,The Girl without Hands,The Daughter Who Was Promised to the Devil,Germany,,Germany,type0706.html
706,The Girl without Hands,The Girl without Hands,Finland,Wuokkiniemi,Finland (Wuokkiniemi),type0706.html
706,The Girl without Hands,The Girl without Hands,Hungary,,Hungary,type0706.html
706,The Girl without Hands,William of the Tree,Ireland,,Ireland,type0706.html
706,The Girl without Hands,The Bad Stepmother,Ireland,,Ireland,type0706.html
706,The Girl without Hands,The Cruel Stepmother,Scotland,,Scotland,type0706.html
706,The Girl without Hands,Anecdote of a Charitable Woman,The 1001 Nights,,The 1001 Nights,type0706.html
706,The Girl without Hands,The Girl without Legs,Somalia,,Somalia,type0706.html
706,The Girl without Hands,Blessing or Property,Swahili,,Swahili,type0706.html
706,The Girl without Hands,The Sun and the Moon,Eskimo,,Eskimo,type0706.html
706,The Girl without Hands,Sun and Moon,Eskimo,,Eskimo,type0706.html
332,Godfather Death,Godfather Death,Germany,,Germany,type0332.html
332,Godfather Death,The Doctor and Death,Denmark,,Denmark,type0332.html
332,Godfather Death,The Boy with the Ale Keg,Norway,,Norway,type0332.html
332,Godfather Death,Story,Ireland,County Mayo,Ireland (County Mayo),type0332.html
332,Godfather Death,The Just Man,France,Lower Brittany,France (Lower Brittany),type0332.html
332,Godfather Death,The Godson of Death,France,,France,type0332.html
332,Godfather Death,A Legend from Dauphiné,,,,type0332.html
332,Godfather Death,Juan Holgado and Death,Spain,,Spain,type0332.html
332,Godfather Death,"Dr. Urssenbeck, Physician of Death",Austria,,Austria,type0332.html
332,Godfather Death,Godmother Death,Moravia,,Moravia,type0332.html
332,Godfather Death,The Poor Man and Death,Hungary,,Hungary,type0332.html
332,Godfather Death,Godfather Death,Italy,Sicily,Italy (Sicily),type0332.html
332,Godfather Death,The Just Man,Italy,,Italy,type0332.html
332,Godfather Death,Godfather Charon,Greece,Lesbos,Greece (Lesbos),type0332.html
,Lady Godiva,Lady Godiva,Roger of Wendover,,Roger of Wendover,godiva.html
,Lady Godiva,Godiva,"Alfred, Lord Tennyson",,"Alfred, Lord Tennyson",godiva.html
,The Golden Key,Jacob and Wilhelm Grimm,,,,grimm200.html
160,The Grateful Animals and the Ungrateful Man,The Grateful Animals and the Ungrateful Man,"India, The Panchatantra",,"India, The Panchatantra",type0160.html
160,The Grateful Animals and the Ungrateful Man,The Traveler and the Goldsmith,Kalila and Dimna,,Kalila and Dimna,type0160.html
160,The Grateful Animals and the Ungrateful Man,Story of the Grateful Animals and the Ungrateful Woman,The Kathasaritsagara,,The Kathasaritsagara,type0160.html
160,The Grateful Animals and the Ungrateful Man,Story of the Grateful Animals and the Ungrateful Woman,,,,type0160.html
160,The Grateful Animals and the Ungrateful Man,The Lion's Story,,,,type0160.html
160,The Grateful Animals and the Ungrateful Man,The Golden-Crested Bird's Story,,,,type0160.html
160,The Grateful Animals and the Ungrateful Man,The Snake's Story,,,,type0160.html
160,The Grateful Animals and the Ungrateful Man,The Woman's Story,,,,type0160.html
160,The Grateful Animals and the Ungrateful Man,The Grateful Animals and the Ungrateful Man,Tibet,,Tibet,type0160.html
160,The Grateful Animals and the Ungrateful Man,Vitalis and the Woodcutter,Attributed to Richard the Lionheart,Richard Coeur de Lion,Attributed to Richard the Lionheart (Richard Coeur de Lion),type0160.html
160,The Grateful Animals and the Ungrateful Man,Of Ingratitude,Gesta Romanorum,,Gesta Romanorum,type0160.html
160,The Grateful Animals and the Ungrateful Man,Adrian and Bardus,"England, John Gower",,"England, John Gower",type0160.html
505,The Grateful Dead,Sila Tsarevich and Ivashka with the White Smock,Russia,,Russia,type0505.html
505,The Grateful Dead,The Three Pennies,Denmark,,Denmark,type0505.html
68A,Greed,The Boy and the Filberts,Aesop,,Aesop,type0068a.html
68A,Greed,Capturing Monkeys,India,,India,type0068a.html
68A,Greed,The Greedy Monkey,Pakistan,,Pakistan,type0068a.html
68A,Greed,The Monkey and the Nuts,"USA, Ambrose Bierce",,"USA, Ambrose Bierce",type0068a.html
779,The Hand from the Grave,The Willful Child,Jacob and Wilhelm Grimm,,Jacob and Wilhelm Grimm,type0779.html
779,The Hand from the Grave,The Hand on the Grave,J. D. H. Temme,,J. D. H. Temme,type0779.html
779,The Hand from the Grave,Exodus XX,,,,type0779.html
779,The Hand from the Grave,The Parent Murderer of Salzwedel,J. D. H. Temme,,J. D. H. Temme,type0779.html
779,The Hand from the Grave,The Hand in Mellenthin,A. Kuhn and W. Schwartz,,A. Kuhn and W. Schwartz,type0779.html
779,The Hand from the Grave,A Hand Grows from the Grave,A. Kuhn and W. Schwartz,,A. Kuhn and W. Schwartz,type0779.html
779,The Hand from the Grave,A Hand Grows from the Grave: Three Legends from Mecklenburg,Karl Bartsch,,Karl Bartsch,type0779.html
779,The Hand from the Grave,The Withered Hand in the Church at Bergen,A. Haas,,A. Haas,type0779.html
779,The Hand from the Grave,The Cursed Hand,Karl Haupt,,Karl Haupt,type0779.html
779,The Hand from the Grave,A Hand Grows from the Grave,Bernard Baader,,Bernard Baader,type0779.html
779,The Hand from the Grave,The Hand That Grew from the Grave,J. G. Th. Grässe,,J. G. Th. Grässe,type0779.html
779,The Hand from the Grave,A Child's Hand That Wrongly Attacked a Mother Grows Out of the Grave,Friederich Wagenfeld,,Friederich Wagenfeld,type0779.html
779,The Hand from the Grave,A Mother Disciplines Her Deceased Child,"Switzerland, Franz Niderberger",,"Switzerland, Franz Niderberger",type0779.html
,The Hand of Glory,and other legends about human hands,,,,hand.html
,The Hand of Glory,The Hand of Glory,Sabine Baring-Gould,,Sabine Baring-Gould,hand.html
,The Hand of Glory,The Hand of Glory,"France, Germany, and Spain",,"France, Germany, and Spain",hand.html
,The Hand of Glory,The Inn of Spital on Stanmore,England,,England,hand.html
,The Hand of Glory,The Hand of Glory,England,,England,hand.html
,The Hand of Glory,Narrative 1,,,,hand.html
,The Hand of Glory,Narrative 2,,,,hand.html
,The Hand of Glory,Narrative 3,,,,hand.html
,The Hand of Glory,The Hand of Glory in Herefordshire,England,,England,hand.html
,The Hand of Glory,Thief's Foot -- Thief's Hand -- Thief's Finger,Netherlands,,Netherlands,hand.html
,The Hand of Glory,Thieves' Thumbs,Germany,,Germany,hand.html
,The Hand of Glory,Thieves' Lights,Germany,,Germany,hand.html
,The Hand of Glory,Spell and Counter-Spell,Germany,,Germany,hand.html
,The Hand of Glory,The Hands of Unbaptized Children,Switzerland,,Switzerland,hand.html
,The Hand of Glory,The Finger of Sin,Poland,,Poland,hand.html
1066,The Hanging Game,The White Hare,Denmark,,Denmark,type1066.html
1066,The Hanging Game,The Limping Hare,Germany,,Germany,type1066.html
1066,The Hanging Game,The Hanging Game,Switzerland,,Switzerland,type1066.html
1066,The Hanging Game,The Hanging Game,England,,England,type1066.html
1066,The Hanging Game,The Shifty Lad,Scotland,,Scotland,type1066.html
1066,The Hanging Game,The Two Thieves,Scotland,,Scotland,type1066.html
1066,The Hanging Game,Boys Try Beheading,Poland,,Poland,type1066.html
1066,The Hanging Game,Children Play at Slaughtering,Germany,,Germany,type1066.html
1066,The Hanging Game,Playing at Hanging,China,,China,type1066.html
,Hansel and Gretel,Jacob and Wilhelm Grimm,,,,grimm015a.html
,Hansel and Gretel,Summary of the differences between the Grimms' versions of 1812 and 1857,,,,grimm015a.html
,Hansel and Gretel,Translator's note,,,,grimm015a.html
327,Hansel and Gretel,Hansel and Gretel,Jacob and Wilhelm Grimm,,Jacob and Wilhelm Grimm,type0327.html
327,Hansel and Gretel,Nennillo and Nennella,Giambattista Basile,,Giambattista Basile,type0327.html
327,Hansel and Gretel,Little Thumb,Charles Perrault,,Charles Perrault,type0327.html
327,Hansel and Gretel,An Old Story,Ireland,,Ireland,type0327.html
327,Hansel and Gretel,Molly Whuppie,England,,England,type0327.html
327,Hansel and Gretel,Jan and Hanna,Poland,,Poland,type0327.html
327,Hansel and Gretel,The House of Candy,Czechia,,Czechia,type0327.html
327,Hansel and Gretel,Old Grule,Moravia,,Moravia,type0327.html
327,Hansel and Gretel,The Little Boy and the Wicked tepmother,Romania,,Romania,type0327.html
327,Hansel and Gretel,The Witch,Russia,,Russia,type0327.html
327,Hansel and Gretel,Magic Flight,African American,,African American,type0327.html
327,Hansel and Gretel,The Children and the Witch,Jamaica,,Jamaica,type0327.html
327,Hansel and Gretel,Juan and Maria,Philippines,,Philippines,type0327.html
,Hávamál,The Words of Odin the High One,from the Elder or Poetic Edda,Sæmund's Edda,from the Elder or Poetic Edda (Sæmund's Edda),havamal.html
,Hávamál,Wisdom for Wanderers and Counsel to Guests,,,,havamal.html
,Hávamál,Maxims for All Men,,,,havamal.html
,Hávamál,Lessons for Lovers,,,,havamal.html
,Hávamál,Odin's Love Quests,,,,havamal.html
,Hávamál,Odin's Quest after the Song Mead,,,,havamal.html
,Hávamál,The Counseling of the Stray-Singer,,,,havamal.html
,Hávamál,Odin's Quest after the Runes,,,,havamal.html
,Hávamál,The Song of Spells,,,,havamal.html
66A,"Hello, House!",The Hare and the Lion,Zanzibar,,Zanzibar,type0066a.html
66A,"Hello, House!",The Alligator and the Jackal,India,,India,type0066a.html
66A,"Hello, House!","Heyo, House!",African American,,African American,type0066a.html
571B,The Himphamp,The Himphamp,Scandinavia,,Scandinavia,type0571b.html
571B,The Himphamp,The Smith and the Priest,Germany,,Germany,type0571b.html
571B,The Himphamp,The Story of the Himphamp,Germany,,Germany,type0571b.html
571B,The Himphamp,Stupid Hans,Germany / Poland,,Germany / Poland,type0571b.html
571B,The Himphamp,The Count and the Smith,Poland,,Poland,type0571b.html
571B,The Himphamp,The Tale of the Basin,England,,England,type0571b.html
571B,The Himphamp,A Prose Summary of the Middle-English Ballad,,,,type0571b.html
571B,The Himphamp,Jack Horner and the Innkeeper's Wife,England,,England,type0571b.html
571B,The Himphamp,The Plaisham,Ireland,,Ireland,type0571b.html
571B,The Himphamp,The Raja's Son and the Kotwal's Son,India,,India,type0571b.html
571B,The Himphamp,The Love of Ares and Aphrodite,"Homer, The Odyssey",,"Homer, The Odyssey",type0571b.html
571B,The Himphamp,"Vulcan, Mars, and Venus","Ovid, The Metamorphoses",,"Ovid, The Metamorphoses",type0571b.html
571B,The Himphamp,"Vulcan, Mars, and Venus",The Romance of the Rose,,The Romance of the Rose,type0571b.html
47A,Catching a Horse by Its Tail,The Fox and the Horse,Germany,,Germany,type0047a.html
47A,Catching a Horse by Its Tail,Reynard Wants to Taste Horseflesh,Norway,,Norway,type0047a.html
47A,Catching a Horse by Its Tail,Fox and Wolf,Netherlands,,Netherlands,type0047a.html
47A,Catching a Horse by Its Tail,Brother Fox Catches Mr. Horse,African American,,African American,type0047a.html
47A,Catching a Horse by Its Tail,The Fox and the Wolf,Native American,Chickasaw,Native American (Chickasaw),type0047a.html
1342,Hot and Cold with the Same Breath,The Man and the Satyr,Aesop,,Aesop,type1342.html
1342,Hot and Cold with the Same Breath,The Satyr and the Traveler,Jean de La Fontaine,,Jean de La Fontaine,type1342.html
1342,Hot and Cold with the Same Breath,The Peasant and the Satyrs,Flanders,,Flanders,type1342.html
1342,Hot and Cold with the Same Breath,The Peasant and the Student,Germany,,Germany,type1342.html
,The Husband Who Was to Mind the House,Norway,,,,norway010.html
,Human Sacrifice in Legends and Myths,Human Sacrifice among the Gauls,,,,sacrifice.html
,Human Sacrifice in Legends and Myths,King Aun Sacrifices Nine Sons to Odin,Sweden,,Sweden,sacrifice.html
,Human Sacrifice in Legends and Myths,Buried Alive,Sweden,,Sweden,sacrifice.html
,Human Sacrifice in Legends and Myths,Copenhagen's Ramparts,Denmark,,Denmark,sacrifice.html
,Human Sacrifice in Legends and Myths,The Churchyard on the Island of Fur,Denmark,,Denmark,sacrifice.html
,Human Sacrifice in Legends and Myths,An Old Belief,Germany,,Germany,sacrifice.html
,Human Sacrifice in Legends and Myths,The Höxter Ghost,Germany,,Germany,sacrifice.html
,Human Sacrifice in Legends and Myths,Entombment,Germany,,Germany,sacrifice.html
,Human Sacrifice in Legends and Myths,The Entombed Child,Germany,,Germany,sacrifice.html
,Human Sacrifice in Legends and Myths,The Ghost at Spyker,Germany,,Germany,sacrifice.html
,Human Sacrifice in Legends and Myths,Sacrificing Virgins to Lakes,Germany,,Germany,sacrifice.html
,Human Sacrifice in Legends and Myths,The Old Church at Kohlstädt,Germany,,Germany,sacrifice.html
,Human Sacrifice in Legends and Myths,The Name Greene,Germany,,Germany,sacrifice.html
,Human Sacrifice in Legends and Myths,An Infant Speaks,Germany,,Germany,sacrifice.html
,Human Sacrifice in Legends and Myths,The Secured Foundation Stone,Germany,,Germany,sacrifice.html
,Human Sacrifice in Legends and Myths,Plesse Castle,Germany,,Germany,sacrifice.html
,Human Sacrifice in Legends and Myths,"Sacrifice, Human",England,,England,sacrifice.html
,Human Sacrifice in Legends and Myths,London Bridge Is Falling Down,Irish-American,,Irish-American,sacrifice.html
,Human Sacrifice in Legends and Myths,Story of the Bridge,Turkey,Gypsy,Turkey (Gypsy),sacrifice.html
,Human Sacrifice in Legends and Myths,Rumors of Foundation Sacrifice,India,,India,sacrifice.html
,Human Sacrifice in Legends and Myths,How the Cannibals Drove the People from Insofan Mountain to the Cross River (Ikom),Nigeria,,Nigeria,sacrifice.html
155,Ingratitude Is the World's Reward,"The Crocodile, the Brahman, and the Fox",India,,India,type0155.html
155,Ingratitude Is the World's Reward,The Camel Driver and the Adder,Bidpai,,Bidpai,type0155.html
155,Ingratitude Is the World's Reward,"The Brahman, the Tiger, and the Six Judges",India,,India,type0155.html
155,Ingratitude Is the World's Reward,"The Tiger, the Brahman, and the Jackal",India,,India,type0155.html
155,Ingratitude Is the World's Reward,"The Farmer, the Crocodile, and the Jackal",Pakistan,,Pakistan,type0155.html
155,Ingratitude Is the World's Reward,The Young Man and the Snake,Pakistan,,Pakistan,type0155.html
155,Ingratitude Is the World's Reward,The Jackal's Judgment,Sri Lanka,,Sri Lanka,type0155.html
155,Ingratitude Is the World's Reward,The Unmannerly Tiger,Korea,,Korea,type0155.html
155,Ingratitude Is the World's Reward,The Snake's Thanks,Jewish,,Jewish,type0155.html
155,Ingratitude Is the World's Reward,Inside Again,Europe,,Europe,type0155.html
155,Ingratitude Is the World's Reward,Of Nature and the Returns of Ingratitude,Gesta Romanorum,,Gesta Romanorum,type0155.html
155,Ingratitude Is the World's Reward,The Reward of Good Deeds,Denmark,,Denmark,type0155.html
155,Ingratitude Is the World's Reward,The Reward of Kindness,Finland,,Finland,type0155.html
155,Ingratitude Is the World's Reward,"The Man, the Serpent, and the Fox",Greece,,Greece,type0155.html
155,Ingratitude Is the World's Reward,The Ingrates,Italy,,Italy,type0155.html
155,Ingratitude Is the World's Reward,"The Lion, the Horse, and the Fox",Italy,,Italy,type0155.html
155,Ingratitude Is the World's Reward,Ingratitude Is the World's Reward,Moravia,,Moravia,type0155.html
155,Ingratitude Is the World's Reward,The World's Reward,Russia,,Russia,type0155.html
155,Ingratitude Is the World's Reward,"The Peasant, the Snake, and King Solomon",Romania,,Romania,type0155.html
155,Ingratitude Is the World's Reward,Brother Wolf Still in Trouble,African-American,,African-American,type0155.html
328J,Jack and the Beanstalk,Jack and the Beanstalk,As recorded by Joseph Jacobs,,As recorded by Joseph Jacobs,type0328jack.html
328J,Jack and the Beanstalk,Jack and the Beanstalk,As recorded by Andrew Lang,,As recorded by Andrew Lang,type0328jack.html
328J,Jack and the Beanstalk,Jack Sells the Cow,,,,type0328jack.html
328J,Jack and the Beanstalk,Wonderful Growth of the Beanstalk,,,,type0328jack.html
328J,Jack and the Beanstalk,The Hen That Lays Golden Eggs,,,,type0328jack.html
328J,Jack and the Beanstalk,The Money Bags,,,,type0328jack.html
328J,Jack and the Beanstalk,Jack and the Beanstalk,As recorded by Edwin Sidney Hartland,,As recorded by Edwin Sidney Hartland,type0328jack.html
328J,Jack and the Beanstalk,Jack and the Bean-Pole,"Pennsylvania, as recorded by Elsie Clews Parsons",,"Pennsylvania, as recorded by Elsie Clews Parsons",type0328jack.html
328J,Jack and the Beanstalk,Jack and the Bean-Stalk,"Jamaica, as recorded by Martha Warren Beckwith",,"Jamaica, as recorded by Martha Warren Beckwith",type0328jack.html
154,The Jackal and the Farmer,The Jackal and the Farmer,North Africa,Kabyl,North Africa (Kabyl),type0154.html
154,The Jackal and the Farmer,Well Done and Ill Paid,Norway,,Norway,type0154.html
,Folktales from Japan,The Two Frogs,,,,japan.html
,Folktales from Japan,The Mirror of Matsuyama,,,,japan.html
,Folktales from Japan,Visu the Woodsman and the Old Priest,,,,japan.html
,Folktales from Japan,The Adventures of Little Peachling,,,,japan.html
,Folktales from Japan,The Tongue-Cut Sparrow,,,,japan.html
,Folktales from Japan,A Woman and the Bell of Miidera,,,,japan.html
,Folktales from Japan,The Stonecutter,,,,japan.html
,Folktales from Japan,"Danzayémon, Chief of the Etas",,,,japan.html
,Japanese Legends about Supernatural Sweethearts,The Robe of Feathers,,,,japanlove.html
,Japanese Legends about Supernatural Sweethearts,The Snow Bride,,,,japanlove.html
,Japanese Legends about Supernatural Sweethearts,Willow Wife,,,,japanlove.html
,Japanese Legends about Supernatural Sweethearts,The White Butterfly,,,,japanlove.html
,Japanese Legends about Supernatural Sweethearts,The Vampire Cat,,,,japanlove.html
,Japanese Legends about Supernatural Sweethearts,The Firefly,,,,japanlove.html
,Japanese Legends about Supernatural Sweethearts,The Princess Peony,,,,japanlove.html
,The Jataka Tales,About the Jataka Tales,,,,jataka.html
,The Jataka Tales,The Future Buddha as a Wise Judge,,,,jataka.html
,The Jataka Tales,The Mosquito and the Carpenter,,,,jataka.html
,The Jataka Tales,The Golden Mallard,,,,jataka.html
,The Jataka Tales,The Tortoise That Loved His Home Too Much,,,,jataka.html
,The Jataka Tales,How a Parrot Told Tales of His Mistress and Had His Neck Wrung,,,,jataka.html
,The Jataka Tales,The Monkey's Heart,,,,jataka.html
,The Jataka Tales,The Talkative Tortoise,The Jataka Tales,,The Jataka Tales,jataka.html
,The Jataka Tales,The People Who Saw the Judas Tree,,,,jataka.html
,The Jataka Tales,The Timid Hare and the Flight of the Beasts,,,,jataka.html
,The Jataka Tales,How a Vain Woman Was Reborn As a Dung-Worm,,,,jataka.html
,The Jataka Tales,The Language of Animals,,,,jataka.html
,The Jataka Tales,Sulasa and Sattuka,,,,jataka.html
,The Jataka Tales,How an Ungrateful Son Planned to Murder His Old Father,,,,jataka.html
,Jephthah and His Daughter,The Book of Judges,Chapter 11,,Chapter 11,jephthah.html
,Kora and His Sister,India,,,,kora.html
670,The Language of Animals,The Language of Animals,"from The Jataka; or, Stories of the Buddha's Former Births",,"from The Jataka; or, Stories of the Buddha's Former Births",type0670.html
670,The Language of Animals,The King and His Inquisitive Queen,India,,India,type0670.html
670,The Language of Animals,The Billy Goat and the King,"India, Andrew Lang",,"India, Andrew Lang",type0670.html
670,The Language of Animals,Ramai and the Bonga,India,,India,type0670.html
670,The Language of Animals,The King Who Learnt the Speech of Animals,Sri Lanka,,Sri Lanka,type0670.html
670,The Language of Animals,"The Bull, the Donkey, and the Husbandman",The 1001 Nights,,The 1001 Nights,type0670.html
670,The Language of Animals,The Merchant Who Knew the Language of Beasts,Palestine,,Palestine,type0670.html
670,The Language of Animals,The Snake's Gift: Language of Animals,Serbia,,Serbia,type0670.html
670,The Language of Animals,The Language of Animals,Bulgaria,,Bulgaria,type0670.html
670,The Language of Animals,The Language of Beasts,"Bulgaria, Andrew Lang",,"Bulgaria, Andrew Lang",type0670.html
670,The Language of Animals,Woman's Curiosity,Hungary,,Hungary,type0670.html
670,The Language of Animals,The Dog and the Cock,Denmark,,Denmark,type0670.html
670,The Language of Animals,The Wicked Wife,Germany,,Germany,type0670.html
670,The Language of Animals,Frederigo da Pozzuolo Is Pressed by His Wife to Tell a Secret,Giovanni Francesco Straparola,,Giovanni Francesco Straparola,type0670.html
670,The Language of Animals,The Language of Beasts,Jamaica,,Jamaica,type0670.html
,The Leprechaun,Variant spellings and designations,,,,leprechaun.html
,The Leprechaun,Lepreghaun,Lady Morgan Sydney,,Lady Morgan Sydney,leprechaun.html
,The Leprechaun,The Field of Boliauns [Ragweed],Thomas Crofton Croker,,Thomas Crofton Croker,leprechaun.html
,The Leprechaun,The Little Shoe,Thomas Crofton Croker,,Thomas Crofton Croker,leprechaun.html
,The Leprechaun,Cluricaune or Leprehaune,Thomas Crofton Croker,,Thomas Crofton Croker,leprechaun.html
,The Leprechaun,The Three Leprechauns,Thomas Keightley,,Thomas Keightley,leprechaun.html
,The Leprechaun,The Three Leprechauns,,,,leprechaun.html
,The Leprechaun,The Kildare Lurikeen,Patrick Kennedy,,Patrick Kennedy,leprechaun.html
,The Leprechaun,The Leprehaun,Lady Wilde,,Lady Wilde,leprechaun.html
,The Leprechaun,"The Solitary Fairies: Lepracaun, Cluricaun, Far Darrig",William Butler Yeats,,William Butler Yeats,leprechaun.html
,The Leprechaun,The Maker of Brogues,Brampton Hunt,,Brampton Hunt,leprechaun.html
92,The Lion in the Water,The Lion and the Hare,"India, The Panchatantra",,"India, The Panchatantra",type0092.html
92,The Lion in the Water,The Lion and the Hare,Bidpai,,Bidpai,type0092.html
92,The Lion in the Water,The Lion Whose Name Was Pingala,India,,India,type0092.html
92,The Lion in the Water,Singh Rajah and the Cunning Little Jackals,India,,India,type0092.html
92,The Lion in the Water,The Killing of the Rakhas,India,,India,type0092.html
92,The Lion in the Water,The Lion and the Hare,India,,India,type0092.html
92,The Lion in the Water,The Tiger and the Shadow,Malaya,,Malaya,type0092.html
92,The Lion in the Water,The Tiger and the Hare,Pakistan,,Pakistan,type0092.html
92,The Lion in the Water,The Tiger and the Fox,Pakistan,,Pakistan,type0092.html
92,The Lion in the Water,The Hare and the Lions,Tibet,,Tibet,type0092.html
92,The Lion in the Water,Brother Rabbit Conquers Brother Lion,African American,,African American,type0092.html
92,The Lion in the Water,Lion Brooks No Rival,African-American,,African-American,type0092.html
50,Curing a Sick Lion,"The Lion, the Wolf, and the Fox",Aesop,,Aesop,type0050.html
50,Curing a Sick Lion,"The Lion, Wolf, and Fox",Jean de La Fontaine,,Jean de La Fontaine,type0050.html
50,Curing a Sick Lion,The Hyena Outwitted,India,,India,type0050.html
50,Curing a Sick Lion,The King of the Tigers Is Sick,Malaya,,Malaya,type0050.html
,Norse Ballads of Henry Wadsworth Longfellow,The Challenge of Thor,Henry Wadsworth Longfellow,,Henry Wadsworth Longfellow,longfellow.html
,Norse Ballads of Henry Wadsworth Longfellow,Thangbrand the Priest,Henry Wadsworth Longfellow,,Henry Wadsworth Longfellow,longfellow.html
,Norse Ballads of Henry Wadsworth Longfellow,The Skeleton in Armor,Henry Wadsworth Longfellow,,Henry Wadsworth Longfellow,longfellow.html
,Norse Ballads of Henry Wadsworth Longfellow,Tegner's Drapa,Henry Wadsworth Longfellow,,Henry Wadsworth Longfellow,longfellow.html
,Norse Ballads of Henry Wadsworth Longfellow,A List of Germanic Poems by Henry Wadsworth Longfellow,,,,longfellow.html
,Lorelei,Alternate Spellings,,,,lorelei.html
,Lorelei,"Balladen, in deutscher Sprache",,,,lorelei.html
,Lorelei,Lore Lay,Clemens Brentano,,Clemens Brentano,lorelei.html
,Lorelei,The Lorelei,Paul Zaunert,,Paul Zaunert,lorelei.html
,Lorelei,The Witch of Bacharach,,,,lorelei.html
,Lorelei,The Devil and the Lorelei,,,,lorelei.html
,Lorelei,Lurlei,Ludwig Bechstein,,Ludwig Bechstein,lorelei.html
,Lorelei,The Maiden on the Lorelei,Karl Wehrhan,,Karl Wehrhan,lorelei.html
,Lorelei,The Lorelei,Lewis Spence,,Lewis Spence,lorelei.html
,Lorelei,Lorlei Castle,Philipp von Steinau,,Philipp von Steinau,lorelei.html
,Lorelei,Zu Bacharach am Rheine,Clemens Brentano,,Clemens Brentano,lorelei.html
,Lorelei,Waldgespräch,Joseph von Eichendorff,,Joseph von Eichendorff,lorelei.html
,Lorelei,"Ich weiß nicht, was soll es bedeuten",Heinrich Heine,,Heinrich Heine,lorelei.html
,Lorelei,Loreley: Eine Sage vom Rhein,Otto Heinrich Graf von Loeben,,Otto Heinrich Graf von Loeben,lorelei.html
,Lorelei,Der Handstand auf der Loreley,(Nach einer wahren Begebenheit) Erich Kästner,,(Nach einer wahren Begebenheit) Erich Kästner,lorelei.html
,Doctor Luther at the Wartburg,"German Legends, no. 562",,,,legend562.html
,Doctor Luther at the Wartburg,Jacob and Wilhelm Grimm,,,,legend562.html
1965,Lying Tales,Lying Tale,England,Yorkshire,England (Yorkshire),type1965.html
1965,Lying Tales,Sir Gammer Vans,England,,England,type1965.html
1965,Lying Tales,One Dark Night,USA,Idaho,USA (Idaho),type1965.html
1965,Lying Tales,Knoist and His Three Sons,Germany,,Germany,type1965.html
1965,Lying Tales,The Three Brothers,Italy,,Italy,type1965.html
,The Magdeburg Bridge,,Die Magdeburger Brücke,,,magdeburg.html
,Magic Books,Books on Black Art,Ireland,,Ireland,magicbook.html
,Magic Books,The Wondrous Michael Scott,Scotland,,Scotland,magicbook.html
,Magic Books,The Magic Book,Germany,,Germany,magicbook.html
,Magic Books,The Magic Book and the Crows,Germany,,Germany,magicbook.html
,Magic Books,The Sixth and Seventh Books of Moses,Germany,,Germany,magicbook.html
,Magic Books,The Sixth and Seventh Books of Moses,Germany / Poland,,Germany / Poland,magicbook.html
,Magic Books,The Sixth and Seventh Books of Moses,"Chemnitz, Germany",,"Chemnitz, Germany",magicbook.html
,Magic Books,The Sixth and Seventh Books of Moses,"Rügen, Germany",,"Rügen, Germany",magicbook.html
,Magic Books,The Black Book,Rügen. Germany,,Rügen. Germany,magicbook.html
,Magic Books,Faust's Book of Hell's Charms,"Zellerfeld, Germany",,"Zellerfeld, Germany",magicbook.html
,Magic Books,Dr. Faust's Hell-Master,Germany,,Germany,magicbook.html
,Magic Books,The Book of Cyprianus,Denmark,,Denmark,magicbook.html
,Magic Books,The Milkmaid from Listrup,Denmark,,Denmark,magicbook.html
,Magic Books,The Court Tutor at Tøjstrup Manor,Denmark,,Denmark,magicbook.html
,Magic Books,Cyprianus,Denmark,,Denmark,magicbook.html
,Magic Books,Folk Beliefs about the Cyprianus,Denmark,,Denmark,magicbook.html
,Magic Books,The Devil Is Given a Task,Denmark,,Denmark,magicbook.html
,Magic Books,The Book of Magic,Russia,,Russia,magicbook.html
285D,Man and Serpent,The Gold-Giving Snake,The Panchatantra,,The Panchatantra,type0285d.html
285D,Man and Serpent,Of Good Advice,Gesta Romanorum,,Gesta Romanorum,type0285d.html
285D,Man and Serpent,The Man and the Serpent,Aesop,,Aesop,type0285d.html
285D,Man and Serpent,The Rattlesnake's Vengeance,Native American,Cherokee,Native American (Cherokee),type0285d.html
1215,"The Man, the Boy, and the Donkey","The Man, the Boy, and the Donkey",Aesop,,Aesop,type1215.html
1215,"The Man, the Boy, and the Donkey",The Lady's Nineteenth Story,Turkey,,Turkey,type1215.html
1215,"The Man, the Boy, and the Donkey",It Is Difficult to Please Everyone,Turkey,,Turkey,type1215.html
1215,"The Man, the Boy, and the Donkey",Of the Olde Man and His Sonne That Brought His Asse to the Towne to Sylle,England,,England,type1215.html
1215,"The Man, the Boy, and the Donkey",An Unusual Ride,Switzerland/Germany,,Switzerland/Germany,type1215.html
,Mastermaid,Norway,,,,norway120.html
,Master Builders and Their Supernatural Helpers,Loki and the Master Builder,From The Prose Edda of Snorri Sturluson,Iceland,From The Prose Edda of Snorri Sturluson (Iceland),mbuilder.html
,Master Builders and Their Supernatural Helpers,King Olaf and the Giant,Norway,,Norway,mbuilder.html
,Master Builders and Their Supernatural Helpers,The Giant Finn and Lund's Cathedral,Sweden,,Sweden,mbuilder.html
,Master Builders and Their Supernatural Helpers,Esbern Snare and the Kalundborg Church,Denmark,,Denmark,mbuilder.html
,Master Builders and Their Supernatural Helpers,The Builder Zi,Denmark,,Denmark,mbuilder.html
,Master Builders and Their Supernatural Helpers,Who Built the Reynir Church?,Iceland,,Iceland,mbuilder.html
,Master Builders and Their Supernatural Helpers,The Devil's Church near Dembe,Poland,,Poland,mbuilder.html
,Master Builders and Their Supernatural Helpers,Why the North Tower of Saint Stephen's Cathedral Remains Unfinished,Austria,,Austria,mbuilder.html
,Master Builders and Their Supernatural Helpers,Saint Michael's Church in Steyr,Austria,,Austria,mbuilder.html
,Master Builders and Their Supernatural Helpers,Construction of Saint Lawrence's Church near Altheim,Austria,,Austria,mbuilder.html
,Master Builders and Their Supernatural Helpers,The Two Master Builders at Wasserburg,Germany,,Germany,mbuilder.html
,Master Builders and Their Supernatural Helpers,The Master Builder of the Würzburg Cathedral,Germany,,Germany,mbuilder.html
,Master Builders and Their Supernatural Helpers,The Master Builder of the Bamberg Cathedral,Germany,,Germany,mbuilder.html
,"Melusina (Melusine, Mélusine)",Water People,Paracelsus,,Paracelsus,melusina.html
,"Melusina (Melusine, Mélusine)",The True Melusina,Paracelsus,,Paracelsus,melusina.html
,"Melusina (Melusine, Mélusine)",The Fair Melusina,Albania,,Albania,melusina.html
,"Melusina (Melusine, Mélusine)",Legend of Melusina,France,,France,melusina.html
,"Melusina (Melusine, Mélusine)","The Legend of Beautiful Melusina, the Ancestress of Luxembourg Counts",Luxembourg,,Luxembourg,melusina.html
,"Melusina (Melusine, Mélusine)",Melusina (Soldiers' Legend),Luxembourg,,Luxembourg,melusina.html
,"Melusina (Melusine, Mélusine)",The Mysterious Maiden Mélusine,Luxembourg,,Luxembourg,melusina.html
,"Melusina (Melusine, Mélusine)",Melusina,Germany,,Germany,melusina.html
,"Melusina (Melusine, Mélusine)",Herr Peter Dimringer von Staufenberg,Germany,,Germany,melusina.html
,"Melusina (Melusine, Mélusine)",The Water Maid,Germany,,Germany,melusina.html
,"Melusina (Melusine, Mélusine)",Brauhard's Mermaid,Germany,,Germany,melusina.html
,"Melusina (Melusine, Mélusine)",General,,,,melusina.html
,"Melusina (Melusine, Mélusine)",Ballads,,,,melusina.html
,"Melusina (Melusine, Mélusine)",Changeling Legends,,,,melusina.html
,"Melusina (Melusine, Mélusine)",Literary texts in the German Language -- Literarische Texte in deutscher Sprache,,,,melusina.html
4080,The Mermaid Wife,The Captured Mermaid,Isle of Man,,Isle of Man,type4080.html
4080,The Mermaid Wife,The Mermaid and the Shepherd,Isle of Man,,Isle of Man,type4080.html
4080,The Mermaid Wife,The Mermaid Wife,Shetland Islands,,Shetland Islands,type4080.html
4080,The Mermaid Wife,The Silkie Wife,Shetland and Orkney Islands,,Shetland and Orkney Islands,type4080.html
4080,The Mermaid Wife,Herman Perk and the Seal,Shetland Islands,,Shetland Islands,type4080.html
4080,The Mermaid Wife,The Goodman of Wastness,Scotland,Orkney Islands,Scotland (Orkney Islands),type4080.html
4080,The Mermaid Wife,The Mermaid of Lochinver,Scotland,,Scotland,type4080.html
4080,The Mermaid Wife,The Sealskin,Iceland,,Iceland,type4080.html
4080,The Mermaid Wife,Touched by Iron,Wales,,Wales,type4080.html
4080,The Mermaid Wife,The Mermaid of Zennor,Cornwall,,Cornwall,type4080.html
4080,The Mermaid Wife,Tom Moore and the Seal Woman,Ireland,,Ireland,type4080.html
4080,The Mermaid Wife,The Lady of Gollerus,Ireland,,Ireland,type4080.html
4080,The Mermaid Wife,The Mermaid,Ireland,,Ireland,type4080.html
4080,The Mermaid Wife,Legend of O' Dowd of Inniscrone Castle and the Mermaid,Ireland,,Ireland,type4080.html
4080,The Mermaid Wife,Brauhard's Mermaid,Germany,,Germany,type4080.html
,Merseburg Incantations,Merseburger Zaubersprüche,,,,merseburg.html
782,Midas,Midas,Greece,,Greece,type0782.html
782,Midas,The Goat's Ears of the Emperor Trojan,Serbia,,Serbia,type0782.html
782,Midas,The King with the Horse's Ears,Ireland,,Ireland,type0782.html
782,Midas,March's Ears (1),Wales,,Wales,type0782.html
782,Midas,March's Ears (2),Wales,,Wales,type0782.html
782,Midas,The Child with the Ears of an Ox,India,,India,type0782.html
782,Midas,The Presidente Who Had Horns,Philippines,Ilocano,Philippines (Ilocano),type0782.html
,"Midwife (or Godparent, or Nurse) for the Elves",The Troll Labor,Sweden,,Sweden,midwife.html
,"Midwife (or Godparent, or Nurse) for the Elves",The Clergyman's Wife,Sweden,Lapland,Sweden(Lapland),midwife.html
,"Midwife (or Godparent, or Nurse) for the Elves",Midwife for a Mermaid,Germany,,Germany,midwife.html
,"Midwife (or Godparent, or Nurse) for the Elves",The Water-Nix Takes a Midwife to His Wife,Germany,,Germany,midwife.html
,"Midwife (or Godparent, or Nurse) for the Elves",The Servant Girl and the Elves,Germany,,Germany,midwife.html
,"Midwife (or Godparent, or Nurse) for the Elves",The Godmother,Switzerland,,Switzerland,midwife.html
,"Midwife (or Godparent, or Nurse) for the Elves",Straw into Gold,Germany,,Germany,midwife.html
,"Midwife (or Godparent, or Nurse) for the Elves",The Water-Man,Germany,,Germany,midwife.html
,"Midwife (or Godparent, or Nurse) for the Elves",The Woman among the Elves,Germany,,Germany,midwife.html
,"Midwife (or Godparent, or Nurse) for the Elves",The Dwarfs in Schalk Mountain and Wohlden Mountain,Germany,,Germany,midwife.html
,"Midwife (or Godparent, or Nurse) for the Elves",An Underground Woman in Labor,Germany,,Germany,midwife.html
,"Midwife (or Godparent, or Nurse) for the Elves",Midwife for a Nixie,Germany,,Germany,midwife.html
,"Midwife (or Godparent, or Nurse) for the Elves",The Midwife of Hafoddydd,Wales,,Wales,midwife.html
,"Midwife (or Godparent, or Nurse) for the Elves",The Fairy Nurse,Ireland,,Ireland,midwife.html
,"Midwife (or Godparent, or Nurse) for the Elves",The Midwife of Listowel,Ireland,,Ireland,midwife.html
,"Midwife (or Godparent, or Nurse) for the Elves",The Midwife,Ireland,,Ireland,midwife.html
,"Midwife (or Godparent, or Nurse) for the Elves",Fairy Ointment,England,,England,midwife.html
1335A,The Moon in the Well,Nasreddin Hodja Rescues the Moon,Turkey,,Turkey,type1335a.html
1335A,The Moon in the Well,The Monkeys and the Moon,Tibet,,Tibet,type1335a.html
247,Every Mother Thinks Her Child Is the Most Beautiful,The Eagle and the Owl,Jean de La Fontaine,,Jean de La Fontaine,type0247.html
247,Every Mother Thinks Her Child Is the Most Beautiful,One's Own Children Are Always Prettiest,Norway,,Norway,type0247.html
247,Every Mother Thinks Her Child Is the Most Beautiful,The Crow and Its Ugly Fledglings,Romania,,Romania,type0247.html
247,Every Mother Thinks Her Child Is the Most Beautiful,Why Is There Enmity Between the Crow and the Hawk?,Romania,,Romania,type0247.html
247,Every Mother Thinks Her Child Is the Most Beautiful,Jupiter and the Monkey,Aesop,,Aesop,type0247.html
247,Every Mother Thinks Her Child Is the Most Beautiful,Jupiter and the Baby Show,Ambrose Bierce,,Ambrose Bierce,type0247.html
720,Mother Killed Me Father Ate Me,The Juniper Tree,Germany,,Germany,type0720.html
720,Mother Killed Me Father Ate Me,The Girl and the Boy,Austria,,Austria,type0720.html
720,Mother Killed Me Father Ate Me,The Crow's Nest,Hungary,,Hungary,type0720.html
720,Mother Killed Me Father Ate Me,The Rose Tree,England,Devonshire,England (Devonshire),type0720.html
720,Mother Killed Me Father Ate Me,The Satin Frock,England,Yorkshire,England (Yorkshire),type0720.html
720,Mother Killed Me Father Ate Me,The Milk-White Doo [Dove],Scotland,,Scotland,type0720.html
720,Mother Killed Me Father Ate Me,The Little Boy and the Wicked Stepmother,Romania,,Romania,type0720.html
1592,The Iron-Eating Mice,Miracle upon Miracle,India,,India,type1592.html
1592,The Iron-Eating Mice,The Mice That Ate an Iron Balance,India,,India,type1592.html
1592,The Iron-Eating Mice,The Iron Weights and Scales Which Were Eaten by Mice,India,,India,type1592.html
1592,The Iron-Eating Mice,The Faithless Depositary,Jean de La Fontaine,,Jean de La Fontaine,type1592.html
1592,The Iron-Eating Mice,The Two Merchants,"Russia, Leo Tolstoy",,"Russia, Leo Tolstoy",type1592.html
112,Town Mouse and Country Mouse,The Town Mouse and the Country Mouse,Aesop,,Aesop,type0112.html
112,Town Mouse and Country Mouse,The Town Mouse and the Country Mouse,Horace,,Horace,type0112.html
112,Town Mouse and Country Mouse,The Town Rat and the Country Rat,Jean de La Fontaine,,Jean de La Fontaine,type0112.html
112,Town Mouse and Country Mouse,The Story of the Town Mouse and the Field Mouse,Romania,,Romania,type0112.html
112,Town Mouse and Country Mouse,The Town Mouse and the Country Mouse,Norway,,Norway,type0112.html
112,Town Mouse and Country Mouse,"A Mouse in the Hill, and a Mouse in a Farm",Scotland,,Scotland,type0112.html
112,Town Mouse and Country Mouse,The Greedy and Ambitious Cat,India,,India,type0112.html
112,Town Mouse and Country Mouse,The Dog That Went Abroad,India,,India,type0112.html
112,Town Mouse and Country Mouse,The Mouse Who Went to the Country,James Thurber,,James Thurber,type0112.html
500,The Name of the Helper,Rumpelstiltskin,Germany,,Germany,type0500.html
500,The Name of the Helper,Mistress Beautiful,Germany,,Germany,type0500.html
500,The Name of the Helper,Doubleturk,Germany,,Germany,type0500.html
500,The Name of the Helper,Dwarf Holzrührlein Bonneführlein,Germany,,Germany,type0500.html
500,The Name of the Helper,Nägendümer,Germany,,Germany,type0500.html
500,The Name of the Helper,Kugerl,Germany,,Germany,type0500.html
500,The Name of the Helper,Hoppetînken,Germany,,Germany,type0500.html
500,The Name of the Helper,Zirkzirk,Germany,,Germany,type0500.html
500,The Name of the Helper,Purzinigele,Austria,,Austria,type0500.html
500,The Name of the Helper,Tarandandò,Italy,,Italy,type0500.html
500,The Name of the Helper,Winterkölbl,German Hungary,,German Hungary,type0500.html
500,The Name of the Helper,Kruzimugeli,Lower Austria,,Lower Austria,type0500.html
500,The Name of the Helper,Hottetejlil,Denmark,,Denmark,type0500.html
500,The Name of the Helper,Gundeli,Denmark,,Denmark,type0500.html
500,The Name of the Helper,The Girl Who Could Spin Gold from Clay and Long Straw,Sweden,Upland,Sweden (Upland),type0500.html
500,The Name of the Helper,Tom Tit Tot,England,,England,type0500.html
500,The Name of the Helper,Duffy and the Devil,England,Cornwall,England (Cornwall),type0500.html
500,The Name of the Helper,Whuppity Stoorie,Scotland,,Scotland,type0500.html
500,The Name of the Helper,Peerie Fool [Peerifool],Orkney Islands,,Orkney Islands,type0500.html
500,The Name of the Helper,Gwarwyn-a-throt,Wales,,Wales,type0500.html
500,The Name of the Helper,Penelop,Wales,,Wales,type0500.html
500,The Name of the Helper,Silly go Dwt,Wales,,Wales,type0500.html
500,The Name of the Helper,The Rival Kempers,Ireland,,Ireland,type0500.html
500,The Name of the Helper,Tríopla Trúpla,Ireland,,Ireland,type0500.html
500,The Name of the Helper,A Story,,,,type0500.html
500,The Name of the Helper,Kinkach Martinko,A Slav Folktale,,A Slav Folktale,type0500.html
1562A,The Master Who Gave Strange Names to Things in His House,The Clever Apprentice,Scotland,,Scotland,type1562a.html
1562A,The Master Who Gave Strange Names to Things in His House,Master of All Masters,England,,England,type1562a.html
1562A,The Master Who Gave Strange Names to Things in His House,Enigmas,India,,India,type1562a.html
,Nasreddin Hodja,Tales of the Turkish Trickster,,,,hodja.html
,Nasreddin Hodja,About Nasreddin Hodja,,,,hodja.html
,Nasreddin Hodja,Everyone Is Right,,,,hodja.html
,Nasreddin Hodja,Walnuts and Pumpkins,,,,hodja.html
,Nasreddin Hodja,Faith Moves Mountains,,,,hodja.html
,Nasreddin Hodja,The Smell of Soup and the Sound of Money,,,,hodja.html
,Nasreddin Hodja,The Debt,,,,hodja.html
,Nasreddin Hodja,The Slap,,,,hodja.html
,Nasreddin Hodja,The Burqa,,,,hodja.html
,Nasreddin Hodja,Friday Night,,,,hodja.html
,Nasreddin Hodja,The Wife's Name,,,,hodja.html
,Nasreddin Hodja,The Older Wife,,,,hodja.html
,Nasreddin Hodja,The Favorite Wife,,,,hodja.html
,Nasreddin Hodja,The Contrary Mother-in-Law,,,,hodja.html
,Nasreddin Hodja,"Eat, My Coat, Eat",,,,hodja.html
,Nasreddin Hodja,A Close Call,,,,hodja.html
,Nasreddin Hodja,The Robe,,,,hodja.html
,Nasreddin Hodja,Restoring the Moon,,,,hodja.html
,Nasreddin Hodja,The Hodja and His Eight Donkeys,,,,hodja.html
,Nasreddin Hodja,Flour on the Clothesline,,,,hodja.html
,Nasreddin Hodja,The Squeaky Shoe,,,,hodja.html
,Nasreddin Hodja,The Lost Shoe,,,,hodja.html
,Nasreddin Hodja,Allah's House,,,,hodja.html
,Nasreddin Hodja,The Cauldron That Died,,,,hodja.html
,Nasreddin Hodja,The Recipe,,,,hodja.html
,Nasreddin Hodja,The Last Laugh,,,,hodja.html
,The Three Nephites,An Experience of Mrs. Alyda Abbott Squires,,,,nephites.html
,The Three Nephites,Nephite Heals with Lard and Tobacco,,,,nephites.html
,The Three Nephites,"The Hitchhiking ""Ghost"" Nephite",,,,nephites.html
,The Three Nephites,Nephite Assumes Animal Form,,,,nephites.html
,The Three Nephites,Rescued from a Mountain,,,,nephites.html
,The Three Nephites,They Helped Her,,,,nephites.html
,The Three Nephites,The Old Man on the Road,,,,nephites.html
,The Three Nephites,He Disappeared from the Back Seat,1,,,nephites.html
,The Three Nephites,On the Delta-Holden Road,,,,nephites.html
,The Three Nephites,An Incident in the Lives of William Henry and Mary Laidlaw Seegmiller,,,,nephites.html
,The Nibelungenlied,Part One: Siegfried and Kriemhild,1,,1,nibelungenlied.html
,The Nibelungenlied,3-4,,,,nibelungenlied.html
,The Nibelungenlied,7-8,,,,nibelungenlied.html
,The Nibelungenlied,13-14,,,,nibelungenlied.html
,The Nibelungenlied,18-19,,,,nibelungenlied.html
,The Nibelungenlied,Part Two: Kriemhild's Revenge,20,,20,nibelungenlied.html
,The Nibelungenlied,22-23,,,,nibelungenlied.html
,The Nibelungenlied,26-28,,,,nibelungenlied.html
,The Nibelungenlied,29-30,,,,nibelungenlied.html
,The Nibelungenlied,33-39,,,,nibelungenlied.html
,The Treasure of the Niflungs,Otter's Wergild,,,,niflungtreasure.html
,The Treasure of the Niflungs,Sigurd Slays Fafnir,,,,niflungtreasure.html
,The Treasure of the Niflungs,Sigurd and Brynhild,,,,niflungtreasure.html
,The Treasure of the Niflungs,Atli Marries Gudrun,,,,niflungtreasure.html
,The Disobedient Daughter Who Married a Skull,a Folktale from Nigeria,,,,skull.html
,The Hippopotamus and the Tortoise,a folktale from Nigeria,,,,hippo.html
780,The Singing Bone,The Singing Bone,Jacob and Wilhelm Grimm,,Jacob and Wilhelm Grimm,type0780.html
780,The Singing Bone,The Blue Lily,Spain,,Spain,type0780.html
780,The Singing Bone,Valencian Version,,,,type0780.html
780,The Singing Bone,The Singing Bones,French Louisiana,,French Louisiana,type0780.html
780,The Singing Bone,Under the Green Old Oak-Tree,Antigua,,Antigua,type0780.html
780,The Singing Bone,The Griffin,Italy,,Italy,type0780.html
780,The Singing Bone,The Dead Girl's Bone,Switzerland,,Switzerland,type0780.html
780,The Singing Bone,The Little Bone,Switzerland,,Switzerland,type0780.html
780,The Singing Bone,Binnorie,England,,England,type0780.html
780,The Singing Bone,Murder Will Out,Iceland,,Iceland,type0780.html
780,The Singing Bone,Russia,,,,type0780.html
780,The Singing Bone,Little Anklebone,Pakistan,,Pakistan,type0780.html
780,The Singing Bone,The Magic Fiddle,India,,India,type0780.html
,Cat and Mouse,Cat and Mouse in Partnership,Germany,,Germany,cat.html
,Cat and Mouse,Mouse and Mouser,England,,England,cat.html
,Cat and Mouse,Belling the Cat,Aesop,,Aesop,cat.html
,Cat and Mouse,The Cat and the Mice,Aesop,,Aesop,cat.html
,Cat and Mouse,The Hypocritical Cat,Tibet,,Tibet,cat.html
,Cat and Mouse,The Cat and the Mice,Tibet,,Tibet,cat.html
,Cat and Mouse,The Cat as Holy Man,Palestine,,Palestine,cat.html
,Cat and Mouse,The Town Mouse and the Field Mouse,Romania,,Romania,cat.html
,Cat and Mouse,"The Dog, the Cat, and the Mouse",Romania,,Romania,cat.html
,Cat and Mouse,The Cat and the Mouse,England,,England,cat.html
,Cat and Mouse,Cat and Mouse,Germany,Swabia,Germany (Swabia),cat.html
,Cat and Mouse,Why the Cat Kills Rats,Nigeria,,Nigeria,cat.html
,Why Dead People Are Buried,a folktale from Nigeria,,,,burydead.html
,Night-Mares,Definitions,,,,nightmare.html
,Night-Mares,The Alp,Germany,,Germany,nightmare.html
,Night-Mares,Beliefs Concerning Alps and Maras,Germany,,Germany,nightmare.html
,Night-Mares,The Mårt,"A. Kuhn and W. Schwartz, Germany",,"A. Kuhn and W. Schwartz, Germany",nightmare.html
,Night-Mares,A Mahrt Is Captured,Poland/Germany,,Poland/Germany,nightmare.html
,Night-Mares,An Alp Is Captured,Germany,,Germany,nightmare.html
,Night-Mares,The Mahr,Germany,,Germany,nightmare.html
,Night-Mares,The Man Who Married a Mara,Denmark,,Denmark,nightmare.html
,Night-Mares,The Mare,Denmark,,Denmark,nightmare.html
,Night-Mares,Charm against Night-Mares,Germany,,Germany,nightmare.html
,Night-Mares,The Alp,Poland/Germany,,Poland/Germany,nightmare.html
,Night-Mares,A Charm to Control the Night-Mare,England,,England,nightmare.html
,Night-Mares,Nightmare Charm or Spell against the Mara,Shetland Islands,Unst,Shetland Islands (Unst),nightmare.html
,Night-Mares,A Shetland Charm,Shetland Islands,,Shetland Islands,nightmare.html
,Night-Mares,"Vanlandi, King of Sweden, and Huld, the Witch Woman",From the Ynglinga Saga of Snorri Sturluson,,From the Ynglinga Saga of Snorri Sturluson,nightmare.html
,Night-Mares,"Baku, Eater of Dreams",Japan,,Japan,nightmare.html
,The Njugl,Shetland Islands,,,,njugl.html
,The Norse Creation Myth,Muspell,,,,creation.html
,The Norse Creation Myth,Ginnungagap and Niflheim,,,,creation.html
,The Norse Creation Myth,Ymir,,,,creation.html
,The Norse Creation Myth,Frost ogres,,,,creation.html
,The Norse Creation Myth,Audhumla,,,,creation.html
,The Norse Creation Myth,"Buri, Bor, and Bestla",,,,creation.html
,The Norse Creation Myth,"Odin, Vili, and Vé",,,,creation.html
,The Norse Creation Myth,The death of Ymir,,,,creation.html
,The Norse Creation Myth,"Earth, trees, and mountains",,,,creation.html
,The Norse Creation Myth,Dwarfs,,,,creation.html
,The Norse Creation Myth,"Sky, clouds, and stars",,,,creation.html
,The Norse Creation Myth,Midgard,,,,creation.html
,The Norse Creation Myth,Ask and Embla,,,,creation.html
,The Norse Creation Myth,Asgard,,,,creation.html
,The Norse Creation Myth,"Odin, Frigg, and the Æsir",,,,creation.html
,The Norse Creation Myth,Thor,,,,creation.html
,The Norse Creation Myth,Bifröst,,,,creation.html
,The Norse Creation Myth,Yggdrasil,,,,creation.html
75A,The Nurse and the Wolf,The Fable of the Old Woman and of the Wulf,Aesop / Avianus,"printed by William Caxton, 1484","Aesop / Avianus (printed by William Caxton, 1484)",type0075ast.html
75A,The Nurse and the Wolf,Retold in modern English:,,,,type0075ast.html
75A,The Nurse and the Wolf,The Wolf and the Nurse,Babrius,translated by James Davies,Babrius (translated by James Davies),type0075ast.html
75A,The Nurse and the Wolf,The Crying Babe,Geffrey Whitney,,Geffrey Whitney,type0075ast.html
75A,The Nurse and the Wolf,"The Wolf, the Mother, and Her Child",Aesop,"retold by Jean de La Fontaine, translated by Elizur Wright","Aesop (retold by Jean de La Fontaine, translated by Elizur Wright)",type0075ast.html
75A,The Nurse and the Wolf,A Nurse and a Wolfe,Aesop,translated by Roger L'Estrange,Aesop (translated by Roger L'Estrange),type0075ast.html
75A,The Nurse and the Wolf,The MORAL,,,,type0075ast.html
75A,The Nurse and the Wolf,REFLEXION,,,,type0075ast.html
75A,The Nurse and the Wolf,A Nurse and Froward Child,Aesop,printed by Samuel Richardson,Aesop (printed by Samuel Richardson),type0075ast.html
75A,The Nurse and the Wolf,Moral,,,,type0075ast.html
75A,The Nurse and the Wolf,Reflection,,,,type0075ast.html
75A,The Nurse and the Wolf,The Nurse and the Wolf,Aesop,printed for Thomas Bewick,Aesop (printed for Thomas Bewick),type0075ast.html
75A,The Nurse and the Wolf,Application,,,,type0075ast.html
75A,The Nurse and the Wolf,The Nurse and the Wolf,Aesop,translated by Samuel Croxall,Aesop (translated by Samuel Croxall),type0075ast.html
75A,The Nurse and the Wolf,The Mother and the Wolf,Aesop,translated by George Fyler Townsend,Aesop (translated by George Fyler Townsend),type0075ast.html
75A,The Nurse and the Wolf,The Nurse and the Wolf,Aesop,retold by Joseph Jacobs,Aesop (retold by Joseph Jacobs),type0075ast.html
75A,The Nurse and the Wolf,"The Wolf, the Mother, and Her Child",Aesop (translated by V. S. Vernon Jones,,Aesop (translated by V. S. Vernon Jones,type0075ast.html
75A,The Nurse and the Wolf,The Wolf and the Babe,Ambrose Bierce,,Ambrose Bierce,type0075ast.html
101,Old Dogs Learn New Tricks,Fables of Aarne-Thompson-Uther Type 101,,,,type0101.html
101,Old Dogs Learn New Tricks,Old Sultan,Germany,,Germany,type0101.html
101,Old Dogs Learn New Tricks,The Dog and the Wolf,Bohemia,,Bohemia,type0101.html
101,Old Dogs Learn New Tricks,"The Bear, the Dog, and the Cat",Russia,,Russia,type0101.html
101,Old Dogs Learn New Tricks,The Sagacious Monkey and the Boar,Japan,,Japan,type0101.html
101,Old Dogs Learn New Tricks,The Old Hound,Aesop,,Aesop,type0101.html
980,Old Grandfathers and Their Grandsons,How an Ungrateful Son Planned to Murder His Old Father,"India, The Jataka",,"India, The Jataka",type0980.html
980,Old Grandfathers and Their Grandsons,A Lesson for Fathers,India,,India,type0980.html
980,Old Grandfathers and Their Grandsons,Don't Beat Grandfather,India,,India,type0980.html
980,Old Grandfathers and Their Grandsons,"The Old Man, His Son, and His Grandson",Philippines,,Philippines,type0980.html
980,Old Grandfathers and Their Grandsons,The Golden Rule,Philippines,,Philippines,type0980.html
980,Old Grandfathers and Their Grandsons,Respect Old Age,Philippines,,Philippines,type0980.html
980,Old Grandfathers and Their Grandsons,A Wicked Man,Jacques de Vitry,,Jacques de Vitry,type0980.html
980,Old Grandfathers and Their Grandsons,Summary,,,,type0980.html
980,Old Grandfathers and Their Grandsons,La Housse Partie [The Divided Horse-Blanket],France,,France,type0980.html
980,Old Grandfathers and Their Grandsons,The Divided Horse-Blanket,France,,France,type0980.html
980,Old Grandfathers and Their Grandsons,Let Him That Does Evil Expect Evil in Return,"Italy, Ortensio Lando",,"Italy, Ortensio Lando",type0980.html
980,Old Grandfathers and Their Grandsons,Of the Old Man That Put Himself in His Son's Hands,England,,England,type0980.html
980,Old Grandfathers and Their Grandsons,Of the Old Man of Monmouth That Gave His Son All His Goods in His Lifetime,England,,England,type0980.html
980,Old Grandfathers and Their Grandsons,Of an Unnatural Son Who Fed His Aged Father upon Oats and Offal.,England,,England,type0980.html
980,Old Grandfathers and Their Grandsons,Two Ells of Cloth,Germany,,Germany,type0980.html
980,Old Grandfathers and Their Grandsons,Old Frühling,German,,German,type0980.html
980,Old Grandfathers and Their Grandsons,Half a Blanket,Germany,,Germany,type0980.html
980,Old Grandfathers and Their Grandsons,The Old Grandfather and His Grandson,Germany,,Germany,type0980.html
980,Old Grandfathers and Their Grandsons,A Child's Thankfulness and Unthankfulness,Germany,,Germany,type0980.html
980,Old Grandfathers and Their Grandsons,The Son Forgave His Father,Albania,,Albania,type0980.html
980D,Old Parents and Their Ungrateful Children,The Ungrateful Son,Europe,,Europe,type0980d.html
980D,Old Parents and Their Ungrateful Children,The Ungrateful Son,Martin Luther,,Martin Luther,type0980d.html
980D,Old Parents and Their Ungrateful Children,A Terrifying Judgment of God,Croatia,,Croatia,type0980d.html
980D,Old Parents and Their Ungrateful Children,The Ungrateful Daughter,Ukraine,,Ukraine,type0980d.html
980D,Old Parents and Their Ungrateful Children,The Origin of the Turtle,Russia,,Russia,type0980d.html
980D,Old Parents and Their Ungrateful Children,The Snake around His Neck,Germany,,Germany,type0980d.html
980D,Old Parents and Their Ungrateful Children,The Stingy Daughter,India,,India,type0980d.html
981,Killing of Old People,A Blessed and Happie People,Pliny the Elder,,Pliny the Elder,type0981.html
981,Killing of Old People,Why People Today Die Their Own Death,Retold by D. L. Ashliman,,Retold by D. L. Ashliman,type0981.html
981,Killing of Old People,How the Killing of the Old Men Was Stopped,Serbia,,Serbia,type0981.html
981,Killing of Old People,Grandfather and Grandson,Serbia,,Serbia,type0981.html
981,Killing of Old People,A Story from the Time of the Romans,Romania,Transylvania,Romania (Transylvania),type0981.html
981,Killing of Old People,The Old Man Who Solved Riddles,Macedonia,,Macedonia,type0981.html
981,Killing of Old People,Killing of the Old Men,Romania,,Romania,type0981.html
981,Killing of Old People,"Duck Under, Duck Under",Germany / Poland,,Germany / Poland,type0981.html
981,Killing of Old People,A Wendish Legend,Germany / Poland,,Germany / Poland,type0981.html
981,Killing of Old People,The Old Heathens,Germany,,Germany,type0981.html
981,Killing of Old People,Told by an old man in Steinfurt,,,,type0981.html
981,Killing of Old People,Gillings Bluff,Iceland,,Iceland,type0981.html
981,Killing of Old People,Kith-Rocks and Kith-Clubs,Sweden,,Sweden,type0981.html
981,Killing of Old People,The Man with the Hatchet,England,,England,type0981.html
981,Killing of Old People,An Irish Deathbed Scene,Ireland,,Ireland,type0981.html
982,Ungrateful Heirs,How the Wicked Sons Were Duped,Kashmir,,Kashmir,type0982.html
982,Ungrateful Heirs,A Clever Stratagem,Sri Lanka,,Sri Lanka,type0982.html
982,Ungrateful Heirs,How the Daughter-in-Law Got the Coins,Sri Lanka,,Sri Lanka,type0982.html
982,Ungrateful Heirs,Old Mr. Lacy and His Three Sons,England,,England,type0982.html
982,Ungrateful Heirs,The Borrowed Guilder,"Martin Luther, Table Talk",,"Martin Luther, Table Talk",type0982.html
982,Ungrateful Heirs,No Father Should Transfer All His Property to His Children While He Is Still Alive,"Martin Luther, Table Talk",,"Martin Luther, Table Talk",type0982.html
982,Ungrateful Heirs,The Cudgel,Germany,,Germany,type0982.html
982,Ungrateful Heirs,The Cudgel on the Gate at Jüterbog,Germany,,Germany,type0982.html
982,Ungrateful Heirs,Grandfather's Bag of Gold,Scotland,,Scotland,type0982.html
982,Ungrateful Heirs,John Bell,Scotland,,Scotland,type0982.html
676,Open Sesame!,The Robbers Robbed,Kashmir,,Kashmir,type0676.html
676,Open Sesame!,The Two Brothers and the Forty-Nine Dragons,Greece,Syros,Greece (Syros),type0676.html
676,Open Sesame!,The Two Brothers,Slavic,,Slavic,type0676.html
676,Open Sesame!,Dummburg Castle,Germany,,Germany,type0676.html
676,Open Sesame!,Simeli Mountain,Germany,,Germany,type0676.html
676,Open Sesame!,Open Simson!,Germany,,Germany,type0676.html
676,Open Sesame!,Ali Baba and Kissem,Jamaica,,Jamaica,type0676.html
676,Open Sesame!,How Black Snake Caught the Wolf,USA,,USA,type0676.html
,The Osenberg Dwarfs,"German Legends, no. 43",,,,legend043.html
,The Osenberg Dwarfs,Jacob and Wilhelm Grimm,,,,legend043.html
1675,The Education of an Ox,Peter Ox,Denmark,,Denmark,type1675.html
1675,The Education of an Ox,Pope Ox,Germany,,Germany,type1675.html
1675,The Education of an Ox,How an Ox Became Mayor,Netherlands,,Netherlands,type1675.html
1675,The Education of an Ox,How the Washerman's Ass Became a Qazi,India,,India,type1675.html
1675,The Education of an Ox,"The Priest, the Washerman, and the Ass",India,,India,type1675.html
,The Panchatantra,About the Panchatantra,,,,panchatantra.html
,The Panchatantra,The Enchanted Brahman's Son,,,,panchatantra.html
,The Panchatantra,The Foolish Friend,,,,panchatantra.html
,The Panchatantra,Dharmabuddhi and Pâpabuddhi,,,,panchatantra.html
,The Panchatantra,Miracle upon Miracle,,,,panchatantra.html
,The Panchatantra,The Bullock's Balls,,,,panchatantra.html
,The Panchatantra,The Gold-Giving Snake,,,,panchatantra.html
,The Panchatantra,The Old Husband and His Young Wife,,,,panchatantra.html
,The Panchatantra,The Dog That Went Abroad,,,,panchatantra.html
,The Panchatantra,The Brahman's Wife and the Mongoose,,,,panchatantra.html
,The Panchatantra,The Fish That Were Too Clever,,,,panchatantra.html
,The Panchatantra,The Two-Headed Weaver,,,,panchatantra.html
,The Panchatantra,The Broken Pot,,,,panchatantra.html
1540,A Visitor from Paradise,A Visitor from Paradise,Europe,,Europe,type1540.html
1540,A Visitor from Paradise,An Old Woman,"Germany, Heinrich Bebel",,"Germany, Heinrich Bebel",type1540.html
1540,A Visitor from Paradise,The Travelling Scholar from Paradise,"Germany, Hans Sachs",,"Germany, Hans Sachs",type1540.html
1540,A Visitor from Paradise,The Clever People,Germany,,Germany,type1540.html
1540,A Visitor from Paradise,The Traveler from Heaven,Germany,Swabia,Germany (Swabia),type1540.html
1540,A Visitor from Paradise,All Women Are Alike,Norway,,Norway,type1540.html
1540,A Visitor from Paradise,The Great Need: A Prankster Tale from Zealand,Denmark,,Denmark,type1540.html
1540,A Visitor from Paradise,The Man Who Fell from Heaven,Netherlands,,Netherlands,type1540.html
1540,A Visitor from Paradise,Stupid Gretel,Switzerland,,Switzerland,type1540.html
1540,A Visitor from Paradise,The Simple Wife,Italy,,Italy,type1540.html
1540,A Visitor from Paradise,The Beggar from Paris,England,,England,type1540.html
1540,A Visitor from Paradise,Jack Hannaford,England,Devonshire,England (Devonshire),type1540.html
1540,A Visitor from Paradise,The Roguish Peasant,Russia,,Russia,type1540.html
1540,A Visitor from Paradise,The Story of the Messenger from Heaven,Moravia,,Moravia,type1540.html
1540,A Visitor from Paradise,The Era [Peasant] from the Other World,Serbia,,Serbia,type1540.html
1540,A Visitor from Paradise,The Good Wife and the Bad Husband,India,,India,type1540.html
1540,A Visitor from Paradise,The Story of a Man Who Had a Stupid Wife,Morocco,,Morocco,type1540.html
1540,A Visitor from Paradise,My Son Ali,Armenian-American,,Armenian-American,type1540.html
1540,A Visitor from Paradise,Anansi Seeks His Fortune,Jamaica,,Jamaica,type1540.html
1540,A Visitor from Paradise,Shaikh Chilli and the Fakir,India,,India,type1540.html
1540,A Visitor from Paradise,The Millet Trader,Sri Lanka,,Sri Lanka,type1540.html
1540,A Visitor from Paradise,Elova Gohin Melova Ava,Sri Lanka,,Sri Lanka,type1540.html
237,The Parrot That Talked Too Much,Of the Woman Who Stole Her Husband's Eel,France,,France,type0237.html
237,The Parrot That Talked Too Much,The Magpie and the Eel,Germany,Hans Sachs,Germany (Hans Sachs),type0237.html
237,The Parrot That Talked Too Much,"[August 4, 1558]",,,,type0237.html
237,The Parrot That Talked Too Much,Moral,,,,type0237.html
237,The Parrot That Talked Too Much,The Innkeeper and the Magpie,Germany / France,,Germany / France,type0237.html
237,The Parrot That Talked Too Much,The Shamed Master Baker,Germany,,Germany,type0237.html
237,The Parrot That Talked Too Much,The Parrot,Germany,,Germany,type0237.html
237,The Parrot That Talked Too Much,"""Bread in the Cupboard""",Denmark,,Denmark,type0237.html
237,The Parrot That Talked Too Much,The Mayor Buys Peat,Poland,,Poland,type0237.html
237,The Parrot That Talked Too Much,The Parrot and the Servant Girl,Poland,,Poland,type0237.html
237,The Parrot That Talked Too Much,The Parrot,England,Yorkshire,England (Yorkshire),type0237.html
237,The Parrot That Talked Too Much,The Parrot and the Oilman,Iran,,Iran,type0237.html
237,The Parrot That Talked Too Much,Count Fiesco's Parrot,Italy,,Italy,type0237.html
243A,Hear No Evil See No Evil Speak No Evil,A Brahmin Asks Two Parrots to Keep an Eye on His Wife,The Jataka,,The Jataka,type0243a.html
243A,Hear No Evil See No Evil Speak No Evil,How a Parrot Told Tales of His Mistress and Had His Neck Wrung,The Jataka,,The Jataka,type0243a.html
243A,Hear No Evil See No Evil Speak No Evil,Of Maintaining Truth to the Last,Gesta Romanorum,,Gesta Romanorum,type0243a.html
243A,Hear No Evil See No Evil Speak No Evil,Application,,,,type0243a.html
243A,Hear No Evil See No Evil Speak No Evil,The Three Roosters,Germany/France,,Germany/France,type0243a.html
1422,The Parrot and the Adulterous Woman,Example of the Man and the Woman and the Parrot and Their Maidservant,The Book of Sindibâd,,The Book of Sindibâd,type1422.html
1422,The Parrot and the Adulterous Woman,The Tale of the Husband and the Parrot).,1001 Nights,,1001 Nights,type1422.html
1422,The Parrot and the Adulterous Woman,"Story of the Confectioner, His Wife, and the Parrot",1001 Nights,,1001 Nights,type1422.html
1422,The Parrot and the Adulterous Woman,The Second Vezir's Story,Turkey,History of the Forty Vezirs,Turkey (History of the Forty Vezirs),type1422.html
1422,The Parrot and the Adulterous Woman,"The Burgess, His Wife, and the Magpie",Seven Wise Masters,,Seven Wise Masters,type1422.html
1422,The Parrot and the Adulterous Woman,Additional tales of type 1422,,,,type1422.html
1422,The Parrot and the Adulterous Woman,Related tales,,,,type1422.html
1422,The Parrot and the Adulterous Woman,Commentary,,,,type1422.html
244,Peacock Plumes,The Jay and the Peacock,Aesop,,Aesop,type0244.html
244,Peacock Plumes,The Jackdaw and the Pigeons,Aesop,,Aesop,type0244.html
244,Peacock Plumes,The Vain Jackdaw,Aesop,,Aesop,type0244.html
244,Peacock Plumes,The Jay in the Feathers of the Peacock,Jean de La Fontaine,,Jean de La Fontaine,type0244.html
244,Peacock Plumes,Jupiter and the Birds,Ambrose Bierce,,Ambrose Bierce,type0244.html
244,Peacock Plumes,The Painted Jackal,India,,India,type0244.html
244,Peacock Plumes,The Blue Jackal,Tibet,,Tibet,type0244.html
244,Peacock Plumes,The Painted Jackal,Pakistan,,Pakistan,type0244.html
244,Peacock Plumes,The Jackal King,Kashmir,,Kashmir,type0244.html
1423,The Enchanted Pear Tree,Boccaccio's Story of Lydia and Pyrrhus,,,,type1423.html
1423,The Enchanted Pear Tree,Chaucer's Merchant's Tale,,,,type1423.html
1423,The Enchanted Pear Tree,The Story of Lydia and Pyrrhus,Giovanni Boccaccio,,Giovanni Boccaccio,type1423.html
1423,The Enchanted Pear Tree,The Merchant's Tale,Geoffrey Chaucer,,Geoffrey Chaucer,type1423.html
1423,The Enchanted Pear Tree,Story of the Credulous Husband,1001 Nights,translated by John Payne,1001 Nights (translated by John Payne),type1423.html
1423,The Enchanted Pear Tree,The Story of the Simpleton Husband,1001 Nights,translated by Richard Burton,1001 Nights (translated by Richard Burton),type1423.html
1423,The Enchanted Pear Tree,The Twenty-Ninth Vizier's Story,Turkey,,Turkey,type1423.html
1423,The Enchanted Pear Tree,"Husband, Wife, Lover, and Mango Tree",Tibet/Nepal,,Tibet/Nepal,type1423.html
1423,The Enchanted Pear Tree,"The Fourth Lady, Her Husband, and the Brahmin",India/Persia,,India/Persia,type1423.html
1423,The Enchanted Pear Tree,Frame Story,,,,type1423.html
1423,The Enchanted Pear Tree,Story 8,,,,type1423.html
1423,The Enchanted Pear Tree,The Vibhîtaka Tree,India,,India,type1423.html
,Charles Perrault's Mother Goose Tales,The Man,,,,perrault.html
,Charles Perrault's Mother Goose Tales,The Stories,"Stories or Tales from Times Past; or, Tales of Mother Goose",1697,"Stories or Tales from Times Past; or, Tales of Mother Goose (1697)",perrault.html
,Charles Perrault's Mother Goose Tales,Perrault's verse narratives,,,,perrault.html
,Charles Perrault's Mother Goose Tales,General,,,,perrault.html
,Charles Perrault's Mother Goose Tales,Electronic texts,,,,perrault.html
,Charles Perrault's Mother Goose Tales,Scanned books in English,,,,perrault.html
,Charles Perrault's Mother Goose Tales,Scanned books in French,,,,perrault.html
,Folktales from the Philippines,How the First Head Was Taken,Igorot,,Igorot,philippines.html
,Folktales from the Philippines,The Man with the Coconuts,Tinguian,,Tinguian,philippines.html
,Folktales from the Philippines,The Boy Who Became a Stone,Tinguian,,Tinguian,philippines.html
,Folktales from the Philippines,Dogedog,Tinguian,,Tinguian,philippines.html
,Folktales from the Philippines,The Carabao and the Shell,Tinguian,,Tinguian,philippines.html
,The Pied Piper of Hameln,and related legends from other towns,,,,hameln.html
,The Pied Piper of Hameln,Ratcatchers Who Abduct Children,,,,hameln.html
,The Pied Piper of Hameln,Ratcatchers,But No Abduction of Children,,,hameln.html
,The Pied Piper of Hameln,Mysterious Disappearance of Children,,,,hameln.html
,The Pied Piper of Hameln,The Children of Hameln,Jacob and Wilhelm Grimm,,Jacob and Wilhelm Grimm,hameln.html
,The Pied Piper of Hameln,The Pied Piper of Hamelin: A Child's Story,Robert Browning,,Robert Browning,hameln.html
,The Pied Piper of Hameln,A Miracle of God at Hameln,Graf Froben Christoph von Zimmern,,Graf Froben Christoph von Zimmern,hameln.html
,The Pied Piper of Hameln,A Miraculous Passage in Hamelen,James Howell,,James Howell,hameln.html
,The Pied Piper of Hameln,The Pide Piper,Richard Verstegan,,Richard Verstegan,hameln.html
,The Pied Piper of Hameln,The Pyed Piper,Nathaniel Wanley,,Nathaniel Wanley,hameln.html
,The Pied Piper of Hameln,"A Marvellous Prank Plaid by the Devil at Hamelen, a Town in Germany",George Sinclair,,George Sinclair,hameln.html
,The Pied Piper of Hameln,The Magic Fife,Germany,,Germany,hameln.html
,The Pied Piper of Hameln,The Ratcatcher of Korneuburg,Austria,,Austria,hameln.html
,The Pied Piper of Hameln,The Pied Piper of Newtown,England,,England,hameln.html
,The Pied Piper of Hameln,The Ratcatcher,Jacob and Wilhelm Grimm,,Jacob and Wilhelm Grimm,hameln.html
,The Pied Piper of Hameln,The Rats in Neustadt-Eberswalde,J. D. H. Temme,,J. D. H. Temme,hameln.html
,The Pied Piper of Hameln,Katzenveit as an Exterminator in Tripstrille,Germany,,Germany,hameln.html
,The Pied Piper of Hameln,The Expulsion of Rats from the Island of Ummanz,A. Haas,,A. Haas,hameln.html
,The Pied Piper of Hameln,Rübezahl Becomes a Ratcatcher,"Moravia, Johannes Praetorius",,"Moravia, Johannes Praetorius",hameln.html
,The Pied Piper of Hameln,The Ratcatcher of Freistadt,Austria,,Austria,hameln.html
,The Pied Piper of Hameln,The Music Man,Austria,,Austria,hameln.html
,The Pied Piper of Hameln,Mice in Glurns,Austria / Italy,,Austria / Italy,hameln.html
,The Pied Piper of Hameln,The Rat Hunter,Denmark,,Denmark,hameln.html
,The Pied Piper of Hameln,The Magician and the Rats,Ireland,,Ireland,hameln.html
,The Pied Piper of Hameln,Mice in Akureyar,Iceland,,Iceland,hameln.html
,The Pied Piper of Hameln,Angionini the Magician,France,,France,hameln.html
,The Pied Piper of Hameln,Avicenna and the Mouse Plague at Aleppo,Syria,,Syria,hameln.html
,The Pied Piper of Hameln,The Devil in Likeness of a Pied Piper,Robert Burton,,Robert Burton,hameln.html
,The Pied Piper of Hameln,The Devil in Hameln,Germany,,Germany,hameln.html
,The Pied Piper of Hameln,Hurdy-Gurdy Player Abducts Children,A. Kuhn and W. Schwartz,,A. Kuhn and W. Schwartz,hameln.html
,The Pied Piper of Hameln,Children's Pilgrimage,Ludwig Bechstein,,Ludwig Bechstein,hameln.html
,The Pied Piper of Hameln,The Children of Erfurt,Germany,,Germany,hameln.html
,The Pied Piper of Hameln,The Dancing Children of Erfurt,J. G. Th. Grässe,,J. G. Th. Grässe,hameln.html
,The Pied Piper of Hameln,Tradition's Hoary Legend,"Northern Ireland, James Kirkpatrick",,"Northern Ireland, James Kirkpatrick",hameln.html
7080,Plague Legends,"Plus ça change, plus c'est la même chose.",,,,type7080.html
7080,Plague Legends,The Black Death in Denmark,Denmark,,Denmark,type7080.html
7080,Plague Legends,The Churchyard on the Island of Fur,Denmark,,Denmark,type7080.html
7080,Plague Legends,The Black Death in Iceland,Iceland,,Iceland,type7080.html
7080,Plague Legends,The Coffin,The Netherlands,,The Netherlands,type7080.html
7080,Plague Legends,The Best Physick Against the Plague,England,,England,type7080.html
7080,Plague Legends,A Most Excellent Preservative Against the Plague,England,,England,type7080.html
7080,Plague Legends,Protection from the Plague,England,,England,type7080.html
7080,Plague Legends,Cholera in London,England,,England,type7080.html
7080,Plague Legends,The Monster Fed Felen,Wales,,Wales,type7080.html
7080,Plague Legends,Sneezing,Sir Walter Scott,,Sir Walter Scott,type7080.html
7080,Plague Legends,The Churchyard of Crail,Scotland,,Scotland,type7080.html
7080,Plague Legends,The Galar Mor -- The Great Disease,Scotland,,Scotland,type7080.html
7080,Plague Legends,The Yellow Plague,Ireland,,Ireland,type7080.html
7080,Plague Legends,Plague Symbols,Cornwall / Poland,,Cornwall / Poland,type7080.html
7080,Plague Legends,The Plague-Swarm,Poland,,Poland,type7080.html
7080,Plague Legends,The Plague Maiden,Poland,,Poland,type7080.html
7080,Plague Legends,Commentary,,,,type7080.html
7080,Plague Legends,The Locked-Up Plague,Poland,,Poland,type7080.html
7080,Plague Legends,The Plague-Omen,Poland,,Poland,type7080.html
7080,Plague Legends,The Plague in Hiiumaa,Estonia,,Estonia,type7080.html
7080,Plague Legends,The Plague,Russia,,Russia,type7080.html
7080,Plague Legends,The Sacrifice,Austria,,Austria,type7080.html
7080,Plague Legends,The Plague: Six Lusatian Legends,Germany / Poland,,Germany / Poland,type7080.html
7080,Plague Legends,The Burning of the Jews in Strasbourg,Germany / France,,Germany / France,type7080.html
7080,Plague Legends,Persecution of the Jews During the Plague,Germany,,Germany,type7080.html
7080,Plague Legends,The Tall Man in the Murder Lane in Hof,Germany,,Germany,type7080.html
7080,Plague Legends,The Last Plague Death in Motzlar,Germany,,Germany,type7080.html
7080,Plague Legends,Mother Gauerken Brings the Plague,Germany,,Germany,type7080.html
7080,Plague Legends,Plague-Flies,Germany,,Germany,type7080.html
7080,Plague Legends,The Unfortunate Wedding at Grimma,Germany,,Germany,type7080.html
7080,Plague Legends,Cholera,Germany,,Germany,type7080.html
7080,Plague Legends,The Wedged-In Plague Smoke,Switzerland,,Switzerland,type7080.html
7080,Plague Legends,The Plague Column in Auer,Italy,,Italy,type7080.html
7080,Plague Legends,Astrological Portents,Italy / Spain / France,,Italy / Spain / France,type7080.html
7080,Plague Legends,Amabie: The Ancient Beast Helping Japan Ward Off the Coronavirus,Japan,,Japan,type7080.html
7080,Plague Legends,The Plague among the Beasts,Robert Dodsley,,Robert Dodsley,type7080.html
1,Playing Dead,Reynard Steals Fish,Joseph Jacobs,,Joseph Jacobs,type0001.html
1,Playing Dead,Two Foxes Steal Herrings,Scotland,,Scotland,type0001.html
1,Playing Dead,The Fox and the Lapp,Andrew Lang,,Andrew Lang,type0001.html
1,Playing Dead,"Mr. Fox Goes a-Hunting, but Mr. Rabbit Bags the Game",Joel Chandler Harris,,Joel Chandler Harris,type0001.html
1,Playing Dead,How Brother Fox Was Too Smart,Joel Chandler Harris,,Joel Chandler Harris,type0001.html
1,Playing Dead,Playing Dead Twice in the Road,"Virginia, USA",,"Virginia, USA",type0001.html
1,Playing Dead,Version A,,,,type0001.html
1,Playing Dead,Version B,,,,type0001.html
1,Playing Dead,Version C,,,,type0001.html
1,Playing Dead,Version D,,,,type0001.html
1,Playing Dead,The Fox,Palestine,,Palestine,type0001.html
1,Playing Dead,Mantharaka's Rescue,The Panchatantra,,The Panchatantra,type0001.html
,Dishonest Surveyor and Plowman Legends,The Cursed Land Surveyors,Germany,,Germany,plowman.html
,Dishonest Surveyor and Plowman Legends,The Displaced Boundary Stone,Germany,,Germany,plowman.html
,Dishonest Surveyor and Plowman Legends,Jörle Knix,Germany,,Germany,plowman.html
,Dishonest Surveyor and Plowman Legends,The Dishonest Plowman,Germany,,Germany,plowman.html
,Dishonest Surveyor and Plowman Legends,The Seven Steps,Germany,,Germany,plowman.html
,Dishonest Surveyor and Plowman Legends,Land Plowed Away,Germany,,Germany,plowman.html
,Dishonest Surveyor and Plowman Legends,Punishment for Removing Land-Marks,Denmark,,Denmark,plowman.html
,Dishonest Surveyor and Plowman Legends,The Glowing Surveyor,Netherlands,,Netherlands,plowman.html
,Dishonest Surveyor and Plowman Legends,The Boundary Wrongdoer in Siggenthal,Switzerland,,Switzerland,plowman.html
,Dishonest Surveyor and Plowman Legends,The Boundary Stone,Italy / Austria,,Italy / Austria,plowman.html
,Dishonest Surveyor and Plowman Legends,Old Taylor's Ghost,England,,England,plowman.html
,Dishonest Surveyor and Plowman Legends,Commentary,,,,plowman.html
1592B,The Pot That Died,Nasreddin Hodja Borrows a Cauldron,Turkey,,Turkey,type1592b.html
1592B,The Pot That Died,The Cogia Borrowed a Cauldron,Turkey,,Turkey,type1592b.html
1592B,The Pot That Died,The Cauldron That Died,Palestine,,Palestine,type1592b.html
704,The Princess on the Pea,The Princess on the Pea,Denmark,,Denmark,type0704.html
704,The Princess on the Pea,The Most Sensitive Woman,Italy,,Italy,type0704.html
704,The Princess on the Pea,The Three Delicate Wives of King Virtue-Banner: Which Is the Most Delicate?,India,,India,type0704.html
545B,Puss in Boots,Costantino and His Cat,Fiovanni Francesco Straparola,,Fiovanni Francesco Straparola,type0545blit.html
545B,Puss in Boots,Gagliuso,Giambattista Basile,,Giambattista Basile,type0545blit.html
545B,Puss in Boots,"The Master Cat; or, Puss in Boots",Charles Perrault,,Charles Perrault,type0545blit.html
545B,Puss in Boots,The Earl of Cattenborough,Europe,,Europe,type0545b.html
545B,Puss in Boots,Puss in Boots,Jacob and Wilhelm Grimm,,Jacob and Wilhelm Grimm,type0545b.html
545B,Puss in Boots,The Feather King,Transylvania,,Transylvania,type0545b.html
545B,Puss in Boots,Prince Csihan (Nettles),Hungary,,Hungary,type0545b.html
545B,Puss in Boots,The Palace That Stood on Golden Pillars,Sweden,,Sweden,type0545b.html
545B,Puss in Boots,Helge-Hal in the Blue Hill,Norway,,Norway,type0545b.html
545B,Puss in Boots,Lord Peter,Norway,,Norway,type0545b.html
545B,Puss in Boots,Mighty Mikko,Finland,,Finland,type0545b.html
545B,Puss in Boots,Count Martin of the Cat,Italy / Austria,,Italy / Austria,type0545b.html
545B,Puss in Boots,Don Joseph Pear,Italy,,Italy,type0545b.html
545B,Puss in Boots,Boroltai Ku,Mongolia,,Mongolia,type0545b.html
545B,Puss in Boots,Jogeshwar's Marriage,India,,India,type0545b.html
545B,Puss in Boots,The Match-Making Jackal,India,,India,type0545b.html
545B,Puss in Boots,The Weaver,India,,India,type0545b.html
545B,Puss in Boots,The Clever Jackal,Kashmir,,Kashmir,type0545b.html
545B,Puss in Boots,The Monkey and Juan Pusong Tambi-Tambi,Philippines,,Philippines,type0545b.html
545B,Puss in Boots,Andres the Trapper,Philippines,,Philippines,type0545b.html
,Rain or Sunshine?,The Father and His Two Daughters,Aesop,,Aesop,aesoprain.html
,Rain or Sunshine?,Nasreddin Hodja and His Two Daughters,Turkey,,Turkey,aesoprain.html
570,The Rabbit Herd,The Rabbit Herd,Europe,,Europe,type0570.html
570,The Rabbit Herd,The Hare Herder,Germany,,Germany,type0570.html
570,The Rabbit Herd,The Green Fig,Germany,,Germany,type0570.html
570,The Rabbit Herd,The King's Hares,Norway,,Norway,type0570.html
570,The Rabbit Herd,Jesper the Hare Herder,Denmark,,Denmark,type0570.html
570,The Rabbit Herd,The Flute,Poland,,Poland,type0570.html
570,The Rabbit Herd,The Magic Fife,Ukraine / Russia,,Ukraine / Russia,type0570.html
570,The Rabbit Herd,Additional tales of type 570,,,,type0570.html
310,Rapunzel,Parsley [Petrosinella],Italy,,Italy,type0310.html
310,Rapunzel,The Fair Angiola,Italy,,Italy,type0310.html
310,Rapunzel,Prunella,Italy,,Italy,type0310.html
310,Rapunzel,Persinette,France,,France,type0310.html
310,Rapunzel,Parsillette,France,,France,type0310.html
310,Rapunzel,Blond Beauty,France,,France,type0310.html
310,Rapunzel,Juan and Clotilde,Philippines,,Philippines,type0310.html
333,Little Red Riding Hood,Little Red Riding Hood,Charles Perrault,,Charles Perrault,type0333.html
333,Little Red Riding Hood,Little Red Cap,Jacob and Wilhelm Grimm,,Jacob and Wilhelm Grimm,type0333.html
333,Little Red Riding Hood,Little Red Hood,Lower Lusatia,,Lower Lusatia,type0333.html
333,Little Red Riding Hood,Little Red Hat,Italy/Austria,,Italy/Austria,type0333.html
333,Little Red Riding Hood,The Grandmother,France,,France,type0333.html
333,Little Red Riding Hood,The True History of Little Golden-Hood,Charles Marelles,,Charles Marelles,type0333.html
333,Little Red Riding Hood,Red Ridinghood,Ireland,,Ireland,type0333.html
333,Little Red Riding Hood,The Little Girl and Her Grandmother,Ireland,,Ireland,type0333.html
333,Little Red Riding Hood,Red Riding Hood,Ireland,,Ireland,type0333.html
333,Little Red Riding Hood,The Old Man and the Wolf,Romania,,Romania,type0333.html
333,Little Red Riding Hood,The Tale of Jemima Puddle-Duck,Beatrix Potter,,Beatrix Potter,type0333.html
333,Little Red Riding Hood,Additional texts,,,,type0333.html
333,Little Red Riding Hood,Essays and Internet sites,,,,type0333.html
990,Revived from Apparent Death by a Grave-Robber,A Sign from God,Germany,,Germany,type0990.html
990,Revived from Apparent Death by a Grave-Robber,A Terrible Experience,Scotland,,Scotland,type0990.html
990,Revived from Apparent Death by a Grave-Robber,Buried in a Trance,Scotland,,Scotland,type0990.html
990,Revived from Apparent Death by a Grave-Robber,A Ghoul-Like Deed,England,,England,type0990.html
990,Revived from Apparent Death by a Grave-Robber,Lady Restored to Life,England,,England,type0990.html
990,Revived from Apparent Death by a Grave-Robber,Lady Mount Edgcumbe Buried Alive,England,,England,type0990.html
,Rígsþula: The Lay of Rig,The Birth of Thrall,,,,rig.html
,Rígsþula: The Lay of Rig,The Birth of Churl,,,,rig.html
,Rígsþula: The Lay of Rig,The Birth of Earl,,,,rig.html
,Rígsþula: The Lay of Rig,The Birth of King,,,,rig.html
955,The Robber Bridegroom,The Robber's Bride,Germany,,Germany,type0955.html
955,The Robber Bridegroom,The Sweetheart in the Wood,Norway,,Norway,type0955.html
955,The Robber Bridegroom,The Robber Bridegroom,Denmark,,Denmark,type0955.html
955,The Robber Bridegroom,The Story of Mr. Fox,England,,England,type0955.html
955,The Robber Bridegroom,The Oxford Student,England,,England,type0955.html
955,The Robber Bridegroom,The Girl Who Got Up the Tree,England,,England,type0955.html
955,The Robber Bridegroom,Bloody Baker,England,,England,type0955.html
955,The Robber Bridegroom,Bobby Rag,English,,English,type0955.html
955,The Robber Bridegroom,Captain Murderer,"England, Charles Dickens",,"England, Charles Dickens",type0955.html
955,The Robber Bridegroom,Laula,Wales,,Wales,type0955.html
955,The Robber Bridegroom,The History of Mr. Greenwood,Scotland,,Scotland,type0955.html
955,The Robber Bridegroom,The Cannibal Innkeeper,Romania,,Romania,type0955.html
955,The Robber Bridegroom,Greenbeard,Lithuania,,Lithuania,type0955.html
955,The Robber Bridegroom,Sulasa and Sattuka,"India, The Jataka",,"India, The Jataka",type0955.html
,ruebezahl,Rübezahl Is Entertained by Musicians,Johann Prätorius,,Johann Prätorius,ruebezahl.html
,Saint George and the Dragon,Mar Jiryis (Saint George) and the Dragon,Palestine,,Palestine,stgeorge.html
,Saint George,The Birth of St. George,,,,stgeorge2.html
,Saint George,St. George and the Dragon,,,,stgeorge2.html
,Saint George Legends from Northern Europe,St. Yegóry the Brave,Russia,,Russia,stgeorge3.html
,Saint George Legends from Northern Europe,Lindorm Legend,Mecklenburg,,Mecklenburg,stgeorge3.html
,Saint George Legends from Northern Europe,The King's Trophy,Germany,,Germany,stgeorge3.html
,Saint George Legends from Northern Europe,The Horseshoe on Wall of the Saint Nicholas Church in Leipzig,Saxony,,Saxony,stgeorge3.html
,Saint George Legends from Northern Europe,Saint George's Banner,Saxony,,Saxony,stgeorge3.html
,Saint George Legends from Northern Europe,Saint George,Saxony,,Saxony,stgeorge3.html
,Saint George Legends from Northern Europe,The Knight Saint George at Nauhain,Saxony,,Saxony,stgeorge3.html
,Saint George Legends from Northern Europe,The Dragon at Nebra and the Knight Saint George,Saxony-Anhalt,,Saxony-Anhalt,stgeorge3.html
,Saint George Legends from Northern Europe,The Lindorm in Marktbreit,Lower Franconia,,Lower Franconia,stgeorge3.html
,Saint George Legends from Northern Europe,The Lindorm at Frankenstein Castle,Baden-Württemberg,,Baden-Württemberg,stgeorge3.html
,Saint George Legends from Northern Europe,The Dragon,Baden,,Baden,stgeorge3.html
,Saint George Legends from Northern Europe,George's Meadow,Swabia,,Swabia,stgeorge3.html
,Saint George Legends from Northern Europe,The Lindorm,Lusatia,,Lusatia,stgeorge3.html
,Saint George Legends from Northern Europe,Saint George and the Uffington White Horse,England,,England,stgeorge3.html
,Saint George Legends from Northern Europe,"The Dragon's Well, Brinsop",England,,England,stgeorge3.html
,Saint George Legends from Northern Europe,Saint George in Cornwall,Cornwall,,Cornwall,stgeorge3.html
,Love Like Salt,folktales of types 923 and 510,,,,salt.html
,Love Like Salt,To Love My Father All,William Shakespeare,,William Shakespeare,salt.html
,Love Like Salt,Cap o' Rushes,England,,England,salt.html
,Love Like Salt,Sugar and Salt,England,,England,salt.html
,Love Like Salt,The Dirty Shepherdess,France,,France,salt.html
,Love Like Salt,As Dear as Salt,Germany,,Germany,salt.html
,Love Like Salt,The Most Indispensable Thing,Germany,,Germany,salt.html
,Love Like Salt,The Necessity of Salt,Austria,,Austria,salt.html
,Love Like Salt,The Value of Salt,Italy,,Italy,salt.html
,Love Like Salt,Like Good Salt,Italy,,Italy,salt.html
,Love Like Salt,Water and Salt,Italy,,Italy,salt.html
,Love Like Salt,The King and His Daughters,Pakistan,,Pakistan,salt.html
,Love Like Salt,The Princess Who Loved Her Father Like Salt,India,,India,salt.html
565,Why the Sea Is Salty,Frodi's Mill,Iceland,,Iceland,type0565.html
565,Why the Sea Is Salty,Why the Sea Is Salt,Norway,,Norway,type0565.html
565,Why the Sea Is Salty,The Coffee Mill Which Grinds Salt,Denmark,,Denmark,type0565.html
565,Why the Sea Is Salty,Why Sea Water Is Salty,Germany,,Germany,type0565.html
565,Why the Sea Is Salty,Why the Ocean Is Salty,Philippines,,Philippines,type0565.html
,"Scandinavia, Finland, and Estonia","A Digital Library of Folklore, Folktales, and Fairy Tales",,,,scandinavia.html
278,The Scorpion and the Tortoise,and other folktales about unnatural partnerships,,,,type0278.html
278,The Scorpion and the Tortoise,The Scorpion and the Tortoise,Bidpai,,Bidpai,type0278.html
278,The Scorpion and the Tortoise,"The Mouse, the Frog, and the Hawk",Aesop,,Aesop,type0278.html
278,The Scorpion and the Tortoise,The Frog and the Rat,Jean de La Fontaine,,Jean de La Fontaine,type0278.html
1137F,Self Did It,My Ainsel,"Northumberland, England",,"Northumberland, England",type1137fairy.html
1137F,Self Did It,My Own Self,"Sunderland, England",,"Sunderland, England",type1137fairy.html
1137F,Self Did It,The Miller and the Ourisk,Scotland,,Scotland,type1137fairy.html
1137F,Self Did It,The Story of Tam M'Kechan,Scotland,,Scotland,type1137fairy.html
1137F,Self Did It,Mysel' i' da Mill,"Shetland Islands, Scotland",,"Shetland Islands, Scotland",type1137fairy.html
1137F,Self Did It,A Donegal Fairy,Ireland,,Ireland,type1137fairy.html
1137F,Self Did It,Norway,,,,type1137fairy.html
1137F,Self Did It,Issi Teggi (Self Did It),Estonia,,Estonia,type1137fairy.html
1137F,Self Did It,The Fairy in the House,Basque,,Basque,type1137fairy.html
7015,The Shoemaker and the Elves,The Elves,Germany,,Germany,type7015.html
7015,The Shoemaker and the Elves,Shoemaker Jobst and the Elves,Germany,,Germany,type7015.html
7015,The Shoemaker and the Elves,The Shoemaker and the Dwarf,Germany,,Germany,type7015.html
7015,The Shoemaker and the Elves,The Dwarf as a Journeyman Shoemaker,Germany,,Germany,type7015.html
7015,The Shoemaker and the Elves,Mermen,Germany,,Germany,type7015.html
7015,The Shoemaker and the Elves,The Grinding-Mill Elves,Germany,,Germany,type7015.html
7015,The Shoemaker and the Elves,The Underground People at Bernstein,Germany / Poland,,Germany / Poland,type7015.html
7015,The Shoemaker and the Elves,The Nisse's New Clothes,Sweden,,Sweden,type7015.html
7015,The Shoemaker and the Elves,The Little Washerwoman,Bohemia,,Bohemia,type7015.html
7015,The Shoemaker and the Elves,The Little Wild Man,Austria,,Austria,type7015.html
7015,The Shoemaker and the Elves,The Dwarfs Depart from Paznaun,Austria,,Austria,type7015.html
7015,The Shoemaker and the Elves,The Herder Dwarf in Muri,Switzerland,,Switzerland,type7015.html
7015,The Shoemaker and the Elves,Now What a Handsome Man Am I,Switzerland,,Switzerland,type7015.html
7015,The Shoemaker and the Elves,The Pixies of Devonshire,England,,England,type7015.html
7015,The Shoemaker and the Elves,The Pixie and the Washerwoman,England,,England,type7015.html
7015,The Shoemaker and the Elves,The Hart Hall Hob,England,,England,type7015.html
7015,The Shoemaker and the Elves,The Cauld Lad of Hilton,England,,England,type7015.html
7015,The Shoemaker and the Elves,The Pixy's Clothes,England,,England,type7015.html
7015,The Shoemaker and the Elves,The Pisky Thrasher,England,Cornwall,England (Cornwall),type7015.html
7015,The Shoemaker and the Elves,The Pixie Thresher,England,,England,type7015.html
7015,The Shoemaker and the Elves,The Brownie's New Coat,Scotland,,Scotland,type7015.html
7015,The Shoemaker and the Elves,Brownies,Scotland,,Scotland,type7015.html
7015,The Shoemaker and the Elves,A Trow Called Broonie,Scotland,,Scotland,type7015.html
7015,The Shoemaker and the Elves,The Kildare Pooka,Ireland,,Ireland,type7015.html
7015,The Shoemaker and the Elves,The Kildare Pooka,,,,type7015.html
7015,The Shoemaker and the Elves,The Phouka,Ireland,,Ireland,type7015.html
7015,The Shoemaker and the Elves,The Sprite,France,,France,type7015.html
7015,The Shoemaker and the Elves,The Fairy Friar,Spain,,Spain,type7015.html
306,The Shoes That Were Danced to Pieces,The Shoes That Were Danced to Pieces,"Germany, Jacob and Wilhelm Grimm",,"Germany, Jacob and Wilhelm Grimm",type0306.html
306,The Shoes That Were Danced to Pieces,The Shoes That Were Danced to Pieces,Germany,,Germany,type0306.html
306,The Shoes That Were Danced to Pieces,The Princess with the Twelve Pair of Golden Shoes,Denmark,,Denmark,type0306.html
306,The Shoes That Were Danced to Pieces,The Invisible Shepherd Boy,Germany/Hungary,,Germany/Hungary,type0306.html
306,The Shoes That Were Danced to Pieces,The Midnight Dance,Russia,,Russia,type0306.html
306,The Shoes That Were Danced to Pieces,The Three Girls,Gypsy,"Slovak, Moravian, and Bohemian","Gypsy (Slovak, Moravian, and Bohemian)",type0306.html
306,The Shoes That Were Danced to Pieces,The Seven Iron Slippers,Portugal,,Portugal,type0306.html
306,The Shoes That Were Danced to Pieces,The Twelve Dancing Princesses,France,,France,type0306.html
306,The Shoes That Were Danced to Pieces,The Slippers of the Twelve Princesses,Romania,,Romania,type0306.html
306,The Shoes That Were Danced to Pieces,Dorani,Punjab,,Punjab,type0306.html
306,The Shoes That Were Danced to Pieces,"Hildur, the Queen of the Elves",Iceland,,Iceland,type0306.html
1351,The Silence Wager,The Husband and the Wife Who Made a Wager as to Who Would Eat the Pancake,India / China,,India / China,type1351.html
1351,The Silence Wager,The Beggar and the Five Muffins,India,,India,type1351.html
1351,The Silence Wager,Story of the Third Brahman,India,,India,type1351.html
1351,The Silence Wager,"The Farmer, His Wife, and the Open Door",Pakistan,,Pakistan,type1351.html
1351,The Silence Wager,The Silent Couple,Syria,,Syria,type1351.html
1351,The Silence Wager,The Opium Eaters and the Open Gate,Turkey,,Turkey,type1351.html
1351,The Silence Wager,The Hashish Eater and His Bride,Egypt,,Egypt,type1351.html
1351,The Silence Wager,Sennuccio and Bedovina,Italy,,Italy,type1351.html
1351,The Silence Wager,The Wager,Italy,,Italy,type1351.html
1351,The Silence Wager,The Porridge Pot,Flanders,,Flanders,type1351.html
1351,The Silence Wager,The First One to Speak,Denmark,,Denmark,type1351.html
1351,The Silence Wager,Johnie Blunt,"Scotland, Robert Burns",,"Scotland, Robert Burns",type1351.html
1351,The Silence Wager,The Barring of the Door,Scotland,,Scotland,type1351.html
1351,The Silence Wager,Gutmann und Gutweib,Johann Wolfgang von Goethe,,Johann Wolfgang von Goethe,type1351.html
214A,Singing Thieves,The Musical Donkey,India,The Panchatantra,India (The Panchatantra),type0214a.html
214A,Singing Thieves,The Ass as Singer,Tibet,,Tibet,type0214a.html
214A,Singing Thieves,Tit for Tat,India,,India,type0214a.html
214A,Singing Thieves,The Four Associates,Pakistan,,Pakistan,type0214a.html
214A,Singing Thieves,The Turtle and the Lizard,Philippines,Tinguian,Philippines (Tinguian),type0214a.html
410,Sleeping Beauty,"Sun, Moon, and Talia",Giambattista Basile,,Giambattista Basile,type0410.html
410,Sleeping Beauty,The Sleeping Beauty in the Wood,Charles Perrault,,Charles Perrault,type0410.html
410,Sleeping Beauty,Little Brier-Rose,Jacob and Wilhelm Grimm,,Jacob and Wilhelm Grimm,type0410.html
410,Sleeping Beauty,Maruzzedda,Italy,Sicily,Italy (Sicily),type0410.html
410,Sleeping Beauty,The Beautiful Anna,Italy,Sicily,Italy (Sicily),type0410.html
410,Sleeping Beauty,"Sun, Pearl, and Anna",Italy,Sicily,Italy (Sicily),type0410.html
410,Sleeping Beauty,An Old Story,Ireland,,Ireland,type0410.html
410,Sleeping Beauty,"The Enchanted Princess; or, The Magic Tower",Greece,,Greece,type0410.html
410,Sleeping Beauty,The Ninth Captain's Tale,1001 Nights,,1001 Nights,type0410.html
,Sleeping Hero Legends,Geroldseck,Germany,,Germany,sleep.html
,Sleeping Hero Legends,Frederick Barbarossa in Kyffhäuser Mountain,Germany,,Germany,sleep.html
,Sleeping Hero Legends,Emperor Karl at Nürnberg,Germany,,Germany,sleep.html
,Sleeping Hero Legends,Emperor Karl in Untersberg Mountain,Germany/Austria,,Germany/Austria,sleep.html
,Sleeping Hero Legends,King Karl and His Army in Odin's Mountain,Germany,,Germany,sleep.html
,Sleeping Hero Legends,Emperor Heinrich in Sudemer Mountain,Germany,,Germany,sleep.html
,Sleeping Hero Legends,The Three Tells,Switzerland,,Switzerland,sleep.html
,Sleeping Hero Legends,King Matthias Corvinus,Slovenia / Austria,,Slovenia / Austria,sleep.html
,Sleeping Hero Legends,King Matjaž,Slovenia,,Slovenia,sleep.html
,Sleeping Hero Legends,Emperor Napoleon Is Still Alive,France,,France,sleep.html
,Sleeping Hero Legends,Holger the Dane Under Kronborg,Denmark,,Denmark,sleep.html
,Sleeping Hero Legends,Holger Danske,Denmark,,Denmark,sleep.html
,Sleeping Hero Legends,King Dan,Denmark / Germany,,Denmark / Germany,sleep.html
,Sleeping Hero Legends,The Knights of Ållaberg,Sweden,,Sweden,sleep.html
,Sleeping Hero Legends,The Sleeping Heroes in Mątwy,Poland,,Poland,sleep.html
,Sleeping Hero Legends,The Sleeping Warriors,England/Wales,,England/Wales,sleep.html
,Sleeping Hero Legends,Sleeping Warriors,Wales,,Wales,sleep.html
,Sleeping Hero Legends,The Cave of the Young Men of Snowdonia,Wales,,Wales,sleep.html
,Sleeping Hero Legends,The Hunter and His Hounds,England,,England,sleep.html
,Sleeping Hero Legends,The Passing of Arthur,England,,England,sleep.html
,Sleeping Hero Legends,Some Say That King Arthur Is Not Dead,England,,England,sleep.html
,Sleeping Hero Legends,King Arthur at Sewingshields,England,,England,sleep.html
,Sleeping Hero Legends,King Arthur in Freebrough Hill,England,,England,sleep.html
,Sleeping Hero Legends,Richmond Castle,England,,England,sleep.html
,Sleeping Hero Legends,The Wizard of Alderley Edge,England,,England,sleep.html
,Sleeping Hero Legends,Then There Are Yet Men in the Isle of Man,Isle of Man,,Isle of Man,sleep.html
,Sleeping Hero Legends,The Enchantment of Gearoidh Iarla,Ireland,,Ireland,sleep.html
,Sleeping Hero Legends,Thomas the Rhymer,Scotland,,Scotland,sleep.html
,Sleeping Hero Legends,The Smith's Rock in the Isle of Skye,Scotland,,Scotland,sleep.html
285B,The Person Who Swallowed a Snake (or Similar Dangerous Creature),The Snake in the Prince's Belly,India,,India,type0285bast.html
285B,The Person Who Swallowed a Snake (or Similar Dangerous Creature),The Man with the Snake,Denmark,,Denmark,type0285bast.html
285B,The Person Who Swallowed a Snake (or Similar Dangerous Creature),The Alp-Luachra,Ireland,,Ireland,type0285bast.html
285B,The Person Who Swallowed a Snake (or Similar Dangerous Creature),The Islay Doctor,Scotland / Norway,,Scotland / Norway,type0285bast.html
285B,The Person Who Swallowed a Snake (or Similar Dangerous Creature),Ananzi and Baboon,Africa / West Indies,,Africa / West Indies,type0285bast.html
285B,The Person Who Swallowed a Snake (or Similar Dangerous Creature),The Snake in the Stomach,USA,,USA,type0285bast.html
,Snake and Serpent Husbands,The Enchanted Brahman's Son,India. The Panchatantra,,India. The Panchatantra,snake.html
,Snake and Serpent Husbands,Muchie-Lal,India,,India,snake.html
,Snake and Serpent Husbands,The Snake Prince,India,,India,snake.html
,Snake and Serpent Husbands,The Caterpillar Boy,India,,India,snake.html
,Snake and Serpent Husbands,The River Snake,"India, Cecil Henry Bompas",,"India, Cecil Henry Bompas",snake.html
,Snake and Serpent Husbands,The Snake Who Became the King's Son-in-Law,Romanian-Gypsy,,Romanian-Gypsy,snake.html
,Snake and Serpent Husbands,The Serpent,Italy,,Italy,snake.html
,Snake and Serpent Husbands,The Water Snake,"Russia, A. A. Erlenvein",,"Russia, A. A. Erlenvein",snake.html
,Snake and Serpent Husbands,Transformation into a Nightingale and a Cuckoo,Russia,,Russia,snake.html
,Snake and Serpent Husbands,The Snake and the Princess,Russia,,Russia,snake.html
,Snake and Serpent Husbands,The Girl and the Snake,Sweden,,Sweden,snake.html
,Snake and Serpent Husbands,The Snake and the Little Girl,Denmark,Bornholm,Denmark (Bornholm),snake.html
,Snake and Serpent Husbands,King Lindorm,"Denmark, Svend Grundtvig",,"Denmark, Svend Grundtvig",snake.html
,Snake and Serpent Husbands,The Silk Spinster,"Germany, A. Kuhn and W. Schwartz",,"Germany, A. Kuhn and W. Schwartz",snake.html
,Snake and Serpent Husbands,The Snake,"Germany, Ignaz and Joseph Zingerle",,"Germany, Ignaz and Joseph Zingerle",snake.html
,Snake and Serpent Husbands,The Serpent,"Germany, Ignaz and Joseph Zingerle",,"Germany, Ignaz and Joseph Zingerle",snake.html
,Snake and Serpent Husbands,Oda and the Snake,Germany,,Germany,snake.html
1362,The Snow Child,The Snow Child,Europe,,Europe,type1362.html
1362,The Snow Child,The Child of Snow,"France, Les cent nouvelles nouvelles",,"France, Les cent nouvelles nouvelles",type1362.html
1362,The Snow Child,The Ice Child,"Germany, Johannes Pauli",,"Germany, Johannes Pauli",type1362.html
1362,The Snow Child,The Snow Child,"England, Thomas North",,"England, Thomas North",type1362.html
1362,The Snow Child,A Poor Mariner of Gaeta,"Italy, Poggio Bracciolini",,"Italy, Poggio Bracciolini",type1362.html
1362,The Snow Child,A Twelve-Month Child,"Italy, Poggio Bracciolini",,"Italy, Poggio Bracciolini",type1362.html
1362,The Snow Child,Ten Cradles,"England, John Taylor",,"England, John Taylor",type1362.html
703,The Snow Maiden,The Snow Maiden,Russia,,Russia,type0703.html
703,The Snow Maiden,"The Snow Daughter and the Fire Son Bukovina There was once upon a time a man and his wife, and they had no children, which was a great grief to them. One winter's day, when the sun was shining brightly, the couple were standing outside their cottage, and the woman was looking at all the little icicles which hung from the roof. She sighed, and turning to her husband said, ""I wish I had as many children as there are icicles hanging there."" ""Nothing would please me more either,"" replied her husband. Then a tiny icicle detached itself from the roof, and dropped into the woman's mouth, who swallowed it with a smile, and said, ""Perhaps I shall give birth to a snow child now!"" Her husband laughed at his wife's strange idea, and they went back into the house. But after a short time the woman gave birth to a little girl, who was as white as snow and as cold as ice. If they brought the child anywhere near the fire, it screamed loudly till they put it back into some cool place. The little maid throve wonderfully, and in a few months she could run about and speak. But she was not altogether easy to bring up, and gave her parents much trouble and anxiety, for all summer she insisted on spending in the cellar, and in the winter she would sleep outside in the snow, and the colder it was the happier she seemed to be. Her father and mother called her simply ""Our Snow Daughter,"" and this name stuck to her all her life. One day her parents sat by the fire, talking over the extraordinary behaviour of their daughter, who was disporting herself in the snowstorm that raged outside. The woman sighed deeply and said, ""I wish I had given birth to a Fire Son!"" As she said these words, a spark from the big wood fire flew into the woman's lap, and she said with a laugh, ""Now perhaps I shall give birth to a Fire Son!"" The man laughed at his wife's words, and thought it was a good joke. But he ceased to think it a joke when his wife shortly afterwards gave birth to a boy, who screamed lustily till he was put quite close to the fire, and who nearly yelled himself into a fit if the Snow Daughter came anywhere near him. The Snow Daughter herself avoided him as much as she could, and always crept into a corner as far away from him as possible. The parents called the boy simply ""Our Fire Son,"" a name which stuck to him all his life. They had a great deal of trouble and worry with him too; but he throve and grew very quickly, and before he was a year old he could run about and talk. He was as red as fire, and as hot to touch, and he always sat on the hearth quite close to the fire, and complained of the cold; if his sister were in the room he almost crept into the flames, while the girl on her part always complained of the great heat if her brother were anywhere near. In summer the boy always lay out in the sun, while the girl hid herself in the cellar: so it happened that the brother and sister came very little into contact with each other -- in fact, they carefully avoided it. Just as the girl grew up into a beautiful woman, her father and mother both died one after the other. Then the Fire Son, who had grown up in the meantime into a fine, strong young man, said to his sister, ""I am going out into the world, for what is the use of remaining on here?"" ""I shall go with you,"" she answered, ""for, except you, I have no one in the world, and I have a feeling that if we set out together we shall be lucky."" The Fire Son said, ""I love you with all my heart, but at the same time I always freeze if you are near me, and you nearly die of heat if I approach you! How shall we travel about together without being odious the one to the other?"" ""Don't worry about that,"" replied the girl, ""for I've thought it all over, and have settled on a plan which will make us each able to bear with the other! See, I have had a fur cloak made for each of us, and if we put them on I shall not feel the heat so much nor you the cold."" So they put on the fur cloaks, and set out cheerfully on their way, and for the first time in their lives quite happy in each other's company. For a long time the Fire Son and the Snow Daughter wandered through the world, and when at the beginning of winter they came to a big wood they determined to stay there till spring. The Fire Son built himself a hut where he always kept up a huge fire, while his sister with very few clothes on stayed outside night and day. Now it happened one day that the king of the land held a hunt in this wood, and saw the Snow Daughter wandering about in the open air. He wondered very much who the beautiful girl clad in such garments could be, and he stopped and spoke to her. He soon learnt that she could not stand heat, and that her brother could not endure cold. The king was so charmed by the Snow Daughter, that he asked her to be his wife. The girl consented, and the wedding was held with much state. The king had a huge house of ice made for his wife underground, so that even in summer it did not melt. But for his brother-in-law he had a house built with huge ovens all round it, that were kept heated all day and night. The Fire Son was delighted, but the perpetual heat in which he lived made his body so hot, that it was dangerous to go too close to him. One day the king gave a great feast, and asked his brother-in-law among the other guests. The Fire Son did not appear till everyone had assembled, and when he did, everyone fled outside to the open air, so intense was the heat he gave forth. Then the king was very angry and said, ""If I had known what a lot of trouble you would have been, I would never have taken you into my house."" Then the Fire Son replied with a laugh, ""Don't be angry, dear brother! I love heat and my sister loves cold. Come here and let me embrace you, and then I'll go home at once."" And before the king had time to reply, the Fire Son seized him in a tight embrace. The king screamed aloud in agony, and when his wife, the Snow Daughter, who had taken refuge from her brother in the next room, hurried to him, the king lay dead on the ground burnt to a cinder. When the Snow Daughter saw this she turned on her brother and flew at him. Then a fight began, the like of which had never been seen on earth. When the people, attracted by the noise, hurried to the spot, they saw the Snow Daughter melting into water and the Fire Son burn to a cinder. And so ended the unhappy brother and sister. Source: Andrew Lang, The Yellow Fairy Book (London: Longmans, Green, and Company, 1906), pp. 206-208. Bukovina is a historic region now split between Romania and Bulgaria. Return to the table of contents. Yuki-Onna",Japan,,Japan,type0703.html
325A,The Sorcerer's Apprentice,"Eucrates and Pancrates, the Egyptian Miracle Worker",Lucian,,Lucian,type0325ast.html
325A,The Sorcerer's Apprentice,Magic Book,Germany,,Germany,type0325ast.html
325A,The Sorcerer's Apprentice,The Book of Magic,Russia,,Russia,type0325ast.html
325A,The Sorcerer's Apprentice,The Master and His Pupil,England,,England,type0325ast.html
325A,The Sorcerer's Apprentice,The Schoolmaster at Bury,England,,England,type0325ast.html
325A,The Sorcerer's Apprentice,The Farmer's Wife of Deloraine,Scotland,,Scotland,type0325ast.html
325A,The Sorcerer's Apprentice,Mass John Scott,Scotland,,Scotland,type0325ast.html
325A,The Sorcerer's Apprentice,The Magic Whistle,Iceland,,Iceland,type0325ast.html
365,Specter Bridegrooms,Sweet William's Ghost,Scotland,,Scotland,type0365.html
365,Specter Bridegrooms,The Specter Bridegroom,England,,England,type0365.html
365,Specter Bridegrooms,The Lovers of Porthangwartha,England,,England,type0365.html
365,Specter Bridegrooms,The Deacon of Myrká,Iceland,,Iceland,type0365.html
365,Specter Bridegrooms,The Abbess and the Devil,Germany,,Germany,type0365.html
365,Specter Bridegrooms,A Ghost as Husband,Netherlands,,Netherlands,type0365.html
365,Specter Bridegrooms,The Pale Lover,Austria,,Austria,type0365.html
365,Specter Bridegrooms,The Lover at the Bedroom Window,Austria,,Austria,type0365.html
365,Specter Bridegrooms,The Lover's Ghost,Hungary,,Hungary,type0365.html
365,Specter Bridegrooms,The Girls and Their Suitors,Lithuania,,Lithuania,type0365.html
365,Specter Bridegrooms,Siegfried and Chriemhilt,German-American,,German-American,type0365.html
365,Specter Bridegrooms,The Ghost Husband,Native American,,Native American,type0365.html
365,Specter Bridegrooms,Aarne-Thompson-Uther folktale type 365,Texts in the English Language,,Texts in the English Language,type0365.html
365,Specter Bridegrooms,Texts in the German Language,Texte in deutscher Sprache,,,type0365.html
,Stone Monument Legends,The Standing Stones of Stenhouse,Orkney Islands,,Orkney Islands,monuments.html
,Stone Monument Legends,The Stone of Odin,Orkney Islands,,Orkney Islands,monuments.html
,Stone Monument Legends,"The Temple of the Moon, The Temple of the Sun, and Wodden's Stone",Orkney Islands,,Orkney Islands,monuments.html
,Stone Monument Legends,Druidical Circles and Monoliths,Scotland,,Scotland,monuments.html
,Stone Monument Legends,Olav's Mound and the Raised Stone at Slugan,Scotland,,Scotland,monuments.html
,Stone Monument Legends,The Gnoll Fairy Stone,Wales,,Wales,monuments.html
,Stone Monument Legends,Merlin Transports the Giant's Dance [Stonehenge] from Ireland to England,England,,England,monuments.html
,Stone Monument Legends,The White Cow of Mitchell's Fold,England,,England,monuments.html
,Stone Monument Legends,The Merry Maidens,England,Cornwall,England (Cornwall),monuments.html
,Stone Monument Legends,Rollright,England,,England,monuments.html
,Stone Monument Legends,Legend of the Rollright Stones,England,,England,monuments.html
,Stone Monument Legends,Table-Mên: The Saxon Kings' Visit to the Land's-End,England,Cornwall,England (Cornwall),monuments.html
,Stone Monument Legends,King Arthur's Stone,England,Cornwall,England (Cornwall),monuments.html
,Stone Monument Legends,The Witches of the Logan Stone,England,,England,monuments.html
,Stone Monument Legends,How to Become a Witch,England,,England,monuments.html
,Stone Monument Legends,Giants in Denmark,Saxo Grammaticus,,Saxo Grammaticus,monuments.html
,Stone Monument Legends,Gloshed's Altar,Sweden,,Sweden,monuments.html
,Stone Monument Legends,The Frau Holle Stone,Germany,,Germany,monuments.html
,Stone Monument Legends,The Giant's Stone near Züschen,Germany,,Germany,monuments.html
,Stone Monument Legends,The Stone of Stolzenhagen,Germany,,Germany,monuments.html
,Stone Monument Legends,The Seven Stones of Morin,Germany,,Germany,monuments.html
,Stone Monument Legends,The Adam's Dance of Wirchow,Germany,,Germany,monuments.html
,Stone Monument Legends,The Hun Graves at Züssow,Germany,,Germany,monuments.html
,Stone Monument Legends,Runestones and Picture Stones from Scandinavia,A Selection of Photographs,,A Selection of Photographs,monuments.html
295,"Straw, Coal, and Bean","Straw, Coal, and Bean Go Traveling",Jacob and Wilhelm Grimm,1812,Jacob and Wilhelm Grimm (1812),type0295.html
295,"Straw, Coal, and Bean","Straw, Coal, and Bean","Jacob and Wilhelm Grimm, 1837",,"Jacob and Wilhelm Grimm, 1837",type0295.html
295,"Straw, Coal, and Bean","Mouse, You Go First!",Switzerland,,Switzerland,type0295.html
295,"Straw, Coal, and Bean","Someone's Misfortune, Someone's Ridicule",Poland,,Poland,type0295.html
650A,The Strong Boy,The Young Giant,Germany,,Germany,type0650a.html
650A,The Strong Boy,The Hairy Boy,Switzerland,,Switzerland,type0650a.html
650A,The Strong Boy,Benedict,France,Lorraine,France (Lorraine),type0650a.html
650A,The Strong Boy,Fourteen,Basque,,Basque,type0650a.html
650A,The Strong Boy,The Dwarf Who Grew Up,Ireland,,Ireland,type0650a.html
650A,The Strong Boy,Strong Jack,Wales,Romani,Wales (Romani),type0650a.html
650A,The Strong Boy,The Bear's Son,Serbia,,Serbia,type0650a.html
650A,The Strong Boy,The Strong Man,India,,India,type0650a.html
650A,The Strong Boy,The Story of Carancal,Philippines,,Philippines,type0650a.html
1730,The Entrapped Suitors,The Lady and Her Five Suitors,1001 Nights,,1001 Nights,type1730.html
1730,The Entrapped Suitors,The Entrapped Suitors,Europe,,Europe,type1730.html
,"Sun, Moon, and Star Legends",The Night Raven or Eternal Teamster,Germany,,Germany,stars.html
,Superstitions from Europe,Germany,,,,superstition.html
,Superstitions from Europe,England,,,,superstition.html
2,The Tail-Fisher,Why the Bear Is Stumpy-Tailed,Norway,,Norway,type0002.html
2,The Tail-Fisher,How the Wolf Lost His Tail,Scotland,,Scotland,type0002.html
2,The Tail-Fisher,Reynard and Bruin,Europe,,Europe,type0002.html
2,The Tail-Fisher,Why the Bear Has a Stumpy Tail,Flanders,,Flanders,type0002.html
2,The Tail-Fisher,The Hare and the Fox,Germany,,Germany,type0002.html
2,The Tail-Fisher,The Wolf's Unfortunate Fishing Trip,Germany/Poland,,Germany/Poland,type0002.html
2,The Tail-Fisher,How Mr. Rabbit Lost His Fine Bushy Tail,Joel Chandler Harris,,Joel Chandler Harris,type0002.html
2,The Tail-Fisher,The Frozen Tail,USA,,USA,type0002.html
2,The Tail-Fisher,Fox and Wolf,American Indian,,American Indian,type0002.html
2,The Tail-Fisher,Why Rabbit Has a Short Tail,Antigua,,Antigua,type0002.html
2,The Tail-Fisher,English-Language Texts,,,,type0002.html
2,The Tail-Fisher,German-Language Texts -- Texte in deutscher Sprache,,,,type0002.html
800,The Tailor in Heaven,How a Tailor Came to Heaven and Threw Our Lord God's Footstool at an Old Woman,Germany,,Germany,type0800.html
800,The Tailor in Heaven,The Tailor in Heaven,Germany,,Germany,type0800.html
800,The Tailor in Heaven,A Spanish Cavalryman,Switzerland,,Switzerland,type0800.html
1967,Tall Tales: The Big Freeze,Frozen in the Saddle,Germany,,Germany,type1967.html
1967,Tall Tales: The Big Freeze,Baron Munchausen in Poland,England / Germany,,England / Germany,type1967.html
1967,Tall Tales: The Big Freeze,Paul Bunyan and the Winter of the Deep Snow,North America,,North America,type1967.html
1967,Tall Tales: The Big Freeze,Keeping Paul Bunyan's Bunk Houses Warm,North America,,North America,type1967.html
1967,Tall Tales: The Big Freeze,The Winter of the Blue Snow,North America,,North America,type1967.html
1967,Tall Tales: The Big Freeze,A Big Snow,USA,Idaho,USA (Idaho),type1967.html
1967,Tall Tales: The Big Freeze,The Great Snowfall,Native American,Alaska / British Columbia,Native American (Alaska / British Columbia),type1967.html
1889F,Tall Tales: Frozen Sounds,Frozen Words,Plutarch,,Plutarch,type1889f.html
1889F,Tall Tales: Frozen Sounds,An Italian Merchant in Poland,Italy,,Italy,type1889f.html
1889F,Tall Tales: Frozen Sounds,Unfrozen Words,France,,France,type1889f.html
1889F,Tall Tales: Frozen Sounds,"How Pantagruel, being at Sea, heard various unfrozen Words",,,,type1889f.html
1889F,Tall Tales: Frozen Sounds,"How among the Frozen Words, Pantagruel found some Odd ones.",,,,type1889f.html
1889F,Tall Tales: Frozen Sounds,Frozen Words,England,,England,type1889f.html
1889F,Tall Tales: Frozen Sounds,Baron Munchausen in Russia,England / Germany,,England / Germany,type1889f.html
1889F,Tall Tales: Frozen Sounds,The Post Horn,Germany,,Germany,type1889f.html
1889F,Tall Tales: Frozen Sounds,Paul Bunyan and the Year of the Hard Winter,North America,,North America,type1889f.html
1889F,Tall Tales: Frozen Sounds,Voices in the Frying Pan,African American,Mississippi,African American (Mississippi),type1889f.html
1889B,Tall Tale: Turning an Animal Inside Out,The Smith of Cannstatt and the Wolf,Germany,,Germany,type1889b.html
1889B,Tall Tale: Turning an Animal Inside Out,Baron Munchausen and the Wolf,England / Germany,,England / Germany,type1889b.html
1889B,Tall Tale: Turning an Animal Inside Out,Cougar Tamers,USA,Idaho,USA (Idaho),type1889b.html
900,Taming a Shrewish Wife: The Proud Princess,Cannetella,"Italy, Giambattista Basile, Il Pentamerone",,"Italy, Giambattista Basile, Il Pentamerone",type0900.html
900,Taming a Shrewish Wife: The Proud Princess,The Crumb in the Beard,Italy,,Italy,type0900.html
900,Taming a Shrewish Wife: The Proud Princess,King Thrushbeard,Germany,,Germany,type0900.html
900,Taming a Shrewish Wife: The Proud Princess,The Three Balls,Germany,,Germany,type0900.html
900,Taming a Shrewish Wife: The Proud Princess,The Princess of Portugal and the Prince of England,Germany,,Germany,type0900.html
900,Taming a Shrewish Wife: The Proud Princess,Haaken Grizzlebeard,Norway,,Norway,type0900.html
900,Taming a Shrewish Wife: The Proud Princess,Greyfoot,Denmark,,Denmark,type0900.html
900,Taming a Shrewish Wife: The Proud Princess,The Proud Princess,Denmark,,Denmark,type0900.html
900,Taming a Shrewish Wife: The Proud Princess,Peter Redhat,Denmark,,Denmark,type0900.html
900,Taming a Shrewish Wife: The Proud Princess,The Swineherd,"Denmark, Hans Christian Andersen",,"Denmark, Hans Christian Andersen",type0900.html
900,Taming a Shrewish Wife: The Proud Princess,The Haughty Princess,Ireland,,Ireland,type0900.html
900,Taming a Shrewish Wife: The Proud Princess,An Old Story,Ireland,,Ireland,type0900.html
900,Taming a Shrewish Wife: The Proud Princess,The Haughty Princess,Belgium,,Belgium,type0900.html
900,Taming a Shrewish Wife: The Proud Princess,The Son of the King of France,France,,France,type0900.html
900,Taming a Shrewish Wife: The Proud Princess,The Princess of England,France,,France,type0900.html
900,Taming a Shrewish Wife: The Proud Princess,The Count of Paris,Portugal,,Portugal,type0900.html
900,Taming a Shrewish Wife: The Proud Princess,The Hunchback,Spain,,Spain,type0900.html
900,Taming a Shrewish Wife: The Proud Princess,Blanca the Haughty,Spain,,Spain,type0900.html
901,Taming of the Shrew: The Disobedient Wife,What Happened to a Young Man on His Wedding Day,Spain,,Spain,type0901.html
901,Taming of the Shrew: The Disobedient Wife,Anger-Flesh,Germany,,Germany,type0901.html
901,Taming of the Shrew: The Disobedient Wife,"Summary of an old German rhymed tale, in the Baron von Lassberg's Lieder-Saal",,,,type0901.html
901,Taming of the Shrew: The Disobedient Wife,Two Brothers and Their Wives,Italy,,Italy,type0901.html
901,Taming of the Shrew: The Disobedient Wife,A Wicked Maiden Becomes a Very Pious Wife,Germany,,Germany,type0901.html
901,Taming of the Shrew: The Disobedient Wife,The Ill-Natured Lady,France / England,,France / England,type0901.html
901,Taming of the Shrew: The Disobedient Wife,The Most Obedient Wife (1),Denmark,,Denmark,type0901.html
901,Taming of the Shrew: The Disobedient Wife,The Most Obedient Wife (2),Denmark,,Denmark,type0901.html
901,Taming of the Shrew: The Disobedient Wife,A Story,Ireland,,Ireland,type0901.html
901,Taming of the Shrew: The Disobedient Wife,Banke Chhail and His Wife,India,,India,type0901.html
901,Taming of the Shrew: The Disobedient Wife,Related Sites,,,,type0901.html
175,The Tar-Baby,The Wonderful Tar-Baby Story,"USA, Joel Chandler Harris",,"USA, Joel Chandler Harris",type0175.html
175,The Tar-Baby,How Mr. Rabbit Was Too Sharp for Mr. Fox,"USA, Joel Chandler Harris",,"USA, Joel Chandler Harris",type0175.html
175,The Tar-Baby,"Buh Wolf, Buh Rabbit, an de Tar-Baby",USA,,USA,type0175.html
175,The Tar-Baby,Playing Godfather: Tar-Baby: Mock Plea,USA,,USA,type0175.html
175,The Tar-Baby,The Rabbit and the Frenchman,Native American,Biloxi,Native American (Biloxi),type0175.html
175,The Tar-Baby,Coyote and Pitch,Native American,Shasta,Native American (Shasta),type0175.html
175,The Tar-Baby,B' Rabby an' B' Tar-Baby,Bahamas,,Bahamas,type0175.html
175,The Tar-Baby,The Story of a Dam,South Africa,Hottentot,South Africa (Hottentot),type0175.html
175,The Tar-Baby,"The Dance for Water; or, Rabbit's Triumph",South Africa,,South Africa,type0175.html
175,The Tar-Baby,How Prince Five-Weapons Fought the Ogre Hairy-Grip,"India, Jataka Tales",,"India, Jataka Tales",type0175.html
175,The Tar-Baby,The Demon with the Matted Hair,"India, Jataka Tales, retold by Joseph Jacobs",,"India, Jataka Tales, retold by Joseph Jacobs",type0175.html
175,The Tar-Baby,The Jackal and the Chickens,India,,India,type0175.html
175,The Tar-Baby,"The Farmer, the Crocodile, and the Jackal",Pakistan,,Pakistan,type0175.html
175,The Tar-Baby,King Robin,Spain/Portugal,,Spain/Portugal,type0175.html
175,The Tar-Baby,The Monkey and Juan Puson Tambi-Tambi,Philippines,,Philippines,type0175.html
,Tatterhood,Norway,,,,norway122.html
,THOR and the MIDGARD SERPENT,From The Prose Edda of Snorri Sturlason,,,,thorserpent.html
,thoralps,Thor's Hammer in the Alps,Joh. Adolf Heyl,,Joh. Adolf Heyl,thoralps.html
122E,Three Billy Goats Gruff,The Three Billy Goats Gruff,Norway,,Norway,type0122e.html
122E,Three Billy Goats Gruff,The Three Goats,Poland/Germany,,Poland/Germany,type0122e.html
122E,Three Billy Goats Gruff,How the Goats Came to Hessen,Germany,,Germany,type0122e.html
124,Three Little Pigs,The Story of the Three Little Pigs,England,,England,type0124.html
124,Three Little Pigs,The Three Little Pigs,England,,England,type0124.html
124,Three Little Pigs,The Fox and the Pixies,England,,England,type0124.html
124,Three Little Pigs,The Fox and the Geese,England,,England,type0124.html
124,Three Little Pigs,Moral,,,,type0124.html
124,Three Little Pigs,The Awful Fate of Mr. Wolf,African-American,,African-American,type0124.html
124,Three Little Pigs,The Story of the Pigs,African-American,,African-American,type0124.html
124,Three Little Pigs,How Come the Pigs Can See the Wind,"North Carolina, USA",,"North Carolina, USA",type0124.html
124,Three Little Pigs,Little Pig and Wolf,"Virginia, USA",,"Virginia, USA",type0124.html
124,Three Little Pigs,Version A,,,,type0124.html
124,Three Little Pigs,Version B,,,,type0124.html
124,Three Little Pigs,The Three Goslings,Italy,,Italy,type0124.html
563,Three Magic Gifts,The Story of the Ogre,"Italy, Giambattista Basile",,"Italy, Giambattista Basile",type0563.html
563,Three Magic Gifts,The Ass That Lays Money,Italy,,Italy,type0563.html
563,Three Magic Gifts,"Table-Be-Set, Gold-Donkey, and Cudgel-out-of-the-Sack","Germany, Jacob and Wilhelm Grimm",,"Germany, Jacob and Wilhelm Grimm",type0563.html
563,Three Magic Gifts,The Lad Who Went to the North Wind,"Norway, Peter Christian Asbjørnsen and Jørgen Moe",,"Norway, Peter Christian Asbjørnsen and Jørgen Moe",type0563.html
563,Three Magic Gifts,"The Wish Rag, the Gold-Goat, and the Hat Soldiers",Austria,,Austria,type0563.html
563,Three Magic Gifts,The Good-for-Nothing,Georgia,,Georgia,type0563.html
563,Three Magic Gifts,The Adventures of Juan,Philippines,Tagalog,Philippines (Tagalog),type0563.html
,The Lay of Thrym,from the Poetic Edda,,,,thrym.html
,The Lay of Thrym,The Lay of Thrym,,,,thrym.html
,Thunderbolts,Thunderbolts and Toadstones,A. Haas,,A. Haas,thunderbolt.html
700,Tom Thumb,I Had a Little Husband,England,,England,type0700.html
700,Tom Thumb,The Famous History of Tom Thumb,"England, 1775",,"England, 1775",type0700.html
700,Tom Thumb,"Of the Parentage, Birth, and Education of Tom Thumb; with all the merry Pranks he played in his Childhood",,,,type0700.html
700,Tom Thumb,"Of Tom's falling into the Pudding Bowl, and his Escape out of the Tinker's Budget",,,,type0700.html
700,Tom Thumb,"Of Tom Thumb's being tied to a Thistle, and of his Mother's Cow eating him up; with his strange Deliverance out of the Cow's Belly",,,,type0700.html
700,Tom Thumb,"Tom Thumb is carried away by a Raven, and swallowed up by a Giant, with several other strange Things that befel him.",,,,type0700.html
700,Tom Thumb,"Tom Thumb, by the Command of King Arthur, dances a Galliard upon the Queen's left Hand.",,,,type0700.html
700,Tom Thumb,Tom rides a hunting with the King.,,,,type0700.html
700,Tom Thumb,"Of Tom's running a Tilt, with other Exercises performed by him.",,,,type0700.html
700,Tom Thumb,"Tom is taken Sick, and dies.",,,,type0700.html
700,Tom Thumb,The Comical and Merry Tricks of Tom Thumb,"Scotland, 1820",,"Scotland, 1820",type0700.html
700,Tom Thumb,Tom Thumb,Ireland,,Ireland,type0700.html
700,Tom Thumb,A Story,Ireland,,Ireland,type0700.html
700,Tom Thumb,New History of the Life and Adventures of Tom Thumb,USA -- Connecticut,,USA -- Connecticut,type0700.html
700,Tom Thumb,Thomas of the Thumb,Scotland,,Scotland,type0700.html
700,Tom Thumb,Thumbthick,Germany,,Germany,type0700.html
700,Tom Thumb,Thumbling's Travels,Germany,,Germany,type0700.html
700,Tom Thumb,"A Story about Palecek, ""Little Thumb""",Czech Republic,,Czech Republic,type0700.html
700,Tom Thumb,Thumbikin,Norway,,Norway,type0700.html
700,Tom Thumb,Svend Tomling,Denmark,,Denmark,type0700.html
700,Tom Thumb,Little Lasse,Finland,,Finland,type0700.html
700,Tom Thumb,John Bit-of-a-Man,France,,France,type0700.html
700,Tom Thumb,A Story of the District of Metz,,,,type0700.html
700,Tom Thumb,Little Thumb,France,,France,type0700.html
700,Tom Thumb,Little Blue Riding Hood,France,,France,type0700.html
700,Tom Thumb,Jean des Pois Verts,France,,France,type0700.html
700,Tom Thumb,Little Chick-Pea,Italy,,Italy,type0700.html
700,Tom Thumb,Robber Nut,Albania,,Albania,type0700.html
700,Tom Thumb,"The Little Spirit, or Boy-Man",Native American,,Native American,type0700.html
700,Tom Thumb,The Transformation of Issunboshi,Japan,,Japan,type0700.html
700,Tom Thumb,A Prayer to the Empress Jingo,,,,type0700.html
700,Tom Thumb,"""One-Inch Priest""",,,,type0700.html
700,Tom Thumb,Issunboshi becomes a Page,,,,type0700.html
700,Tom Thumb,An Encounter with Oni,,,,type0700.html
700,Tom Thumb,The Magic Mallet,,,,type0700.html
700,Tom Thumb,A Man Who Was Only a Finger and a Half in Stature,Bangladesh / India,,Bangladesh / India,type0700.html
,The Tongue-Cut Sparrow,The Tongue-Cut Sparrow,"Japan, William Elliot Griffis",,"Japan, William Elliot Griffis",sparrow.html
,The Tongue-Cut Sparrow,The Tongue-Cut Sparrow,"Japan, A. B. Mitford",,"Japan, A. B. Mitford",sparrow.html
,The Tongue-Cut Sparrow,The Tongue-Cut Sparrow,"Japan, Yei Theodora Ozaki",,"Japan, Yei Theodora Ozaki",sparrow.html
,The Tongue-Cut Sparrow,The Tongue-Cut Sparrow,"Japan, Teresa Peirce Williston",,"Japan, Teresa Peirce Williston",sparrow.html
,The Tongue-Cut Sparrow,The Tongue-Cut Sparrow,"Japan, Lafcadio",,"Japan, Lafcadio",sparrow.html
225,The Tortoise That Wanted to Fly,An Eagle and a Tortoise,Æsop or Anianus,,Æsop or Anianus,type0225.html
225,The Tortoise That Wanted to Fly,The Tortoise and the Eagle,Æsop,,Æsop,type0225.html
225,The Tortoise That Wanted to Fly,The Turtle and the Eagle,Leo Tolstoy,after Æsop,Leo Tolstoy (after Æsop),type0225.html
225,The Tortoise That Wanted to Fly,When Mr. Terrapin Went Riding on the Clouds,USA,North Carolina,USA (North Carolina),type0225.html
225,The Tortoise That Wanted to Fly,The Talkative Tortoise,The Jataka Tales,,The Jataka Tales,type0225.html
225,The Tortoise That Wanted to Fly,The Disobedient Tortoise,The Panchatantra,,The Panchatantra,type0225.html
225,The Tortoise That Wanted to Fly,The Tortoise and the Two Swans,"The Kathá Sarit Ságara; or, Ocean of the Streams of Story",,"The Kathá Sarit Ságara; or, Ocean of the Streams of Story",type0225.html
225,The Tortoise That Wanted to Fly,The Tortoise and the Birds,Aesop,,Aesop,type0225.html
225,The Tortoise That Wanted to Fly,The Tortoise and the Two Ducks,Jean de La Fontaine,,Jean de La Fontaine,type0225.html
1415,Trading Away One's Fortune,Hans in Luck,"Germany, Jacob and Wilhelm Grimm",,"Germany, Jacob and Wilhelm Grimm",type1415.html
1415,Trading Away One's Fortune,The Story of Mr. Vinegar,"England, James Orchard Halliwell-Phillipps",,"England, James Orchard Halliwell-Phillipps",type1415.html
1415,Trading Away One's Fortune,Gudbrand on the Hillside,"Norway, Peter Christen Asbjørnsen and Jørgen Moe",,"Norway, Peter Christen Asbjørnsen and Jørgen Moe",type1415.html
1415,Trading Away One's Fortune,What the Old Man Does Is Always Right,"Denmark, Hans Christian Andersen",,"Denmark, Hans Christian Andersen",type1415.html
,Trading Places,Tales of Type 85,,,,tradingplaces.html
,Trading Places,Tales of Type 1408,,,,tradingplaces.html
,Trading Places,"The Mouse, the Bird, and the Sausage","Germany, Jacob and Wilhelm Grimm",,"Germany, Jacob and Wilhelm Grimm",tradingplaces.html
,Trading Places,Little Mouse and Little Sausage,East Prussia,,East Prussia,tradingplaces.html
,Trading Places,"Mouse, Sausage, and Pea",Denmark,,Denmark,tradingplaces.html
,Trading Places,The Husband Who Was to Mind the House,"Norway, Peter Christen Asbjørnsen and Jørgen Moe",,"Norway, Peter Christen Asbjørnsen and Jørgen Moe",tradingplaces.html
,Trading Places,The Husband at Home,Denmark,,Denmark,tradingplaces.html
,Trading Places,Nature's Order,Germany,,Germany,tradingplaces.html
,Trading Places,"There Was an Old Man, Who Lived in a Wood",England,,England,tradingplaces.html
,Trading Places,The Old Man Who Lived in a Wood,England,,England,tradingplaces.html
,Trading Places,A Change of Work,Ireland,,Ireland,tradingplaces.html
,Trading Places,Aarne-Thompson-Uther type 85,Tales in English,,Tales in English,tradingplaces.html
,Trading Places,Tales in German,,,,tradingplaces.html
,Trading Places,Aarne-Thompson-Uther type 1408,Tales in English,,Tales in English,tradingplaces.html
170A,Trading Up (1),The Rat's Wedding,Northern India,,Northern India,type0170a.html
170A,Trading Up (1),The Monkey with the Tom-Tom,Southern India,,Southern India,type0170a.html
170A,Trading Up (1),The Story of a Monkey,Philippines,Ilocano,Philippines (Ilocano),type0170a.html
1655,Trading Up (2),The Dead Mouse,The Jataka,,The Jataka,type1655.html
1655,Trading Up (2),All Change,Europe,,Europe,type1655.html
1655,Trading Up (2),The Sexton's Nose,Italy,,Italy,type1655.html
1655,Trading Up (2),With One Centavo Juan Marries a Princess,Philippines,,Philippines,type1655.html
1655,Trading Up (2),How the King Recruited His Army,African-American,,African-American,type1655.html
1655,Trading Up (2),The Boy Who Was Called Thick-Head,Native American,,Native American,type1655.html
1655,Trading Up (2),The Pea That Made a Fortune,Jamaica,,Jamaica,type1655.html
1655,Trading Up (2),The Story of Hlakanyana,Kaffir,South Africa,Kaffir (South Africa),type1655.html
,Folktales for Travelers,The Traveler and the Farmer,North America,,North America,traveltales.html
,Folktales for Travelers,The Two Travelers and the Farmer,North America,,North America,traveltales.html
,Folktales for Travelers,The Two Frogs,Japan,,Japan,traveltales.html
,Folktales for Travelers,The Talkative Tortoise,The Jataka Tales,,The Jataka Tales,traveltales.html
,Folktales for Travelers,The Tortoise That Refused to Leave Home,The Jataka Tales,,The Jataka Tales,traveltales.html
,Folktales for Travelers,The Dog That Went Abroad,The Panchatantra,,The Panchatantra,traveltales.html
,Folktales for Travelers,The Man Who Became Rich through a Dream,1001 Nights,,1001 Nights,traveltales.html
,Folktales for Travelers,The Pedlar of Swaffham,England,,England,traveltales.html
,Folktales for Travelers,The Town Mouse and the Country Mouse,Aesop,,Aesop,traveltales.html
,Folktales for Travelers,The Town Mouse and the Field Mouse,Romania,,Romania,traveltales.html
,Folktales for Travelers,The Citizen of the World,Jewish,,Jewish,traveltales.html
763,Treasure Finders Murder One Another,Vedabbha-Jataka: Misguided Effort,The Jataka,,The Jataka,type0763.html
763,Treasure Finders Murder One Another,The Reward of Covetousness,India,,India,type0763.html
763,Treasure Finders Murder One Another,The Punishment of Avarice,Tibet,,Tibet,type0763.html
763,Treasure Finders Murder One Another,Jesus and the Three Blocks of Gold,Arabic,,Arabic,type0763.html
763,Treasure Finders Murder One Another,Story of the Three Men and Our Lord Jesus,1001 Nights,,1001 Nights,type0763.html
763,Treasure Finders Murder One Another,The Merchant and the Two Sharpers,1001 Nights,,1001 Nights,type0763.html
763,Treasure Finders Murder One Another,The Pardoner's Tale,Geoffrey Chaucer,,Geoffrey Chaucer,type0763.html
763,Treasure Finders Murder One Another,The Hermit and the Three Ruffians,Italy,,Italy,type0763.html
763,Treasure Finders Murder One Another,The Three Crosses,Germany,,Germany,type0763.html
1741,Trickster Wives and Maids,The Woman Who Humored Her Lover at Her Husband's Expense,1001 Nights,,1001 Nights,type1741.html
1741,Trickster Wives and Maids,Clever Gretel,Jacob and Wilhelm Grimm,,Jacob and Wilhelm Grimm,type1741.html
1741,Trickster Wives and Maids,Clever Molly May,Jamaica,,Jamaica,type1741.html
1741,Trickster Wives and Maids,The Good Husband and the Bad Wife,India,,India,type1741.html
1641C,"Twigmuntus, Cowbelliantus, Perchnosius","Twigmuntus, Cowbelliantus, Perchnosius",Sweden,,Sweden,type1641c.html
613,The Two Travelers: Truth and Falsehood,Dharmabuddhi and Pâpabuddhi,The Panchatantra,,The Panchatantra,type0613.html
613,The Two Travelers: Truth and Falsehood,The Two Peasants,Sri Lanka,,Sri Lanka,type0613.html
613,The Two Travelers: Truth and Falsehood,The Two Brothers,Tibet,,Tibet,type0613.html
613,The Two Travelers: Truth and Falsehood,The Heathen and the Jew,Jewish,,Jewish,type0613.html
613,The Two Travelers: Truth and Falsehood,True and Untrue,Norway,,Norway,type0613.html
613,The Two Travelers: Truth and Falsehood,The Two Travelers,Germany,,Germany,type0613.html
613,The Two Travelers: Truth and Falsehood,Right Always Remains Right,Upper Lusatia,Germany/Poland,Upper Lusatia (Germany/Poland),type0613.html
613,The Two Travelers: Truth and Falsehood,The Travels of Truth and Falsehood,Hungary,,Hungary,type0613.html
613,The Two Travelers: Truth and Falsehood,The Grateful Beasts,Hungary,,Hungary,type0613.html
613,The Two Travelers: Truth and Falsehood,Honesty and Dishonesty,Russia,,Russia,type0613.html
613,The Two Travelers: Truth and Falsehood,Justice or Injustice? Which Is Best?,Serbia,,Serbia,type0613.html
613,The Two Travelers: Truth and Falsehood,"The Two BrothersSlavic Once upon a time there were two brothers whose father had left them but a small fortune. The eldest grew very rich, but at the same time cruel and wicked, whereas there was nowhere a more honest or kinder man than the younger. But he remained poor, and had many children, so that at times they could scarcely get bread to eat. At last, one day there was not even this in the house, so he went to his rich brother and asked him for a loaf of bread. Waste of time! His rich brother only called him beggar and vagabond, and slammed the door in his face. The poor fellow, after this brutal reception, did not know which way to turn. Hungry, scantily clad, shivering with cold, his legs could scarcely carry him along. He had not the heart to go home, with nothing for the children, so he went towards the mountain forest. But all he found there were some wild pears that had fallen to the ground. He had to content himself with eating these, though they set his teeth on edge. But what was he to do to warm himself, for the east wind with its chill blast pierced him through and through. ""Where shall I go?"" he said; ""what will become of us in the cottage? There is neither food nor fire, and my brother has driven me from his door."" It was just then he remembered having heard that the top of the mountain in front of him was made of crystal, and had a fire forever burning upon it. ""I will try and find it,"" he said, ""and then I may be able to warm myself a little."" So he went on climbing higher and higher till he reached the top, when he was startled to see twelve strange beings sitting round a huge fire. He stopped for a moment, but then said to himself, ""What have I to lose? Why should I fear? God is with me. Courage!"" So he advanced towards the fire, and bowing respectfully, said, ""Good people, take pity on my distress. I am very poor, no one cares for me, I have not even a fire in my cottage; will you let me warm myself at yours?"" They all looked kindly at him, and one of them said, ""My son, come sit down with us and warm yourself."" So he sat down, and felt warm directly he was near them. But he dared not speak while they were silent. What astonished him most was that they changed seats one after another, and in such a way that each one passed round the fire and came back to his own place. When he drew near the fire an old man with long white beard and bald head arose from the flames and spoke to him thus, ""Man, waste not thy life here; return to thy cottage, work, and live honestly. Take as many embers as thou wilt, we have more than we need."" And having said this he disappeared. Then the twelve filled a large sack with embers, and, putting it on the poor man's shoulders, advised him to hasten home. Humbly thanking them, he set off. As he went he wondered why the embers did not feel hot, and why they should weigh no more than a sack of paper. He was thankful that he should be able to have a fire, but imagine his astonishment when on arriving home he found the sack to contain as many gold pieces as there had been embers; he almost went out of his mind with joy at the possession of so much money. With all his heart he thanked those who had been so ready to help him in his need. He was now rich, and rejoiced to be able to provide for his family. Being curious to find out how many gold pieces there were, and not knowing how to count, he sent his wife to his rich brother for the loan of a quart measure. This time the brother was in a better temper, so he lent what was asked of him, but said mockingly, ""What can such beggars as you have to measure?"" The wife replied, ""Our neighbor owes us some wheat; we want to be sure he returns us the right quantity."" The rich brother was puzzled, and suspecting something he, unknown to his sister-in-law, put some grease inside the measure. The trick succeeded, for on getting it back he found a piece of gold sticking to it. Filled with astonishment, he could only suppose his brother had joined a band of robbers; so he hurried to his brother's cottage, and threatened to bring him before the Justice of the Peace if he did not confess where the gold came from. The poor man was troubled, and, dreading to offend his brother, told the story of his journey to the Crystal Mountain. Now the elder brother had plenty of money for himself, yet he was envious of the brother's good fortune, and became greatly displeased when he found that his brother won every one's esteem by the good use he made of his wealth. At last he determined to visit the Crystal Mountain himself. ""I may meet with as good luck as my brother,"" said he to himself. Upon reaching the Crystal Mountain he found the twelve seated round the fire as before, and thus addressed them, ""I beg of you, good people, to let me warm myself, for it is bitterly cold, and I am poor and homeless."" But one of them replied, ""My son, the hour of thy birth was favorable; thou art rich, but a miser; thou art wicked, for thou hast dared to lie to us. Well dost thou deserve thy punishment."" Amazed and terrified he stood silent, not daring to speak. Meanwhile the twelve changed places one after another, each at last returning to his own seat. Then from the midst of the flames arose the white-bearded old man and spoke thus sternly to the rich man, ""Woe unto the wilful! Thy brother is virtuous, therefore have I blessed him. As for thee, thou art wicked, and so shall not escape our vengeance."" At these words the twelve arose. The first seized the unfortunate man, struck him, and passed him on to the second; the second also struck him and passed him on to the third; and so did they all in their turn, until he was given up to the old man, who disappeared with him into the fire. Days, weeks, months went by, but the rich man never returned, and none knew what had become of him. I think, between you and me, the younger brother had his suspicions but he very wisely kept them to himself. Source: Alexander Chodsko, Fairy Tales of the Alav Peasants and Herdsmen, from the French of Alex. Chodsko; translated and illustrated by Emily J. Harding (London: George Allen, 1896), pp. 3-9. Return to the table of contents. The Two Brothers",Georgia,,Georgia,type0613.html
5075,Underground People Disturbed by Farm or Household Waste,Migratory Legends of Christiansen Type 5075,,,,type5075.html
5075,Underground People Disturbed by Farm or Household Waste,Raginal,Denmark,,Denmark,type5075.html
5075,Underground People Disturbed by Farm or Household Waste,The Young Lady of Hellerup,Sweden,,Sweden,type5075.html
5075,Underground People Disturbed by Farm or Household Waste,Sir Godfrey Macculloch and the Fairies,Scotland,,Scotland,type5075.html
5075,Underground People Disturbed by Farm or Household Waste,The Tulman,Scotland,,Scotland,type5075.html
5075,Underground People Disturbed by Farm or Household Waste,Why Deunant Has the Front Door in the Back,Wales,,Wales,type5075.html
5075,Underground People Disturbed by Farm or Household Waste,Why the Back Door Was Front,Wales,,Wales,type5075.html
5075,Underground People Disturbed by Farm or Household Waste,The Underground People in Stocksee,Germany,,Germany,type5075.html
5075,Underground People Disturbed by Farm or Household Waste,The Stallion and the Underground People,Germany,,Germany,type5075.html
5075,Underground People Disturbed by Farm or Household Waste,Underground People beneath the Horse Stall,Germany,,Germany,type5075.html
5075,Underground People Disturbed by Farm or Household Waste,The Underground People,Germany,,Germany,type5075.html
5075,Underground People Disturbed by Farm or Household Waste,A Horse Stall Is Moved,Germany,,Germany,type5075.html
2250,Unfinished and Endless Stories,Three Wise Men of Gotham,England,,England,type2250.html
2250,Unfinished and Endless Stories,The Tail,Scotland,,Scotland,type2250.html
2250,Unfinished and Endless Stories,The Chest With Something Rare In It,Norway,,Norway,type2250.html
2250,Unfinished and Endless Stories,The Little Story,Poland,,Poland,type2250.html
2250,Unfinished and Endless Stories,The Golden Key,Jacob and Wilhelm Grimm,,Jacob and Wilhelm Grimm,type2250.html
2250,Unfinished and Endless Stories,Jack a Nory,England,,England,type2250.html
2250,Unfinished and Endless Stories,Mary Morey,USA,,USA,type2250.html
2250,Unfinished and Endless Stories,The King and His Storyteller,"Petruse Alphonsi, Disciplina Clericalis",,"Petruse Alphonsi, Disciplina Clericalis",type2250.html
2250,Unfinished and Endless Stories,The Narrow Bridge,Germany,,Germany,type2250.html
2250,Unfinished and Endless Stories,The Story That Never Ends,Czechoslovakia,,Czechoslovakia,type2250.html
2250,Unfinished and Endless Stories,A Storyteller of Messer Azzolino,Italy,,Italy,type2250.html
2250,Unfinished and Endless Stories,The Treasure,Italy,,Italy,type2250.html
2250,Unfinished and Endless Stories,The Shepherd,Italy,,Italy,type2250.html
2250,Unfinished and Endless Stories,The Endless Tale,England,Nottinghamshire,England (Nottinghamshire),type2250.html
,The Saga of the Volsungs,1. Sigi and Rerir,,,,volsungsaga.html
,The Saga of the Volsungs,2. The Birth of Volsung,,,,volsungsaga.html
,The Saga of the Volsungs,3. The Sword in the Tree,,,,volsungsaga.html
,The Saga of the Volsungs,4. Siggeir's Departure,,,,volsungsaga.html
,The Saga of the Volsungs,5. Volsung's Death,,,,volsungsaga.html
,The Saga of the Volsungs,6. Tests of Courage,,,,volsungsaga.html
,The Saga of the Volsungs,7. Sinfjotli,,,,volsungsaga.html
,The Saga of the Volsungs,8. Magic Wolf Skins,,,,volsungsaga.html
,The Saga of the Volsungs,9. Helgi and Sigrun,,,,volsungsaga.html
,The Saga of the Volsungs,10. The Volsungs,,,,volsungsaga.html
,The Saga of the Volsungs,11. Sigmund and Hjordis,,,,volsungsaga.html
,The Saga of the Volsungs,12. Hjordis and Alf,,,,volsungsaga.html
,The Saga of the Volsungs,13. Sigurd,,,,volsungsaga.html
,The Saga of the Volsungs,14. Regin's Story: The Otter's Ransom,,,,volsungsaga.html
,The Saga of the Volsungs,15. Regin the Smith,,,,volsungsaga.html
,The Saga of the Volsungs,16. Gripir the Fortuneteller,,,,volsungsaga.html
,The Saga of the Volsungs,17. Sigurd Kills Lyngvi,,,,volsungsaga.html
,The Saga of the Volsungs,18. Sigurd and Fafnir,,,,volsungsaga.html
,The Saga of the Volsungs,19. Fafnir's Blood,,,,volsungsaga.html
,The Saga of the Volsungs,20. What the Birds Said,,,,volsungsaga.html
,The Saga of the Volsungs,21. Sigurd and Brynhild,,,,volsungsaga.html
,The Saga of the Volsungs,22. Brynhild's Wisdom,,,,volsungsaga.html
,The Saga of the Volsungs,23. Sigurd's Departure,,,,volsungsaga.html
,The Saga of the Volsungs,24. Sigurd's Arrival at Heimir's Estate,,,,volsungsaga.html
,The Saga of the Volsungs,25. Brynhild's Arrival at Heimir's Estate,,,,volsungsaga.html
,The Saga of the Volsungs,26. Gjuki and His Sons,,,,volsungsaga.html
,The Saga of the Volsungs,27. Brynhild Interprets Gudrun's Dreams,,,,volsungsaga.html
,The Saga of the Volsungs,28. The Ale of Forgetfulness,,,,volsungsaga.html
,The Saga of the Volsungs,29. Sigurd Courts Brynhild for Gunnar,,,,volsungsaga.html
,The Saga of the Volsungs,30. Two Queens Quarrel,,,,volsungsaga.html
,The Saga of the Volsungs,31. Brynhild's Grief Increases,,,,volsungsaga.html
,The Saga of the Volsungs,32. The Betrayal of Sigurd,,,,volsungsaga.html
,The Saga of the Volsungs,33. Brynhild's Final Request.,,,,volsungsaga.html
,The Saga of the Volsungs,34. Gudrun Disappears,,,,volsungsaga.html
,The Saga of the Volsungs,35. Gudrun Carves Runes,,,,volsungsaga.html
,The Saga of the Volsungs,36. Kostbera's Dreams,,,,volsungsaga.html
,The Saga of the Volsungs,37. The Brothers Depart,,,,volsungsaga.html
,The Saga of the Volsungs,38. The Battle,,,,volsungsaga.html
,The Saga of the Volsungs,39. Hogni and Gunnar Are Captured,,,,volsungsaga.html
,The Saga of the Volsungs,40. Atli and Gudrun,,,,volsungsaga.html
777,The Wandering Jew,Of the Jew Joseph Who Is Still Alive Awaiting the Last Coming of Christ,Roger of Wendover,,Roger of Wendover,type0777.html
777,The Wandering Jew,The Wandering Jew,England/Germany,,England/Germany,type0777.html
777,The Wandering Jew,The Wandering Jew,Retold by Horace E. Scudder,,Retold by Horace E. Scudder,type0777.html
777,The Wandering Jew,Shoemakers Are a Poor Slobbering Race,England,,England,type0777.html
777,The Wandering Jew,The Mysterious Stranger,England,,England,type0777.html
777,The Wandering Jew,The Eternal Jew,Belgium,,Belgium,type0777.html
777,The Wandering Jew,"The Jerusalem Shoemaker, or Wandering Jew, in Jutland",Denmark,,Denmark,type0777.html
777,The Wandering Jew,The Story of Judas,Italy,,Italy,type0777.html
777,The Wandering Jew,Malchus at the Column,Italy,,Italy,type0777.html
777,The Wandering Jew,Buttadeu,Italy,,Italy,type0777.html
777,The Wandering Jew,The Eternal Jew in Vogtland,Germany / Czech Republic,,Germany / Czech Republic,type0777.html
777,The Wandering Jew,Wodan as the Wandering Jew,Germany,,Germany,type0777.html
777,The Wandering Jew,The Lost Jew,Germany,,Germany,type0777.html
777,The Wandering Jew,The Eternal Jew on the Matterhorn,Switzerland,,Switzerland,type0777.html
777,The Wandering Jew,The Wandering Jew on the Grimsel Pass,Switzerland,,Switzerland,type0777.html
777,The Wandering Jew,The Wandering Jew in New York City,USA,,USA,type0777.html
777,The Wandering Jew,"The Wandering Jew in Harts Corners, New York",USA,,USA,type0777.html
103,War between Wild Animals and Domestic Animals,Old Sultan,Germany,,Germany,type0103.html
103,War between Wild Animals and Domestic Animals,The Dog and the Wolf,Bohemia,,Bohemia,type0103.html
,Water Spirit Legends 1,Yorkshire Legends and Traditions of Wells,England,,England,water.html
,Water Spirit Legends 1,Water Demons,Scotland,,Scotland,water.html
,Water Spirit Legends 1,Holy Lake near Neuhoff,Germany,,Germany,water.html
,Water Spirit Legends 1,Brother Nickel,Germany,,Germany,water.html
,Water Spirit Legends 1,"Water Nixes, The Water-Man, and His Wife",Poland/Germany,,Poland/Germany,water.html
,Water Spirit Legends 1,The Merrow,Ireland,,Ireland,water.html
,Water Spirit Legends 1,The Water Snake,Russia,,Russia,water.html
4050,Water Spirit Legends 2 The Hour Is Come but the Man Is Not,The Hour Is Come but the Man Is Not,Wales,,Wales,type4050.html
4050,Water Spirit Legends 2 The Hour Is Come but the Man Is Not,The Man with the Green Weeds,Wales,,Wales,type4050.html
4050,Water Spirit Legends 2 The Hour Is Come but the Man Is Not,The Doomed Rider,Scotland,,Scotland,type4050.html
4050,Water Spirit Legends 2 The Hour Is Come but the Man Is Not,The Ryå River in Vendsyssel,Denmark,,Denmark,type4050.html
4050,Water Spirit Legends 2 The Hour Is Come but the Man Is Not,The Hour Is Come but Not the Man,Denmark,,Denmark,type4050.html
4050,Water Spirit Legends 2 The Hour Is Come but the Man Is Not,The Hour Is Here (1),Germany,,Germany,type4050.html
4050,Water Spirit Legends 2 The Hour Is Come but the Man Is Not,The Hour Is Here (2),Germany,,Germany,type4050.html
4050,Water Spirit Legends 2 The Hour Is Come but the Man Is Not,Water Will Have Its Sacrifice,Germany,,Germany,type4050.html
4050,Water Spirit Legends 2 The Hour Is Come but the Man Is Not,Time Is Up,Austria/Italy,,Austria/Italy,type4050.html
,Weather and Climate Legends,The Thousand Years of Cold are Coming,Italy/Austria,,Italy/Austria,weather.html
,Weather and Climate Legends,The Eternal Jew on the Matterhorn,Switzerland,,Switzerland,weather.html
,Weather and Climate Legends,Aid and Punishment,Switzerland,,Switzerland,weather.html
875A,The Women of Weinsberg,The Women of Weinsberg,Germany,,Germany,type0875ast.html
875A,The Women of Weinsberg,Weibertreue Castle,Germany,,Germany,type0875ast.html
875A,The Women of Weinsberg,"A City Is Captured, from Which the Women Carry Their Husbands and Children",Germany,,Germany,type0875ast.html
875A,The Women of Weinsberg,The Siege of Gelsterburg Castle,Germany,,Germany,type0875ast.html
875A,The Women of Weinsberg,The Siege of Weidelburg Castle,Germany,,Germany,type0875ast.html
,Werewolf Legends from Germany,The Morbach Monster,Anonymous,,Anonymous,werewolf.html
,Werewolf Legends from Germany,The Werewolf,F. Asmus and O. Knoop,,F. Asmus and O. Knoop,werewolf.html
,Werewolf Legends from Germany,A Woman Transforms Herself into a Werewolf,F. Asmus and O. Knoop,,F. Asmus and O. Knoop,werewolf.html
,Werewolf Legends from Germany,The Werewolf of Alt-Marrin,F. Asmus and O. Knoop,,F. Asmus and O. Knoop,werewolf.html
,Werewolf Legends from Germany,Fox Hill near Dodow,Karl Bartsch,,Karl Bartsch,werewolf.html
,Werewolf Legends from Germany,Werewolves,Karl Bartsch,,Karl Bartsch,werewolf.html
,Werewolf Legends from Germany,The Werewolf of Klein-Krams,Karl Bartsch,,Karl Bartsch,werewolf.html
,Werewolf Legends from Germany,The Werewolf of Vietlübbe,Karl Bartsch,,Karl Bartsch,werewolf.html
,Werewolf Legends from Germany,A Witch as Werewolf,Karl Bartsch,,Karl Bartsch,werewolf.html
,Werewolf Legends from Germany,The Damnable Life and Death of Stubbe Peeter,George Bores,London Chapbook of 1590,George Bores (London Chapbook of 1590),werewolf.html
,Werewolf Legends from Germany,The Werewolf,Carl and Theodor Colshorn,,Carl and Theodor Colshorn,werewolf.html
,Werewolf Legends from Germany,Werewolves,Jacob and Wilhelm Grimm,,Jacob and Wilhelm Grimm,werewolf.html
,Werewolf Legends from Germany,Werewolf Rock,Jacob and Wilhelm Grimm,,Jacob and Wilhelm Grimm,werewolf.html
,Werewolf Legends from Germany,The Werewolves Advance,Jacob and Wilhelm Grimm,,Jacob and Wilhelm Grimm,werewolf.html
,Werewolf Legends from Germany,The Werewolf of Jarnitz,A. Haas,,A. Haas,werewolf.html
,Werewolf Legends from Germany,Werewolf,Adalbert Kuhn,,Adalbert Kuhn,werewolf.html
,Werewolf Legends from Germany,The Böxenwolf,A. Kuhn and W. Schwartz,,A. Kuhn and W. Schwartz,werewolf.html
,Werewolf Legends from Germany,The Werewolf Belt,A. Kuhn and W. Schwartz,,A. Kuhn and W. Schwartz,werewolf.html
,Werewolf Legends from Germany,The Werewolf Wife,A. Kuhn and W. Schwartz,,A. Kuhn and W. Schwartz,werewolf.html
,Werewolf Legends from Germany,The Werewolf,Karl Lyncker,,Karl Lyncker,werewolf.html
,Werewolf Legends from Germany,The Werewolf: Another Legend,Karl Lyncker,,Karl Lyncker,werewolf.html
,Werewolf Legends from Germany,The Peasant and the Werewolf,Karl Lyncker,,Karl Lyncker,werewolf.html
,Werewolf Legends from Germany,The Böxenwolf,Karl Lyncker,,Karl Lyncker,werewolf.html
,Werewolf Legends from Germany,The Werewolf of Hüsby,Karl Müllenhoff,,Karl Müllenhoff,werewolf.html
,Werewolf Legends from Germany,The Wolf Stone,Alexander Schöppner,,Alexander Schöppner,werewolf.html
,Werewolf Legends from Germany,The Werewolves in Greifswald,J. D. H. Temme,,J. D. H. Temme,werewolf.html
,Werewolf Legends from Germany,The Werewolf near Zarnow,J. D. H. Temme,,J. D. H. Temme,werewolf.html
,Werewolf Legends from Germany,Werewolves in Pomerania,J. D. H. Temme,,J. D. H. Temme,werewolf.html
,Werewolf Legends from Germany,The Werewolf in Hindenburg,J. D. H. Temme,,J. D. H. Temme,werewolf.html
,The Werewolf's Daughter,The Werewolf's Daughter,Slovakia,,Slovakia,wolfdaughter.html
1696,What Should I Have Said (or Done)?,Going Traveling,Germany,,Germany,type1696.html
1696,What Should I Have Said (or Done)?,What You Deserve,Germany,,Germany,type1696.html
1696,What Should I Have Said (or Done)?,Silly Matt,Norway,,Norway,type1696.html
1696,What Should I Have Said (or Done)?,Stupid's Mistaken Cries,England,,England,type1696.html
1696,What Should I Have Said (or Done)?,As told in Essex about the year 1800,,,,type1696.html
1696,What Should I Have Said (or Done)?,The Forgetful Boy,USA,,USA,type1696.html
1696,What Should I Have Said (or Done)?,Lazy Jack,England,,England,type1696.html
1696,What Should I Have Said (or Done)?,Jock and His Mother,Scotland,,Scotland,type1696.html
1696,What Should I Have Said (or Done)?,I'll Be Wiser the Next Time,Ireland,,Ireland,type1696.html
1696,What Should I Have Said (or Done)?,The Fool's Good Fortune,Georgia,,Georgia,type1696.html
1696,What Should I Have Said (or Done)?,A Stupid Boy,Kashmir,,Kashmir,type1696.html
,Widows,in (short-lived) mourning,,,,widow.html
,Widows,The Inconsolable Widow,Laurentius Abstemius,"L'Estrange, 1692","Laurentius Abstemius (L'Estrange, 1692)",widow.html
,Widows,The Woman and the Farmer,Aesop,,Aesop,widow.html
,Widows,Mrs. Fox's Wedding,Jacob and Wilhelm Grimm,,Jacob and Wilhelm Grimm,widow.html
,Widows,First Tale,,,,widow.html
,Widows,Second Tale,,,,widow.html
,Widows,Chuang-tzu and His Wife,China,,China,widow.html
,Widows,Zadig's Nose,Voltaire,,Voltaire,widow.html
,Widows,The Widow of Ephesus,Petronius,,Petronius,widow.html
,Widows,A Widow Digs Up Her Deceased Husband and Hangs Him on the Gallows,Conrat Purselt,,Conrat Purselt,widow.html
,Widows,Wooden Johannes,Hans Wilhelm Kirchhof,,Hans Wilhelm Kirchhof,widow.html
,Widows,How Long Master Hobson's Daughter Mourned for Her Husband's Death,England,,England,widow.html
,Widows,He That's Dead Can Do No Hurt,"Ireland, J. M. Synge",,"Ireland, J. M. Synge",widow.html
,Widows,Widow and Soldier,Ambrose Bierce,,Ambrose Bierce,widow.html
,Widows,The Devoted Widow,Ambrose Bierce,,Ambrose Bierce,widow.html
,Widows,The Inconsolable Widow,Ambrose Bierce,,Ambrose Bierce,widow.html
,Widows,The Crimson Candle,Ambrose Bierce,,Ambrose Bierce,widow.html
1377,An Adulterous Wife Locks Her Husband Out of Doors,Dschoha's Wife Locks Him Out,from the Arabic,,from the Arabic,type1377.html
1377,An Adulterous Wife Locks Her Husband Out of Doors,The Unfaithful Wife,India,,India,type1377.html
1377,An Adulterous Wife Locks Her Husband Out of Doors,The Ancient Knight Who Married a Beautiful Young Wife,The Seven Wise Masters,,The Seven Wise Masters,type1377.html
1377,An Adulterous Wife Locks Her Husband Out of Doors,Tofano Shuts His Wife Out of Doors,"Giovanni Boccaccio, The Decameron",,"Giovanni Boccaccio, The Decameron",type1377.html
1377,An Adulterous Wife Locks Her Husband Out of Doors,A Tyrannical Husband,England,,England,type1377.html
1365A,The Contrary Wife,Of a Woman Who Persisted in Calling Her Husband Lousy,Italy,,Italy,type1365abc.html
1365A,The Contrary Wife,Of One Who Sought His Wife Who Had Drowned in a River,Italy,,Italy,type1365abc.html
1365A,The Contrary Wife,Scissors,Europe,,Europe,type1365abc.html
1365A,The Contrary Wife,Scissors They Were,Italy,,Italy,type1365abc.html
1365A,The Contrary Wife,Of Hym That Sought His Wyfe against the Streme,England,,England,type1365abc.html
1365A,The Contrary Wife,"How Madde Coomes, When His Wife Was Drowned, Sought Her against the Streame",England,,England,type1365abc.html
1365A,The Contrary Wife,The Woman Who Called Her Husband a Louse-Cracker,Germany,,Germany,type1365abc.html
1365A,The Contrary Wife,The Woman Drowned,Jean de La Fontaine,,Jean de La Fontaine,type1365abc.html
1365A,The Contrary Wife,The Contrary Woman,Norway,,Norway,type1365abc.html
1365A,The Contrary Wife,"Mary, Mary, So Contrary [The Pig-Headed Wife]",Finland,,Finland,type1365abc.html
1365A,The Contrary Wife,Scissors or Knife?,Russia,,Russia,type1365abc.html
1365A,The Contrary Wife,The Contrary Wife,Spain,,Spain,type1365abc.html
1365A,The Contrary Wife,The Baneyrwal and His Drowned Wife,Pakistan,,Pakistan,type1365abc.html
1375,Wives Rule Over Their Husbands,Women Desire Sovereignty,England / Arabia,,England / Arabia,type1375.html
1375,Wives Rule Over Their Husbands,Of a Woman,England,,England,type1375.html
1375,Wives Rule Over Their Husbands,Origin of the Grey Mare's Being the Better Horse,England,,England,type1375.html
1375,Wives Rule Over Their Husbands,The Rule of Women over Their Husbands,Germany,,Germany,type1375.html
1375,Wives Rule Over Their Husbands,Women's Rule over Their Husbands,Germany,,Germany,type1375.html
1375,Wives Rule Over Their Husbands,Boots,Italy,,Italy,type1375.html
1375,Wives Rule Over Their Husbands,Husband and Wife,Denmark,,Denmark,type1375.html
1375,Wives Rule Over Their Husbands,The Hen-Pecked Husband,England,,England,type1375.html
1381,The Wife Who Could Not Keep a Secret,How a Fish Swam in the Air and a Hare in the Water,Ukraine,,Ukraine,type1381.html
1381,The Wife Who Could Not Keep a Secret,The Found Money,Netherlands,,Netherlands,type1381.html
1381,The Wife Who Could Not Keep a Secret,The Treasure,Denmark,,Denmark,type1381.html
1381,The Wife Who Could Not Keep a Secret,The Iron Chest,Germany,,Germany,type1381.html
1381,The Wife Who Could Not Keep a Secret,How a Woman Could Not Keep a Secret,India,,India,type1381.html
1381,The Wife Who Could Not Keep a Secret,The Wife Who Could Not Keep a Secret,India,,India,type1381.html
1381D,"Of Women, Who Not Only Betray Secrets, but Lie Fearfully",Gesta Romanorum,,,,type1381d.html
,Wild Huntsman Legends,King Herla,England,,England,huntsman.html
,Wild Huntsman Legends,The Wild Huntsman,England,,England,huntsman.html
,Wild Huntsman Legends,The Devil and His Dandy-Dogs,Cornwall,,Cornwall,huntsman.html
,Wild Huntsman Legends,Dando and His Dogs,Cornwall,,Cornwall,huntsman.html
,Wild Huntsman Legends,The Wild Hunt,Netherlands,,Netherlands,huntsman.html
,Wild Huntsman Legends,The Wild Huntsman's Present,Netherlands,,Netherlands,huntsman.html
,Wild Huntsman Legends,The Eternal Huntsman of Wynendael,Netherlands,,Netherlands,huntsman.html
,Wild Huntsman Legends,"Wod, the Wild Huntsman",Germany,,Germany,huntsman.html
,Wild Huntsman Legends,The Wild Huntsman and the Mine-Monk,Germany,,Germany,huntsman.html
,Wild Huntsman Legends,The Night Huntsman at the Udarser Mill,Germany,,Germany,huntsman.html
,Wild Huntsman Legends,Löwenberg: The Wild Hunt,Germany,,Germany,huntsman.html
,Wild Huntsman Legends,Odin the Hunter,Denmark,,Denmark,huntsman.html
,Wild Huntsman Legends,Odin Pursues the Elf-Women,Denmark,,Denmark,huntsman.html
,Wild Huntsman Legends,The Wild Huntsman on Buller Mountain,Poland,,Poland,huntsman.html
,Wild Huntsman Legends,The Wild Huntsman,Bohemia,,Bohemia,huntsman.html
,Wild Huntsman Legends,The Wild Hunt near Schwarzkosteletz (Kostelec nad Černými lesy),Bohemia,,Bohemia,huntsman.html
,Wild Huntsman Legends,The Headless Horseman of Cumberland Mountain,USA,,USA,huntsman.html
502,The Wild Man As Helper,Guerrino and the Savage Man,"Italy, Giovanni Francesco Straparola",,"Italy, Giovanni Francesco Straparola",type0502.html
502,The Wild Man As Helper,Iron Hans,"Germany, Jacob and Wilhelm Grimm",,"Germany, Jacob and Wilhelm Grimm",type0502.html
502,The Wild Man As Helper,The Iron Man,Germany,,Germany,type0502.html
502,The Wild Man As Helper,The King's Trophy,"Germany, Ludwig Bechstein",,"Germany, Ludwig Bechstein",type0502.html
502,The Wild Man As Helper,The Wild Man of the Marsh,Denmark,,Denmark,type0502.html
502,The Wild Man As Helper,The Tsarevich and Dyad'ka,Russia,,Russia,type0502.html
502,The Wild Man As Helper,Story of Bulat the Brave Companion,Russia,,Russia,type0502.html
502,The Wild Man As Helper,The Hairy Man,Hungary,,Hungary,type0502.html
502,The Wild Man As Helper,One Good Turn Deserves Another,Serbia,,Serbia,type0502.html
502,The Wild Man As Helper,The Wild Man,Greece,,Greece,type0502.html
,Will-o'-the-Wisp Jack-o'-Lantern,ignis fatuus,foolish fire,,,willowisp.html
,Will-o'-the-Wisp Jack-o'-Lantern,The Ignisfatus,England,,England,willowisp.html
,Will-o'-the-Wisp Jack-o'-Lantern,Jack o' Lantern,Ireland,,Ireland,willowisp.html
,Will-o'-the-Wisp Jack-o'-Lantern,The Will-o'-the-Wisp,Scotland,,Scotland,willowisp.html
,Will-o'-the-Wisp Jack-o'-Lantern,Lantern Jack,Wales,,Wales,willowisp.html
,Will-o'-the-Wisp Jack-o'-Lantern,The Ellylldan,Wales,,Wales,willowisp.html
,Will-o'-the-Wisp Jack-o'-Lantern,The Origin of the Jack-o'-Lantern,Wales,,Wales,willowisp.html
,Will-o'-the-Wisp Jack-o'-Lantern,The Jack o' Lantern,Denmark,,Denmark,willowisp.html
,Will-o'-the-Wisp Jack-o'-Lantern,Will-o-the-Wisps,Netherlands,,Netherlands,willowisp.html
,Will-o'-the-Wisp Jack-o'-Lantern,Jack o' Lanterns Baptized,Netherlands,,Netherlands,willowisp.html
,Will-o'-the-Wisp Jack-o'-Lantern,The Will-o'-the-Wisps,Estonia,,Estonia,willowisp.html
,Will-o'-the-Wisp Jack-o'-Lantern,The Will-o'-the-Wisp,Germany / Poland,,Germany / Poland,willowisp.html
,Will-o'-the-Wisp Jack-o'-Lantern,The Cursed Land Surveyors,Germany,,Germany,willowisp.html
,Will-o'-the-Wisp Jack-o'-Lantern,The Will-o'-the-Wisp,Germany,,Germany,willowisp.html
,Will-o'-the-Wisp Jack-o'-Lantern,Will-o'-the-Wisps with Long Legs,Germany,,Germany,willowisp.html
,Will-o'-the-Wisp Jack-o'-Lantern,Will-o'-the-Wisps Banned with a Curse,Germany,,Germany,willowisp.html
,Will-o'-the-Wisp Jack-o'-Lantern,The Heerwisch,Germany,,Germany,willowisp.html
,Will-o'-the-Wisp Jack-o'-Lantern,Godorf: The Will-o'-the-Wisp,Germany,,Germany,willowisp.html
298,Wind and Sun,The Wind and the Sun,Aesop,,Aesop,type0298.html
298,Wind and Sun,Phœbus and Boreas,"Jean de La Fontaine Old Boreas and the sun, one day Espied a traveller on his way, Whose dress did happily provide Against whatever might betide. The time was autumn, when, indeed, All prudent travellers take heed. The rains that then the sunshine dash, And Iris with her splendid sash, Warn one who does not like to soak To wear abroad a good thick cloak. Our man was therefore well bedight With double mantle, strong and tight. ""This fellow,"" said the wind, ""has meant To guard from every ill event; But little does he wot that I Can blow him such a blast That, not a button fast, His cloak shall cleave the sky. Come, here's a pleasant game, Sir Sun! Wilt play?"" Said Phœbus, ""Done! We'll bet between us here Which first will take the gear From off this cavalier. Begin, and shut away The brightness of my ray."" ""Enough."" Our blower, on the bet, Swell'd out his pursy form With all the stuff for storm -- The thunder, hail, and drenching wet, And all the fury he could muster; Then, with a very demon's bluster, He whistled, whirl'd, and splash'd, And down the torrents dash'd, Full many a roof uptearing He never did before, Full many a vessel bearing To wreck upon the shore, -- And all to doff a single cloak. But vain the furious stroke; The traveller was stout, And kept the tempest out, Defied the hurricane, Defied the pelting rain ; And as the fiercer roar'd the blast, His cloak the tighter held he fast. The sun broke out, to win the bet; He caused the clouds to disappear, Befresh'd and warm'd the cavalier, And through his mantle made him sweat, Till off it came, of course, In less than half an hour; And yet the sun saved half his power. -- So much doth mildness more than force. Source: Jean de La Fontaine, The Fables of La Fontaine, translated from the French by Elizur Wright (London: George Bell and Sons, 1888), book 6, fable 3, pp. 123-24. Link to the original French: ""Phébus et Borée,"" Œuvres complètes de Jean de La Fontaine (Paris: Firmin Didot Frères, 1840), livre 6, fable 3, p. 52-53. Return to the table of contents. The Wind and the Sun India",,"Jean de La Fontaine Old Boreas and the sun, one day Espied a traveller on his way, Whose dress did happily provide Against whatever might betide. The time was autumn, when, indeed, All prudent travellers take heed. The rains that then the sunshine dash, And Iris with her splendid sash, Warn one who does not like to soak To wear abroad a good thick cloak. Our man was therefore well bedight With double mantle, strong and tight. ""This fellow,"" said the wind, ""has meant To guard from every ill event; But little does he wot that I Can blow him such a blast That, not a button fast, His cloak shall cleave the sky. Come, here's a pleasant game, Sir Sun! Wilt play?"" Said Phœbus, ""Done! We'll bet between us here Which first will take the gear From off this cavalier. Begin, and shut away The brightness of my ray."" ""Enough."" Our blower, on the bet, Swell'd out his pursy form With all the stuff for storm -- The thunder, hail, and drenching wet, And all the fury he could muster; Then, with a very demon's bluster, He whistled, whirl'd, and splash'd, And down the torrents dash'd, Full many a roof uptearing He never did before, Full many a vessel bearing To wreck upon the shore, -- And all to doff a single cloak. But vain the furious stroke; The traveller was stout, And kept the tempest out, Defied the hurricane, Defied the pelting rain ; And as the fiercer roar'd the blast, His cloak the tighter held he fast. The sun broke out, to win the bet; He caused the clouds to disappear, Befresh'd and warm'd the cavalier, And through his mantle made him sweat, Till off it came, of course, In less than half an hour; And yet the sun saved half his power. -- So much doth mildness more than force. Source: Jean de La Fontaine, The Fables of La Fontaine, translated from the French by Elizur Wright (London: George Bell and Sons, 1888), book 6, fable 3, pp. 123-24. Link to the original French: ""Phébus et Borée,"" Œuvres complètes de Jean de La Fontaine (Paris: Firmin Didot Frères, 1840), livre 6, fable 3, p. 52-53. Return to the table of contents. The Wind and the Sun India",type0298.html
298,Wind and Sun,The North Wind and the Sun,Ambrose Bierce,,Ambrose Bierce,type0298.html
298,Wind and Sun,Brer Rabbit Treats the Creatures to a Race,Joel Chandler Harris,,Joel Chandler Harris,type0298.html
3055,The Witch That Was Hurt,Migratory Legends of Type 3055,,,,type3055.html
3055,The Witch That Was Hurt,The Miller Boy and the Cat,Austria,,Austria,type3055.html
3055,The Witch That Was Hurt,The Witch as Cat,Bohemia,,Bohemia,type3055.html
3055,The Witch That Was Hurt,The Witch,Germany,,Germany,type3055.html
3055,The Witch That Was Hurt,The Haunted Mill,Germany,,Germany,type3055.html
3055,The Witch That Was Hurt,Trudd as Cat,Germany,,Germany,type3055.html
3055,The Witch That Was Hurt,The Girl Who Transformed Herself into a Hare,Germany,,Germany,type3055.html
3055,The Witch That Was Hurt,Witch as Hare,Germany,,Germany,type3055.html
3055,The Witch That Was Hurt,Witch as Goose,Germany,,Germany,type3055.html
3055,The Witch That Was Hurt,Witch as Fox,Germany,,Germany,type3055.html
3055,The Witch That Was Hurt,A Witch Is Recognized,Germany,,Germany,type3055.html
3055,The Witch That Was Hurt,A Witch Burnt,Netherlands,,Netherlands,type3055.html
3055,The Witch That Was Hurt,Witches as Cats in Manternach,Luxembourg,,Luxembourg,type3055.html
3055,The Witch That Was Hurt,The Blacksmith's Wife of Yarrowfoot,Scotland,,Scotland,type3055.html
3055,The Witch That Was Hurt,Ridden by a Witch,Scotland,,Scotland,type3055.html
3055,The Witch That Was Hurt,The Witch of Lorn,Scotland,,Scotland,type3055.html
3055,The Witch That Was Hurt,The Silver Button,Scotland,,Scotland,type3055.html
3055,The Witch That Was Hurt,The Farmer and the Witch,Scotland,,Scotland,type3055.html
3055,The Witch That Was Hurt,The Black Dog,Shetland Islands,,Shetland Islands,type3055.html
3055,The Witch That Was Hurt,The Severed Hand,Norway,,Norway,type3055.html
3055,The Witch That Was Hurt,The Witch and the Hunter,Denmark,,Denmark,type3055.html
3055,The Witch That Was Hurt,A Witch in Hare-Skin,Denmark,,Denmark,type3055.html
3055,The Witch That Was Hurt,An Old Witch,England,,England,type3055.html
3055,The Witch That Was Hurt,The Weaver's Wife and the Witch,England,,England,type3055.html
3055,The Witch That Was Hurt,The Shot Hare,Wales,,Wales,type3055.html
3055,The Witch That Was Hurt,The Two Cat Witches,Wales,,Wales,type3055.html
3055,The Witch That Was Hurt,The Witch Hare,Ireland,,Ireland,type3055.html
3055,The Witch That Was Hurt,Witches,Ireland,,Ireland,type3055.html
3055,The Witch That Was Hurt,The Old Hare,Ireland,,Ireland,type3055.html
3055,The Witch That Was Hurt,The Woman-Cat,,,,type3055.html
3055,The Witch That Was Hurt,"USA (North Carolina) Der was a man owned a mill, an' he couldn't stay at it late. Something would run him away. One day an ol' traveller come along, an' asked him what would he give him to stay dere dat night. He said he would give him mos' anything if he would stay. So he went in, an' takin' his book, his Bible, an' surd [sword], an' sat down an' kimminced a-readin'. It was eight or nine cats came in 'rectly after dark, an' staid there until gettin' late. An' one of them made a drive at de man, an' he up with his surd an' cut his right front foot off. An' dey all left then. Nex' mornin' he went up to de house fur breakfast. An' de miller he was gettin' breakfas'. His wife was not able. He wanted to know what was de trouble. He said she was cuttin' a ham-bone in two an' hurt her han'. He showed the man a ring, an' asked him would he own it. He said he would. He said that was his wife ring he bought him [her] befo' dey was married. So they went in de room an' asked her was dat her ring. She said it was not. Then they looked, an' her right han' was cut off at de wrist. Source: Elsie Clews Parsons, ""Tales from Guilford County, North Carolina,"" The Journal of American Folklore, vol. 30, no. 116, (Apr. - Jun., 1917), pp. 168-200. This account (no. 54) is found on p. 196. Parson's informant: Lulu Young, about 25. Return to the table of contents. The Severed Hand",USA,,USA,type3055.html
,Witchcraft Legends,The Witches' Revenge,"Germany, J. G. Th. Grässe",,"Germany, J. G. Th. Grässe",witch.html
,Witchcraft Legends,Frau Trude,"Germany, Jacob and Wilhelm Grimm",,"Germany, Jacob and Wilhelm Grimm",witch.html
,Witchcraft Legends,Two Eyes Too Many,"Germany, Carl and Theodor Colshorn",,"Germany, Carl and Theodor Colshorn",witch.html
,Witchcraft Legends,The Witch of Treva,"England, Robert Hunt",,"England, Robert Hunt",witch.html
,Witchcraft Legends,Ridden by a Witch,"Germany, August Ey",,"Germany, August Ey",witch.html
,Witchcraft Legends,The Dark Daughter of the Norse King,Scotland,,Scotland,witch.html
,Witchcraft Legends,The Witches' Excursion,"Ireland, Patrick Kennedy",,"Ireland, Patrick Kennedy",witch.html
,Witchcraft Legends,The Trip to the Brocken,Germany,,Germany,witch.html
,Witchcraft Legends,The Witch Ride,Germany,,Germany,witch.html
,Wolves in Aesop's Fables,The Wolf and the Lamb,,,,aesopwolf.html
,Wolves in Aesop's Fables,The Wolf in Sheep's Clothing,,,,aesopwolf.html
,Wolves in Aesop's Fables,The Blind Man and the Cub,,,,aesopwolf.html
,Wolves in Aesop's Fables,The Shepherd's Boy and the Wolf,,,,aesopwolf.html
,Wolves in Aesop's Fables,The Kid on the Housetop,,,,aesopwolf.html
,Wolves in Aesop's Fables,"The Wolf, the Mother, and Her Child",,,,aesopwolf.html
,Wolves in Aesop's Fables,The Wolf and the Lion,,,,aesopwolf.html
,Wolves in Aesop's Fables,"The Sheep, the Wolf, and the Stag",,,,aesopwolf.html
,Wolves in Aesop's Fables,The Wolf and the Crane,,,,aesopwolf.html
,Wolves in Aesop's Fables,The Wolf and the Sheep,,,,aesopwolf.html
,Wolves in Aesop's Fables,"The Wolf, the Fox, and the Ape",,,,aesopwolf.html
,Wolves in Aesop's Fables,The Wolf and the Shepherd,,,,aesopwolf.html
,Wolves in Aesop's Fables,The Ass and the Wolf,,,,aesopwolf.html
,Wolves in Aesop's Fables,The Wolf and the Boy,,,,aesopwolf.html
,Wolves in Aesop's Fables,The Lamb Chased by a Wolf,,,,aesopwolf.html
,Wolves in Aesop's Fables,The Wolf and the Goat,,,,aesopwolf.html
,Wolves in Aesop's Fables,The Kingdom of the Lion,,,,aesopwolf.html
,Wolves in Aesop's Fables,The Kid and the Wolf,,,,aesopwolf.html
,Wolves in Aesop's Fables,The Thief and the Innkeeper,,,,aesopwolf.html
,Wolves in Aesop's Fables,The Shepherd and the Wolf,,,,aesopwolf.html
,Wolves in Aesop's Fables,The Wolf and the Horse,,,,aesopwolf.html
,Wolves in Aesop's Fables,The Dog and the Wolf,,,,aesopwolf.html
,Wolves in Aesop's Fables,The Wolf and His Shadow,,,,aesopwolf.html
,Wolves in Aesop's Fables,The Plowman and the Wolf,,,,aesopwolf.html
,Wolves in Aesop's Fables,"The Lion, the Wolf, and the Fox",,,,aesopwolf.html
,Wolves in Aesop's Fables,The Dog Chasing a Wolf,,,,aesopwolf.html
1353,An Old Woman as the Devil's Helper,The Devil's Tyranny Against a Married Couple,"Germany, Martin Luther",,"Germany, Martin Luther",type1353.html
1353,An Old Woman as the Devil's Helper,An Old Woman Worse Than the Devil,Karl Bartsch,,Karl Bartsch,type1353.html
1353,An Old Woman as the Devil's Helper,Katie Grey,"Sweden, G. Djurklo",,"Sweden, G. Djurklo",type1353.html
1383,The Woman Who Did Not Know Herself,Hans's Katie,Germany,,Germany,type1383.html
1383,The Woman Who Did Not Know Herself,Clever Elsie,Germany,,Germany,type1383.html
1383,The Woman Who Did Not Know Herself,Admann and His Wife,Germany,,Germany,type1383.html
1383,The Woman Who Did Not Know Herself,Lazy Catherine,Germany,,Germany,type1383.html
1383,The Woman Who Did Not Know Herself,How the Shoemaker Got Rid of His Hussy,Denmark,,Denmark,type1383.html
1383,The Woman Who Did Not Know Herself,All Women Are Alike,Norway,,Norway,type1383.html
1383,The Woman Who Did Not Know Herself,Gidske,Norway,,Norway,type1383.html
1383,The Woman Who Did Not Know Herself,There Was an Old Woman,England,,England,type1383.html
,Yggdrasil,H. C. Andersen,,,,yggdrasil.html
,Old Sultan,Jacob and Wilhelm Grimm,,,,grimm048.html
,The Bremen Town Musicians,Jacob and Wilhelm Grimm,,,,grimm027.html
,Hansel and Gretel,Jacob and Wilhelm Grimm,,,,grimm015.html
,Hansel and Gretel,Translator's note,,,,grimm015.html
,Little Thumb,Charles Perrault,,,,perrault08.html
,The Old Grandfather and His Grandson,Jacob and Wilhelm Grimm,,,,grimm078.html
,The Ungrateful Son,Jacob and Wilhelm Grimm,,,,grimm145.html
,The Duration of Life,Jacob and Wilhelm Grimm,,,,grimm176.html
173,Stages of Life,The Riddle of the Sphinx,Greece,,Greece,type0173.html
173,Stages of Life,"The Man, the Horse, the Ox, and the Dog",Aesop,,Aesop,type0173.html
173,Stages of Life,The Duration of Life,Jacob and Wilhelm Grimm,,Jacob and Wilhelm Grimm,type0173.html
173,Stages of Life,The Animals and the Man,Germany,,Germany,type0173.html
173,Stages of Life,The Ages of Life,Germany,,Germany,type0173.html
173,Stages of Life,The Story of Man and His Years,Romania,,Romania,type0173.html
173,Stages of Life,The Seven Ages,Kohelet Rabbah,,Kohelet Rabbah,type0173.html
173,Stages of Life,Old Age Threatens Our Body Like a Tiger,India,,India,type0173.html
173,Stages of Life,The Seven Ages of Man,William Shakespeare,,William Shakespeare,type0173.html
173,Stages of Life,There Is No Difference between Youth and Old Age,Nasreddin Hodja,,Nasreddin Hodja,type0173.html
,Death's Messengers,Jacob and Wilhelm Grimm,,,,grimm177.html
,The Death of the Little Hen,Jacob and Wilhelm Grimm,,,,grimm080.html
,Little Louse and Little Flea,Jacob and Wilhelm Grimm,,,,grimm030.html
,Frau Trude,Jacob and Wilhelm Grimm,,,,grimm043.html
,grimm117,Jacob and Wilhelm Grimm,,,,grimm117.html
,The Burial Shirt,Jacob and Wilhelm Grimm,,,,grimm109.html
,The Rose,"Children's Legends, No. 3",,,,grimm203.html
,The Rose,Jacob and Wilhelm Grimm,,,,grimm203.html
,Lazy Heinz,Jacob and Wilhelm Grimm,,,,grimm164.html
,Lean Lisa,Jacob and Wilhelm Grimm,,,,grimm168.html
,Simeli Mountain,Jacob and Wilhelm Grimm,,,,grimm142.html
,Beauty and the Beast,Jeanne-Marie LePrince de Beaumont,,,,beauty.html
,"The Singing, Springing Lark",Jacob and Wilhelm Grimm,,,,grimm088.html
,The Little Peasant,Jacob and Wilhelm Grimm,,,,grimm061.html
,The Blue Light,Jacob and Wilhelm Grimm,,,,grimm116.html
,Grimm Brothers' Home Page,Chronology of their life,,,,grimm.html
,Grimm Brothers' Home Page,What they wrote,"Major joint publications of the ""Brothers Grimm""",,"Major joint publications of the ""Brothers Grimm""",grimm.html
,Grimm Brothers' Home Page,Major individual works of Jacob Grimm,,,,grimm.html
,Grimm Brothers' Home Page,Major individual works of Wilhelm Grimm,,,,grimm.html
,Grimm Brothers' Home Page,General,English-language sites,,English-language sites,grimm.html
,Grimm Brothers' Home Page,German-language sites,,,,grimm.html
,Grimm Brothers' Home Page,Studies of specific tales,"1. The Frog King; or, Iron Henry",Der Froschkönig oder der eiserne Heinrich,"1. The Frog King; or, Iron Henry (Der Froschkönig oder der eiserne Heinrich)",grimm.html
,Grimm Brothers' Home Page,2. Cat and Mouse in Partnership,Katze und Maus in Gesellschaft,,,grimm.html
,Grimm Brothers' Home Page,21. Cinderella,Aschenputtel,,,grimm.html
,Grimm Brothers' Home Page,26. Little Red-Cap,Rotkäppchen,,,grimm.html
,Grimm Brothers' Home Page,27. The Bremen Town Musicians,Die Bremer Stadtmusikanten,,,grimm.html
,Grimm Brothers' Home Page,28. The Singing Bone,Der singende Knochen,,,grimm.html
,Grimm Brothers' Home Page,38. Mrs. Fox's Wedding,Die Hochzeit der Frau Füchsin,,,grimm.html
,Grimm Brothers' Home Page,39. The Elves,Die Wichtelmänner,,,grimm.html
,Grimm Brothers' Home Page,42. The Godfather,Der Herr Gevatter,,,grimm.html
,Grimm Brothers' Home Page,43. Frau Trude,,,,grimm.html
,Grimm Brothers' Home Page,44. Godfather Death,Der Gevatter Tod,,,grimm.html
,Grimm Brothers' Home Page,46. Fitcher's Bird,Fitchers Vogel,,,grimm.html
,Grimm Brothers' Home Page,48. Old Sultan,Der alte Sultan,,,grimm.html
,Grimm Brothers' Home Page,50. Little Briar-Rose,Dornröschen,,,grimm.html
,Grimm Brothers' Home Page,52. King Thrushbeard,König Drosselbart,,,grimm.html
,Grimm Brothers' Home Page,53. Little Snow-White,Sneewittchen,,,grimm.html
,Grimm Brothers' Home Page,55. Rumpelstiltskin,Rumpelstilzchen,,,grimm.html
,Grimm Brothers' Home Page,63. The Three Feathers,Die drei Federn,,,grimm.html
,Grimm Brothers' Home Page,65. All-Kinds-of-Fur,Allerleirauh,,,grimm.html
,Grimm Brothers' Home Page,66. The Hare's Bride,Häsichenbraut,,,grimm.html
,Grimm Brothers' Home Page,"88. The Singing, Springing Lark",Das singende springende Löweneckerchen,,,grimm.html
,Grimm Brothers' Home Page,101. Bearskin,Der Bärenhäuter,,,grimm.html
,Grimm Brothers' Home Page,106. The Poor Miller's Boy and the Cat,Der arme Müllerbursch und das Kätzchen,,,grimm.html
,Grimm Brothers' Home Page,108. Hans-My-Hedgehog,Hans mein Igel,,,grimm.html
,Grimm Brothers' Home Page,110. The Jew in the Thorns,Der Jude im Dorn,,,grimm.html
,Grimm Brothers' Home Page,116. The Blue Light,Das blaue Licht,,,grimm.html
,Grimm Brothers' Home Page,117. The Willful Child,Das eigensinnige Kind,,,grimm.html
,Grimm Brothers' Home Page,179. The Goose-Girl at the Well,Die Gänsehirtin am Brunnen,,,grimm.html
,Grimm Brothers' Home Page,182. The Little Folks' Presents,Die Geschenke des kleinen Volkes,,,grimm.html
,Grimm Brothers' Home Page,187. The Hare and the Hedgehog,Der Hase und der Igel,,,grimm.html
,Grimm Brothers' Home Page,Electronic texts of the Grimms' tales and legends,English-language sites,,English-language sites,grimm.html
,Grimm Brothers' Home Page,Journals and Encylopedias,,,,grimm.html
311,How the Devil Married Three Sisters,How the Devil Married Three Sisters,Italy,,Italy,type0311.html
311,How the Devil Married Three Sisters,The Devil,Italy,Venice,Italy (Venice),type0311.html
311,How the Devil Married Three Sisters,The Cobbler and His Three Daughters (Blue Beard),Basque,,Basque,type0311.html
311,How the Devil Married Three Sisters,The Three Sisters Who Were Taken into the Mountain,Norway,,Norway,type0311.html
311,How the Devil Married Three Sisters,The Sisters in the Troll's Hill,Denmark,,Denmark,type0311.html
311,How the Devil Married Three Sisters,Fitcher's Bird,Jacob and Wilhelm Grimm,,Jacob and Wilhelm Grimm,type0311.html
311,How the Devil Married Three Sisters,The Three Sisters,Germany,,Germany,type0311.html
311,How the Devil Married Three Sisters,The Three Chests: The Story of the Wicked Old Man of the Sea,Finland,,Finland,type0311.html
311,How the Devil Married Three Sisters,The Widow and Her Daughters,Scotland,,Scotland,type0311.html
311,How the Devil Married Three Sisters,Peerifool,Scotland,Orkney Islands,Scotland (Orkney Islands),type0311.html
311,How the Devil Married Three Sisters,Jean-Parle,Canada,,Canada,type0311.html
311,How the Devil Married Three Sisters,The Secret Room,"New York, USA",,"New York, USA",type0311.html
311,How the Devil Married Three Sisters,The Three Sisters,Jamaica,,Jamaica,type0311.html
311,How the Devil Married Three Sisters,The Wood-Cutter's Daughter,Palestine,,Palestine,type0311.html
311,How the Devil Married Three Sisters,The Tiger's Bride,India,,India,type0311.html
,Griselda,Charles Perrault,,,,perrault09.html
,The Hurds,Jacob and Wilhelm Grimm,,,,grimm156.html
,Choosing a Bride,Jacob and Wilhelm Grimm,,,,grimm155.html
,All-Kinds-of-Fur,Jacob and Wilhelm Grimm,,,,grimm065.html
,Old Hildebrand,Jacob and Wilhelm Grimm,,,,grimm095.html
104,The War between the Village Animals and the Forest Animals,Old Sultan,Germany,,Germany,type0104.html
104,The War between the Village Animals and the Forest Animals,The Dog and the Wolf,Bohemia,,Bohemia,type0104.html
,Donkey Skin,Charles Perrault,,,,perrault11.html
,The Story of a Boy Who Went Forth to Learn Fear,Jacob and Wilhelm Grimm,,,,grimm004.html
,Hans Dumb,Jacob and Wilhelm Grimm,,,,grimm054a.html
,The Fox and the Cat,Jacob and Wilhelm Grimm,,,,grimm075.html
,Cat and Mouse in Partnership,Jacob and Wilhelm Grimm,,,,grimm002.html
,Frau Holle,Jacob and Wilhelm Grimm,,,,grimm024.html
,Der Froschkönig oder Der eiserne Heinrich,von den Brüdern Grimm,,,,froschkoenig.html
,Godfather Death,Jacob and Wilhelm Grimm,,,,grimm044.html
,The Godfather,Jacob and Wilhelm Grimm,,,,grimm042.html
,The Juniper Tree,Jacob and Wilhelm Grimm,,,,grimm047.html
,The Fox and the Horse,Jacob and Wilhelm Grimm,,,,grimm132.html
,"The Mouse, the Bird, and the Sausage",Jacob and Wilhelm Grimm,,,,grimm023.html
,The Fisherman and His Wife,Jacob and Wilhelm Grimm,,,,grimm019.html
,Golden Fowls,The Goose That Laid the Golden Eggs,Aesop,,Aesop,goldfowl.html
,Golden Fowls,The Goose and the Golden Eggs,Aesop,,Aesop,goldfowl.html
,Golden Fowls,The Golden Mallard,from The Jataka,,from The Jataka,goldfowl.html
,Golden Fowls,The Lucky-Bird Humá,Kashmir,,Kashmir,goldfowl.html
,Golden Fowls,The Duck That Laid Golden Eggs,Russia,,Russia,goldfowl.html
,Golden Fowls,The Golden Goose,Germany,,Germany,goldfowl.html
91,The Monkey's Heart,The Monkey's Heart,"India, Jataka Tales",,"India, Jataka Tales",type0091.html
91,The Monkey's Heart,The Monkey and the Crocodile,"India, Suka Saptati; or, Seventy Tales of a Parrot",,"India, Suka Saptati; or, Seventy Tales of a Parrot",type0091.html
91,The Monkey's Heart,The Foolish Dragon,China,,China,type0091.html
91,The Monkey's Heart,The Monkey and the Jellyfish,Japan,,Japan,type0091.html
91,The Monkey's Heart,The Jellyfish and the Monkey,Japan,,Japan,type0091.html
91,The Monkey's Heart,The Heart of a Monkey,"Africa, Swahili",,"Africa, Swahili",type0091.html
91,The Monkey's Heart,Brother Rabbit and the Gizzard-Eater,Joel Chandler Harris,,Joel Chandler Harris,type0091.html
,THOR the Viking Thunder God,Thor's names,,,,thor.html
,THOR the Viking Thunder God,Thor's Day,,,,thor.html
,THOR the Viking Thunder God,Tales of Thor,,,,thor.html
,THOR the Viking Thunder God,Thor's Hammer Mjölnir,Photographs of Artifacts,,Photographs of Artifacts,thor.html
,THOR the Viking Thunder God,Survivals of Thor Beliefs in Recent Folklore and Literature,,,,thor.html
,THOR the Viking Thunder God,This site is under construction.,Please check back soon for more information about Thor.,,Please check back soon for more information about Thor.,thor.html
,Swan Maidens,Folktales of Type 400,,,,swan.html
,Swan Maidens,The Swan Maidens,Joseph Jacobs,,Joseph Jacobs,swan.html
,Swan Maidens,The Swan Maiden,Sweden,,Sweden,swan.html
,Swan Maidens,The Three Swans,Germany,,Germany,swan.html
,Swan Maidens,The Story of the Swan Maiden and the King,Romania,,Romania,swan.html
,Swan Maidens,The Golden Apple Tree and the Nine Peahens,Serbia,,Serbia,swan.html
,Swan Maidens,The Feathery Robe,Japan,,Japan,swan.html
,Swan Maidens,Prince Bairâm and the Fairy Bride,Pakistan,,Pakistan,swan.html
,Rumpelstiltskin,Jacob and Wilhelm Grimm,,,,grimm055.html
501,The Three Spinning Women,The Hateful Spinning of Flax,Germany,,Germany,type0501.html
501,The Three Spinning Women,The Three Spinning Women,Germany,,Germany,type0501.html
501,The Three Spinning Women,The Three Aunts,Norway,,Norway,type0501.html
501,The Three Spinning Women,The Three Spinning Women,Denmark,,Denmark,type0501.html
501,The Three Spinning Women,Trillevip,Denmark,,Denmark,type0501.html
501,The Three Spinning Women,The Three Old Grandmothers,Sweden,,Sweden,type0501.html
501,The Three Spinning Women,Habetrot and Scantlie Mab,Scotland,,Scotland,type0501.html
501,The Three Spinning Women,The Lazy Beauty and Her Aunts,Ireland,,Ireland,type0501.html
501,The Three Spinning Women,A Fairy Story,Ireland,,Ireland,type0501.html
501,The Three Spinning Women,The Lazy Spinning-Girl Who Became Queen,Hungary,,Hungary,type0501.html
501,The Three Spinning Women,The Lazy Girl,Lithuania,,Lithuania,type0501.html
501,The Three Spinning Women,The Guardian Spirits,Spain,,Spain,type0501.html
501,The Three Spinning Women,The Lazy Girl,Greece,,Greece,type0501.html
501,The Three Spinning Women,The Beautiful Glutton,Italy,Tuscany,Italy (Tuscany),type0501.html
501,The Three Spinning Women,The Seven Bits of Bacon Rind,Italy,,Italy,type0501.html
1558,Clothes Make the Man,The Brahman's Clothes,India,,India,type1558.html
1558,Clothes Make the Man,Nasreddin Hodja at a Bridal Festival,Turkey,,Turkey,type1558.html
1558,Clothes Make the Man,"Eat, My Clothes!",Italy,,Italy,type1558.html
1558,Clothes Make the Man,Heroes They Seemed When Once They Were Clothed,Iceland,,Iceland,type1558.html
,The Singing Bone,Jacob and Wilhelm Grimm,,,,grimm028.html
402,Animal Brides,folktales of Aarne-Thompson-Uther type 402 and related stories,,,,type0402.html
402,Animal Brides,Chonguita the Monkey Wife,Philippines,,Philippines,type0402.html
402,Animal Brides,The Dog Bride,India,,India,type0402.html
402,Animal Brides,The Cat Who Became a Queen,India,,India,type0402.html
402,Animal Brides,The Mouse Maiden,Sri Lanka,,Sri Lanka,type0402.html
402,Animal Brides,The Frog's Skin,Georgia,,Georgia,type0402.html
402,Animal Brides,The Tsarevna Frog,Russia,,Russia,type0402.html
402,Animal Brides,The Frog,Austria/Italy,,Austria/Italy,type0402.html
402,Animal Brides,The Frog's Bridegroom,Germany,,Germany,type0402.html
402,Animal Brides,Doll i' the Grass,Norway,,Norway,type0402.html
402,Animal Brides,The She-Wolf,Croatia,,Croatia,type0402.html
726,"Old, Older, and Oldest",The Three Old Men,"Germany, Jacob and Wilhelm Grimm",,"Germany, Jacob and Wilhelm Grimm",type0726.html
726,"Old, Older, and Oldest",Old Age,"Germany, Johann Peter Hebel",,"Germany, Johann Peter Hebel",type0726.html
726,"Old, Older, and Oldest",The Seventh Father of the House,"Norway, Peter Christen Asbjørnsen",,"Norway, Peter Christen Asbjørnsen",type0726.html
726,"Old, Older, and Oldest",The Dwarf of Folkared's Cliff,"Sweden, Herman Hofberg",,"Sweden, Herman Hofberg",type0726.html
726,"Old, Older, and Oldest",Harry Jenkins,England,,England,type0726.html
726,"Old, Older, and Oldest",The Three Old Men of Painswick,England,,England,type0726.html
726,"Old, Older, and Oldest",,A Ballad Exemplifying the Longevity of that Famous Town 200 Years Ago.,,,type0726.html
726,"Old, Older, and Oldest",Searching for the Kingdom of the Green Mountains,Scotland,,Scotland,type0726.html
726,"Old, Older, and Oldest","Old, Older, and Oldest",Ireland,,Ireland,type0726.html
726,"Old, Older, and Oldest",Three Generations,United States of America,,United States of America,type0726.html
178A,Llewellyn and His Dog Gellert,The Brahman's Wife and the Mongoose,"India, The Panchatantra",,"India, The Panchatantra",type0178a.html
178A,Llewellyn and His Dog Gellert,The Brahman's Wife and the Mongoose,"India, Georgiana Kingscote",,"India, Georgiana Kingscote",type0178a.html
178A,Llewellyn and His Dog Gellert,"The Greyhound, the Serpent, and the Child",The Seven Wise Masters,,The Seven Wise Masters,type0178a.html
178A,Llewellyn and His Dog Gellert,Folliculus and His Greyhound,"England, Gesta Romanorum",,"England, Gesta Romanorum",type0178a.html
178A,Llewellyn and His Dog Gellert,Beth Gellert,Wales,,Wales,type0178a.html
178A,Llewellyn and His Dog Gellert,The Dog Gellert,Wales,,Wales,type0178a.html
178A,Llewellyn and His Dog Gellert,The Farmer and His Dog,A Modern Fable,,A Modern Fable,type0178a.html
,The Clever People,Jacob and Wilhelm Grimm,,,,grimm104.html
,The Sleeping Beauty in the Wood,Charles Perrault,,,,perrault01.html
,Little Red Riding Hood,Charles Perrault,,,,perrault02.html
,Blue Beard,Charles Perrault,,,,perrault03.html
,"The Master Cat; or, Puss in Boots",Charles Perrault,,,,perrault04.html
,The Fairies,Charles Perrault,,,,perrault05.html
,"Cinderella; or, The Little Glass Slipper",Charles Perrault,,,,perrault06.html
,Ricky of the Tuft,Charles Perrault,,,,perrault07.html
,Rapunzel,Jacob and Wilhelm Grimm,,,,grimm012.html
,Rapunzel,Jacob and Wilhelm Grimm,,,,grimm012a.html
,Rapunzel,Summary of the differences between the Grimms' versions of 1812 and 1857,,,,grimm012a.html
,Little Red Cap,Jacob and Wilhelm Grimm,,,,grimm026.html
,The Robber Bridegroom,Jacob and Wilhelm Grimm,The Robber Bridegroom,,The Robber Bridegroom,grimm040.html
,Fitcher's Bird,Jacob and Wilhelm Grimm,,,,grimm046.html
,Sweet Porridge,Jacob and Wilhelm Grimm,,,,grimm103.html
,The Shoes That Were Danced to Pieces,Jacob and Wilhelm Grimm,,,,grimm133.html
,Little Brier-Rose,Jacob and Wilhelm Grimm,,,,grimm050.html
709,Snow-White,Little Snow-White,"Germany, Jacob and Wilhelm Grimm",,"Germany, Jacob and Wilhelm Grimm",type0709.html
709,Snow-White,Gold-Tree and Silver-Tree,Scotland,,Scotland,type0709.html
709,Snow-White,The Young Slave,"Italy, Giambattista Basile, Il Pentamerone",,"Italy, Giambattista Basile, Il Pentamerone",type0709.html
709,Snow-White,"Maria, the Wicked Stepmother, and the Seven Robbers",Italy,,Italy,type0709.html
709,Snow-White,The Crystal Casket,Italy,,Italy,type0709.html
,The Twelve Apostles,"Children's Legends, No. 2",,,,grimm202.html
,The Twelve Apostles,Jacob and Wilhelm Grimm,,,,grimm202.html
,King Thrushbeard,Jacob and Wilhelm Grimm,,,,grimm052.html
,Sharing Joy and Sorrow,Jacob and Wilhelm Grimm,,,,grimm170.html
,The Wolf and the Seven Young Kids,Jacob and Wilhelm Grimm,,,,grimm005.html
,Thumbthick,Jacob and Wilhelm Grimm,,,,grimm037.html
,Hans in Luck,Jacob and Wilhelm Grimm,,,,grimm083.html
,Odin's Home page,Odin's Day,,,,odin.html
,Odin's Home page,Writings Attributed to Odin,,,,odin.html
,Odin's Home page,Survivals of Odin in Christian Northern Europe,,,,odin.html
,Odin's Home page,Depictions of Odin,,,,odin.html
,The Women of Weinsberg,"German Legends, no. 493",,,,legend493.html
,The Women of Weinsberg,Jacob and Wilhelm Grimm,,,,legend493.html
,Going Traveling,Jacob and Wilhelm Grimm,,,,grimm143.html
130,The Bremen Town Musicians,The Bremen Town Musicians,Germany,,Germany,type0130.html
130,The Bremen Town Musicians,The Robber and the Farm Animals,Germany/Switzerland,,Germany/Switzerland,type0130.html
130,The Bremen Town Musicians,The Sheep and the Pig Who Set Up House,Norway,,Norway,type0130.html
130,The Bremen Town Musicians,The Six Male Animals,Denmark,,Denmark,type0130.html
130,The Bremen Town Musicians,The Animals and the Devil,Finland,,Finland,type0130.html
130,The Bremen Town Musicians,The Choristers of St. Gudule,Flanders,,Flanders,type0130.html
130,The Bremen Town Musicians,The Story of the White Pet,Scotland,,Scotland,type0130.html
130,The Bremen Town Musicians,"The Bull, the Tup, the Cock, and the Steg",England,,England,type0130.html
130,The Bremen Town Musicians,Jack and His Comrades,Ireland,,Ireland,type0130.html
130,The Bremen Town Musicians,A Story,Ireland,,Ireland,type0130.html
130,The Bremen Town Musicians,How Jack Went to Seek His Fortune,USA,,USA,type0130.html
130,The Bremen Town Musicians,Version 1,,,,type0130.html
130,The Bremen Town Musicians,Version 2,,,,type0130.html
130,The Bremen Town Musicians,"The Dog, the Cat, the Ass, and the Cock",USA,,USA,type0130.html
130,The Bremen Town Musicians,Benibaire,Spain,,Spain,type0130.html
130,The Bremen Town Musicians,The World's Reward,South Africa,,South Africa,type0130.html
,The Clever Servant,Jacob and Wilhelm Grimm,,,,grimm162.html
,The Frog King or Iron Heinrich,Jacob and Wilhelm Grimm,,,,grimm001.html
,Mary's Child,Jacob and Wilhelm Grimm,,,,grimm003.html
,Faithful Johannes,Jacob and Wilhelm Grimm,,,,grimm006.html
,The Good Bargain,Jacob and Wilhelm Grimm,,,,grimm007.html
,The Strange Musician,Jacob and Wilhelm Grimm,,,,grimm008.html
,The Twelve Brothers,Jacob and Wilhelm Grimm,,,,grimm009.html
,The Pack of Scoundrels,Jacob and Wilhelm Grimm,,,,grimm010.html
,Little Brother and Little Sister,Jacob and Wilhelm Grimm,,,,grimm011.html
,The Three Little Men in the Woods,Jacob and Wilhelm Grimm,,,,grimm013.html
,The Three Spinning Women,Jacob and Wilhelm Grimm,Hateful Flax Spinning,,Hateful Flax Spinning,grimm014.html
,"Straw, Coal, and Bean",Jacob and Wilhelm Grimm,"Straw, Coal, and Bean Go Traveling",,"Straw, Coal, and Bean Go Traveling",grimm018.html
,The Brave Little Tailor,Jacob and Wilhelm Grimm,,,,grimm020.html
,Cinderella,Jacob and Wilhelm Grimm,,,,grimm021.html
,The Riddle,Jacob and Wilhelm Grimm,,,,grimm022.html
,The Seven Ravens,Jacob and Wilhelm Grimm,,,,grimm025.html
,The Girl without Hands,Jacob and Wilhelm Grimm,,,,grimm031.html
,The Girl without Hands,Girl without Hands,Version of 1812,,Version of 1812,grimm031.html
,Clever Hans,Jacob and Wilhelm Grimm,,,,grimm032.html
,The Tailor in Heaven,Jacob and Wilhelm Grimm,,,,grimm035.html
,"Table-Be-Set, Gold-Donkey, and Cudgel-out-of-the-Sack",Jacob and Wilhelm Grimm,,,,grimm036.html
,Mrs. Fox's Wedding,Jacob and Wilhelm Grimm,First Tale,,First Tale,grimm038.html
,Mrs. Fox's Wedding,Second Tale,,,,grimm038.html
,The Elves,Jacob and Wilhelm Grimm,First Tale,,First Tale,grimm039.html
,The Elves,Second Tale,,,,grimm039.html
,The Elves,Third Tale,,,,grimm039.html
,Herr Korbes,Jacob and Wilhelm Grimm,,,,grimm041.html
,The Six Swans,Jacob and Wilhelm Grimm,,,,grimm049.html
,Foundling-Bird,Jacob and Wilhelm Grimm,,,,grimm051.html
,Little Snow-White,Jacob and Wilhelm Grimm,,,,grimm053.html
,Sweetheart Roland,Jacob and Wilhelm Grimm,,,,grimm056.html
,The Three Feathers,Jacob and Wilhelm Grimm,,,,grimm063.html
,The Hare's Bride,Jacob and Wilhelm Grimm,,,,grimm066.html
,The Twelve Huntsmen,Jacob and Wilhelm Grimm,,,,grimm067.html
,The Wolf and the Man,Jacob and Wilhelm Grimm,,,,grimm072.html
,Clever Gretel,Jacob and Wilhelm Grimm,,,,grimm077.html
,The Water Nixie,Jacob and Wilhelm Grimm,,,,grimm079.html
,The Goose-Girl,Jacob and Wilhelm Grimm,,,,grimm089.html
,The Young Giant,Jacob and Wilhelm Grimm,,,,grimm090.html
,Doctor Know-All,Jacob and Wilhelm Grimm,,,,grimm098.html
,The Spirit in the Glass Bottle,Jacob and Wilhelm Grimm,,,,grimm099.html
,Bearskin,Jacob and Wilhelm Grimm,,,,grimm101.html
,The Two Travelers,Jacob and Wilhelm Grimm,,,,grimm107.html
,Hans-My-Hedgehog,Jacob and Wilhelm Grimm,,,,grimm108.html
,The Jew in the Thorns,Jacob and Wilhelm Grimm,,,,grimm110.html
,The Seven Swabians,Jacob and Wilhelm Grimm,,,,grimm119.html
,The Old Woman in the Woods,Jacob and Wilhelm Grimm,,,,grimm123.html
,The Lazy Spinning Woman,Jacob and Wilhelm Grimm,,,,grimm128.html
,Fair Katrinelje and Pif Paf Poltrie,Jacob and Wilhelm Grimm,,,,grimm131.html
,Iron Hans,Jacob and Wilhelm Grimm,,,,grimm136.html
,Knoist and His Three Sons,Jacob and Wilhelm Grimm,,,,grimm138.html
,The Little Lamb and the Little Fish,Jacob and Wilhelm Grimm,,,,grimm141.html
,The Little Donkey,Jacob and Wilhelm Grimm,,,,grimm144.html
,The Little Old Man Made Young by Fire,Jacob and Wilhelm Grimm,,,,grimm147.html
,The Rooster Beam,Jacob and Wilhelm Grimm,,,,grimm149.html
,The Old Beggar Woman,Jacob and Wilhelm Grimm,,,,grimm150.html
,The Three Lazy Ones,Jacob and Wilhelm Grimm,,,,grimm151.html
,The Star Talers,Jacob and Wilhelm Grimm,,,,grimm153.html
,The Stolen Farthing,Jacob and Wilhelm Grimm,,,,grimm154.html
,A Riddling Tale,Jacob and Wilhelm Grimm,,,,grimm160.html
,Eve's Unequal Children,Jacob and Wilhelm Grimm,,,,grimm180.html
,The Nixie in the Pond,Jacob and Wilhelm Grimm,,,,grimm181.html
,The Gifts of the Little People,Jacob and Wilhelm Grimm,,,,grimm182.html
,The Nail,Jacob and Wilhelm Grimm,,,,grimm184.html
,The Hare and the Hedgehog,Jacob and Wilhelm Grimm,,,,grimm187.html
,"Spindle, Shuttle, and Needle",Jacob and Wilhelm Grimm,,,,grimm188.html
,The Peasant and the Devil,Jacob and Wilhelm Grimm,,,,grimm189.html
,The Crumbs on the Table,Jacob and Wilhelm Grimm,,,,grimm190.html
,The Ear of Grain,Jacob and Wilhelm Grimm,,,,grimm194.html
,God's Food,"Children's Legends, No. 5",,,,grimm205.html
,God's Food,Jacob and Wilhelm Grimm,,,,grimm205.html
510A,Cinderella,Rhodopis,Strabo,,Strabo,type0510a.html
510A,Cinderella,The Cinder Maid,Europe,Joseph Jacobs,Europe (Joseph Jacobs),type0510a.html
510A,Cinderella,"Cinderella; or, The Little Glass Slipper",France,Charles Perrault,France (Charles Perrault),type0510a.html
510A,Cinderella,Cinderella,Germany,Jacob and Wilhelm Grimm,Germany (Jacob and Wilhelm Grimm),type0510a.html
510A,Cinderella,Katie Woodencloak,Norway,Peter Christen Asbjørnsen and Jørgen Moe,Norway (Peter Christen Asbjørnsen and Jørgen Moe),type0510a.html
510A,Cinderella,The Broken Pitcher,England,,England,type0510a.html
510A,Cinderella,Ashey Pelt,Ireland,,Ireland,type0510a.html
510A,Cinderella,"Fair, Brown, and Trembling",Ireland,,Ireland,type0510a.html
510A,Cinderella,The Sharp Grey Sheep,Scotland,,Scotland,type0510a.html
510A,Cinderella,Rashin-Coatie,Scotland,,Scotland,type0510a.html
510A,Cinderella,The Hearth-Cat,Portugal,,Portugal,type0510a.html
510A,Cinderella,Cinderella,Italy,,Italy,type0510a.html
510A,Cinderella,Little Saddleslut,Greece,,Greece,type0510a.html
510A,Cinderella,"Conkiajgharuna, the Little Rag Girl",Georgia,,Georgia,type0510a.html
510A,Cinderella,Pepelyouga,Serbia,,Serbia,type0510a.html
510A,Cinderella,The Wonderful Birch,Russia,,Russia,type0510a.html
510A,Cinderella,The Baba Yaga,Russia,Aleksandr Afanasyev,Russia (Aleksandr Afanasyev),type0510a.html
510A,Cinderella,The Wicked Stepmother,Kashmir,,Kashmir,type0510a.html
510A,Cinderella,Maria and the Golden Slipper,Philippines,,Philippines,type0510a.html
510A,Cinderella,The Poor Turkey Girl,Native American,Zuni,Native American (Zuni),type0510a.html
510A,Cinderella,The Turkey Herd,Native American,Zuni,Native American (Zuni),type0510a.html
510A,Cinderella,The Indian Cinderella,,,,type0510a.html
,Hog Bridegrooms,King Pig,"Italy, Giovanni Francesco Straparola",,"Italy, Giovanni Francesco Straparola",hog.html
,Hog Bridegrooms,Hans-My-Hedgehog,"Germany, Jacob and Wilhelm Grimm",,"Germany, Jacob and Wilhelm Grimm",hog.html
,Hog Bridegrooms,The Wild Pig,"Germany, J. W. Wolf",,"Germany, J. W. Wolf",hog.html
,Hog Bridegrooms,The Hedgehog That Married the King's Daughter,Lithuania,,Lithuania,hog.html
,Hog Bridegrooms,Prince Hedgehog,Russia,,Russia,hog.html
,Hog Bridegrooms,"The Hedgehog, the Merchant, the King, and the Poor Man",Hungary,,Hungary,hog.html
,Hog Bridegrooms,The Enchanted Pig,Romania,,Romania,hog.html
,The Green Knight,A Cinderella Story from Denmark,,,,greenknight.html
,The Green Knight,The Green Knight,Denmark,Svendt Grundtvig,Denmark (Svendt Grundtvig),greenknight.html
