tale_id,author,language,collection,seq,khm,title,filename,source
andersen_en:001,Hans Christian Andersen,en,andersen_en,001,,A STORY,corpus/andersen_en/001_a-story.html,Gutenberg #27200 (Paull tr.)
andersen_en:002,Hans Christian Andersen,en,andersen_en,002,,THE ANGEL,corpus/andersen_en/002_the-angel.html,Gutenberg #27200 (Paull tr.)
andersen_en:003,Hans Christian Andersen,en,andersen_en,003,,ANNE LISBETH,corpus/andersen_en/003_anne-lisbeth.html,Gutenberg #27200 (Paull tr.)
andersen_en:004,Hans Christian Andersen,en,andersen_en,004,,THE CONCEITED APPLE-BRANCH,corpus/andersen_en/004_the-conceited-apple-branch.html,Gutenberg #27200 (Paull tr.)
andersen_en:005,Hans Christian Andersen,en,andersen_en,005,,BEAUTY OF FORM AND BEAUTY OF MIND,corpus/andersen_en/005_beauty-of-form-and-beauty-of-mind.html,Gutenberg #27200 (Paull tr.)
andersen_en:006,Hans Christian Andersen,en,andersen_en,006,,THE BEETLE WHO WENT ON HIS TRAVELS,corpus/andersen_en/006_the-beetle-who-went-on-his-travels.html,Gutenberg #27200 (Paull tr.)
andersen_en:007,Hans Christian Andersen,en,andersen_en,007,,THE BELL,corpus/andersen_en/007_the-bell.html,Gutenberg #27200 (Paull tr.)
andersen_en:008,Hans Christian Andersen,en,andersen_en,008,,THE BELL-DEEP,corpus/andersen_en/008_the-bell-deep.html,Gutenberg #27200 (Paull tr.)
andersen_en:009,Hans Christian Andersen,en,andersen_en,009,,THE BIRD OF POPULAR SONG,corpus/andersen_en/009_the-bird-of-popular-song.html,Gutenberg #27200 (Paull tr.)
andersen_en:010,Hans Christian Andersen,en,andersen_en,010,,THE BISHOP OF BORGLUM AND HIS WARRIORS,corpus/andersen_en/010_the-bishop-of-borglum-and-his-warriors.html,Gutenberg #27200 (Paull tr.)
andersen_en:011,Hans Christian Andersen,en,andersen_en,011,,THE BOTTLE NECK,corpus/andersen_en/011_the-bottle-neck.html,Gutenberg #27200 (Paull tr.)
andersen_en:012,Hans Christian Andersen,en,andersen_en,012,,THE BUCKWHEAT,corpus/andersen_en/012_the-buckwheat.html,Gutenberg #27200 (Paull tr.)
andersen_en:013,Hans Christian Andersen,en,andersen_en,013,,THE BUTTERFLY,corpus/andersen_en/013_the-butterfly.html,Gutenberg #27200 (Paull tr.)
andersen_en:014,Hans Christian Andersen,en,andersen_en,014,,A CHEERFUL TEMPER,corpus/andersen_en/014_a-cheerful-temper.html,Gutenberg #27200 (Paull tr.)
andersen_en:015,Hans Christian Andersen,en,andersen_en,015,,THE CHILD IN THE GRAVE,corpus/andersen_en/015_the-child-in-the-grave.html,Gutenberg #27200 (Paull tr.)
andersen_en:016,Hans Christian Andersen,en,andersen_en,016,,CHILDREN'S PRATTLE,corpus/andersen_en/016_childrens-prattle.html,Gutenberg #27200 (Paull tr.)
andersen_en:017,Hans Christian Andersen,en,andersen_en,017,,THE FARM-YARD COCK AND THE WEATHER-COCK,corpus/andersen_en/017_the-farm-yard-cock-and-the-weather-cock.html,Gutenberg #27200 (Paull tr.)
andersen_en:018,Hans Christian Andersen,en,andersen_en,018,,THE DAISY,corpus/andersen_en/018_the-daisy.html,Gutenberg #27200 (Paull tr.)
andersen_en:019,Hans Christian Andersen,en,andersen_en,019,,THE DARNING-NEEDLE,corpus/andersen_en/019_the-darning-needle.html,Gutenberg #27200 (Paull tr.)
andersen_en:020,Hans Christian Andersen,en,andersen_en,020,,DELAYING IS NOT FORGETTING,corpus/andersen_en/020_delaying-is-not-forgetting.html,Gutenberg #27200 (Paull tr.)
andersen_en:021,Hans Christian Andersen,en,andersen_en,021,,THE DROP OF WATER,corpus/andersen_en/021_the-drop-of-water.html,Gutenberg #27200 (Paull tr.)
andersen_en:022,Hans Christian Andersen,en,andersen_en,022,,THE DRYAD,corpus/andersen_en/022_the-dryad.html,Gutenberg #27200 (Paull tr.)
andersen_en:023,Hans Christian Andersen,en,andersen_en,023,,JACK THE DULLARD,corpus/andersen_en/023_jack-the-dullard.html,Gutenberg #27200 (Paull tr.)
andersen_en:024,Hans Christian Andersen,en,andersen_en,024,,THE DUMB BOOK,corpus/andersen_en/024_the-dumb-book.html,Gutenberg #27200 (Paull tr.)
andersen_en:025,Hans Christian Andersen,en,andersen_en,025,,THE ELF OF THE ROSE,corpus/andersen_en/025_the-elf-of-the-rose.html,Gutenberg #27200 (Paull tr.)
andersen_en:026,Hans Christian Andersen,en,andersen_en,026,,THE ELFIN HILL,corpus/andersen_en/026_the-elfin-hill.html,Gutenberg #27200 (Paull tr.)
andersen_en:027,Hans Christian Andersen,en,andersen_en,027,,THE EMPEROR'S NEW SUIT,corpus/andersen_en/027_the-emperors-new-suit.html,Gutenberg #27200 (Paull tr.)
andersen_en:028,Hans Christian Andersen,en,andersen_en,028,,THE FIR TREE,corpus/andersen_en/028_the-fir-tree.html,Gutenberg #27200 (Paull tr.)
andersen_en:029,Hans Christian Andersen,en,andersen_en,029,,THE FLAX,corpus/andersen_en/029_the-flax.html,Gutenberg #27200 (Paull tr.)
andersen_en:030,Hans Christian Andersen,en,andersen_en,030,,THE FLYING TRUNK,corpus/andersen_en/030_the-flying-trunk.html,Gutenberg #27200 (Paull tr.)
andersen_en:031,Hans Christian Andersen,en,andersen_en,031,,THE SHEPHERD'S STORY OF THE BOND OF FRIENDSHIP,corpus/andersen_en/031_the-shepherds-story-of-the-bond-of-friendship.html,Gutenberg #27200 (Paull tr.)
andersen_en:032,Hans Christian Andersen,en,andersen_en,032,,THE GIRL WHO TROD ON THE LOAF,corpus/andersen_en/032_the-girl-who-trod-on-the-loaf.html,Gutenberg #27200 (Paull tr.)
andersen_en:033,Hans Christian Andersen,en,andersen_en,033,,THE GOBLIN AND THE HUCKSTER,corpus/andersen_en/033_the-goblin-and-the-huckster.html,Gutenberg #27200 (Paull tr.)
andersen_en:034,Hans Christian Andersen,en,andersen_en,034,,THE GOLDEN TREASURE,corpus/andersen_en/034_the-golden-treasure.html,Gutenberg #27200 (Paull tr.)
andersen_en:035,Hans Christian Andersen,en,andersen_en,035,,THE GOLOSHES OF FORTUNE,corpus/andersen_en/035_the-goloshes-of-fortune.html,Gutenberg #27200 (Paull tr.)
andersen_en:036,Hans Christian Andersen,en,andersen_en,036,,SHE WAS GOOD FOR NOTHING,corpus/andersen_en/036_she-was-good-for-nothing.html,Gutenberg #27200 (Paull tr.)
andersen_en:037,Hans Christian Andersen,en,andersen_en,037,,GRANDMOTHER,corpus/andersen_en/037_grandmother.html,Gutenberg #27200 (Paull tr.)
andersen_en:038,Hans Christian Andersen,en,andersen_en,038,,A GREAT GRIEF,corpus/andersen_en/038_a-great-grief.html,Gutenberg #27200 (Paull tr.)
andersen_en:039,Hans Christian Andersen,en,andersen_en,039,,THE HAPPY FAMILY,corpus/andersen_en/039_the-happy-family.html,Gutenberg #27200 (Paull tr.)
andersen_en:040,Hans Christian Andersen,en,andersen_en,040,,A LEAF FROM HEAVEN,corpus/andersen_en/040_a-leaf-from-heaven.html,Gutenberg #27200 (Paull tr.)
andersen_en:041,Hans Christian Andersen,en,andersen_en,041,,HOLGER DANSKE,corpus/andersen_en/041_holger-danske.html,Gutenberg #27200 (Paull tr.)
andersen_en:042,Hans Christian Andersen,en,andersen_en,042,,IB AND LITTLE CHRISTINA,corpus/andersen_en/042_ib-and-little-christina.html,Gutenberg #27200 (Paull tr.)
andersen_en:043,Hans Christian Andersen,en,andersen_en,043,,THE ICE MAIDEN,corpus/andersen_en/043_the-ice-maiden.html,Gutenberg #27200 (Paull tr.)
andersen_en:044,Hans Christian Andersen,en,andersen_en,044,,THE JEWISH MAIDEN,corpus/andersen_en/044_the-jewish-maiden.html,Gutenberg #27200 (Paull tr.)
andersen_en:045,Hans Christian Andersen,en,andersen_en,045,,THE JUMPER,corpus/andersen_en/045_the-jumper.html,Gutenberg #27200 (Paull tr.)
andersen_en:046,Hans Christian Andersen,en,andersen_en,046,,THE LAST DREAM OF THE OLD OAK,corpus/andersen_en/046_the-last-dream-of-the-old-oak.html,Gutenberg #27200 (Paull tr.)
andersen_en:047,Hans Christian Andersen,en,andersen_en,047,,THE LAST PEARL,corpus/andersen_en/047_the-last-pearl.html,Gutenberg #27200 (Paull tr.)
andersen_en:048,Hans Christian Andersen,en,andersen_en,048,,LITTLE CLAUS AND BIG CLAUS,corpus/andersen_en/048_little-claus-and-big-claus.html,Gutenberg #27200 (Paull tr.)
andersen_en:049,Hans Christian Andersen,en,andersen_en,049,,THE LITTLE ELDER-TREE MOTHER,corpus/andersen_en/049_the-little-elder-tree-mother.html,Gutenberg #27200 (Paull tr.)
andersen_en:050,Hans Christian Andersen,en,andersen_en,050,,LITTLE IDA'S FLOWERS,corpus/andersen_en/050_little-idas-flowers.html,Gutenberg #27200 (Paull tr.)
andersen_en:051,Hans Christian Andersen,en,andersen_en,051,,THE LITTLE MATCH-SELLER,corpus/andersen_en/051_the-little-match-seller.html,Gutenberg #27200 (Paull tr.)
andersen_en:052,Hans Christian Andersen,en,andersen_en,052,,THE LITTLE MERMAID,corpus/andersen_en/052_the-little-mermaid.html,Gutenberg #27200 (Paull tr.)
andersen_en:053,Hans Christian Andersen,en,andersen_en,053,,LITTLE TINY OR THUMBELINA,corpus/andersen_en/053_little-tiny-or-thumbelina.html,Gutenberg #27200 (Paull tr.)
andersen_en:054,Hans Christian Andersen,en,andersen_en,054,,LITTLE TUK,corpus/andersen_en/054_little-tuk.html,Gutenberg #27200 (Paull tr.)
andersen_en:055,Hans Christian Andersen,en,andersen_en,055,,THE LOVELIEST ROSE IN THE WORLD,corpus/andersen_en/055_the-loveliest-rose-in-the-world.html,Gutenberg #27200 (Paull tr.)
andersen_en:056,Hans Christian Andersen,en,andersen_en,056,,THE MAIL-COACH PASSENGERS,corpus/andersen_en/056_the-mail-coach-passengers.html,Gutenberg #27200 (Paull tr.)
andersen_en:057,Hans Christian Andersen,en,andersen_en,057,,THE MARSH KING'S DAUGHTER,corpus/andersen_en/057_the-marsh-kings-daughter.html,Gutenberg #27200 (Paull tr.)
andersen_en:058,Hans Christian Andersen,en,andersen_en,058,,THE METAL PIG,corpus/andersen_en/058_the-metal-pig.html,Gutenberg #27200 (Paull tr.)
andersen_en:059,Hans Christian Andersen,en,andersen_en,059,,THE MONEY-BOX,corpus/andersen_en/059_the-money-box.html,Gutenberg #27200 (Paull tr.)
andersen_en:060,Hans Christian Andersen,en,andersen_en,060,,WHAT THE MOON SAW,corpus/andersen_en/060_what-the-moon-saw.html,Gutenberg #27200 (Paull tr.)
andersen_en:061,Hans Christian Andersen,en,andersen_en,061,,THE NEIGHBOURING FAMILIES,corpus/andersen_en/061_the-neighbouring-families.html,Gutenberg #27200 (Paull tr.)
andersen_en:062,Hans Christian Andersen,en,andersen_en,062,,THE NIGHTINGALE,corpus/andersen_en/062_the-nightingale.html,Gutenberg #27200 (Paull tr.)
andersen_en:063,Hans Christian Andersen,en,andersen_en,063,,THERE IS NO DOUBT ABOUT IT,corpus/andersen_en/063_there-is-no-doubt-about-it.html,Gutenberg #27200 (Paull tr.)
andersen_en:064,Hans Christian Andersen,en,andersen_en,064,,IN THE NURSERY,corpus/andersen_en/064_in-the-nursery.html,Gutenberg #27200 (Paull tr.)
andersen_en:065,Hans Christian Andersen,en,andersen_en,065,,THE OLD BACHELOR'S NIGHTCAP,corpus/andersen_en/065_the-old-bachelors-nightcap.html,Gutenberg #27200 (Paull tr.)
andersen_en:066,Hans Christian Andersen,en,andersen_en,066,,THE OLD CHURCH BELL,corpus/andersen_en/066_the-old-church-bell.html,Gutenberg #27200 (Paull tr.)
andersen_en:067,Hans Christian Andersen,en,andersen_en,067,,THE OLD GRAVE-STONE,corpus/andersen_en/067_the-old-grave-stone.html,Gutenberg #27200 (Paull tr.)
andersen_en:068,Hans Christian Andersen,en,andersen_en,068,,THE OLD HOUSE,corpus/andersen_en/068_the-old-house.html,Gutenberg #27200 (Paull tr.)
andersen_en:069,Hans Christian Andersen,en,andersen_en,069,,WHAT THE OLD MAN DOES IS ALWAYS RIGHT,corpus/andersen_en/069_what-the-old-man-does-is-always-right.html,Gutenberg #27200 (Paull tr.)
andersen_en:070,Hans Christian Andersen,en,andersen_en,070,,THE OLD STREET LAMP,corpus/andersen_en/070_the-old-street-lamp.html,Gutenberg #27200 (Paull tr.)
andersen_en:071,Hans Christian Andersen,en,andersen_en,071,,"OLE-LUK-OIE, THE DREAM-GOD",corpus/andersen_en/071_ole-luk-oie-the-dream-god.html,Gutenberg #27200 (Paull tr.)
andersen_en:072,Hans Christian Andersen,en,andersen_en,072,,OLE THE TOWER-KEEPER,corpus/andersen_en/072_ole-the-tower-keeper.html,Gutenberg #27200 (Paull tr.)
andersen_en:073,Hans Christian Andersen,en,andersen_en,073,,OUR AUNT,corpus/andersen_en/073_our-aunt.html,Gutenberg #27200 (Paull tr.)
andersen_en:074,Hans Christian Andersen,en,andersen_en,074,,THE GARDEN OF PARADISE,corpus/andersen_en/074_the-garden-of-paradise.html,Gutenberg #27200 (Paull tr.)
andersen_en:075,Hans Christian Andersen,en,andersen_en,075,,THE PEA BLOSSOM,corpus/andersen_en/075_the-pea-blossom.html,Gutenberg #27200 (Paull tr.)
andersen_en:076,Hans Christian Andersen,en,andersen_en,076,,THE PEN AND THE INKSTAND,corpus/andersen_en/076_the-pen-and-the-inkstand.html,Gutenberg #27200 (Paull tr.)
andersen_en:077,Hans Christian Andersen,en,andersen_en,077,,THE PHILOSOPHER'S STONE,corpus/andersen_en/077_the-philosophers-stone.html,Gutenberg #27200 (Paull tr.)
andersen_en:078,Hans Christian Andersen,en,andersen_en,078,,THE PHOENIX BIRD,corpus/andersen_en/078_the-phoenix-bird.html,Gutenberg #27200 (Paull tr.)
andersen_en:079,Hans Christian Andersen,en,andersen_en,079,,THE PORTUGUESE DUCK,corpus/andersen_en/079_the-portuguese-duck.html,Gutenberg #27200 (Paull tr.)
andersen_en:080,Hans Christian Andersen,en,andersen_en,080,,THE PORTER'S SON,corpus/andersen_en/080_the-porters-son.html,Gutenberg #27200 (Paull tr.)
andersen_en:081,Hans Christian Andersen,en,andersen_en,081,,POULTRY MEG'S FAMILY,corpus/andersen_en/081_poultry-megs-family.html,Gutenberg #27200 (Paull tr.)
andersen_en:082,Hans Christian Andersen,en,andersen_en,082,,THE PRINCESS AND THE PEA,corpus/andersen_en/082_the-princess-and-the-pea.html,Gutenberg #27200 (Paull tr.)
andersen_en:083,Hans Christian Andersen,en,andersen_en,083,,THE PSYCHE,corpus/andersen_en/083_the-psyche.html,Gutenberg #27200 (Paull tr.)
andersen_en:084,Hans Christian Andersen,en,andersen_en,084,,THE PUPPET-SHOW MAN,corpus/andersen_en/084_the-puppet-show-man.html,Gutenberg #27200 (Paull tr.)
andersen_en:085,Hans Christian Andersen,en,andersen_en,085,,THE RACES,corpus/andersen_en/085_the-races.html,Gutenberg #27200 (Paull tr.)
andersen_en:086,Hans Christian Andersen,en,andersen_en,086,,THE RED SHOES,corpus/andersen_en/086_the-red-shoes.html,Gutenberg #27200 (Paull tr.)
andersen_en:087,Hans Christian Andersen,en,andersen_en,087,,EVERYTHING IN THE RIGHT PLACE,corpus/andersen_en/087_everything-in-the-right-place.html,Gutenberg #27200 (Paull tr.)
andersen_en:088,Hans Christian Andersen,en,andersen_en,088,,A ROSE FROM HOMER'S GRAVE,corpus/andersen_en/088_a-rose-from-homers-grave.html,Gutenberg #27200 (Paull tr.)
andersen_en:089,Hans Christian Andersen,en,andersen_en,089,,THE SNAIL AND THE ROSE-TREE,corpus/andersen_en/089_the-snail-and-the-rose-tree.html,Gutenberg #27200 (Paull tr.)
andersen_en:090,Hans Christian Andersen,en,andersen_en,090,,A STORY FROM THE SAND-HILLS,corpus/andersen_en/090_a-story-from-the-sand-hills.html,Gutenberg #27200 (Paull tr.)
andersen_en:091,Hans Christian Andersen,en,andersen_en,091,,THE SAUCY BOY,corpus/andersen_en/091_the-saucy-boy.html,Gutenberg #27200 (Paull tr.)
andersen_en:092,Hans Christian Andersen,en,andersen_en,092,,THE SHADOW,corpus/andersen_en/092_the-shadow.html,Gutenberg #27200 (Paull tr.)
andersen_en:093,Hans Christian Andersen,en,andersen_en,093,,THE SHEPHERDESS AND THE SHEEP,corpus/andersen_en/093_the-shepherdess-and-the-sheep.html,Gutenberg #27200 (Paull tr.)
andersen_en:094,Hans Christian Andersen,en,andersen_en,094,,THE SILVER SHILLING,corpus/andersen_en/094_the-silver-shilling.html,Gutenberg #27200 (Paull tr.)
andersen_en:095,Hans Christian Andersen,en,andersen_en,095,,THE SHIRT-COLLAR,corpus/andersen_en/095_the-shirt-collar.html,Gutenberg #27200 (Paull tr.)
andersen_en:096,Hans Christian Andersen,en,andersen_en,096,,THE SNOW MAN,corpus/andersen_en/096_the-snow-man.html,Gutenberg #27200 (Paull tr.)
andersen_en:097,Hans Christian Andersen,en,andersen_en,097,,THE SNOW QUEEN,corpus/andersen_en/097_the-snow-queen.html,Gutenberg #27200 (Paull tr.)
andersen_en:098,Hans Christian Andersen,en,andersen_en,098,,THE SNOWDROP,corpus/andersen_en/098_the-snowdrop.html,Gutenberg #27200 (Paull tr.)
andersen_en:099,Hans Christian Andersen,en,andersen_en,099,,SOMETHING,corpus/andersen_en/099_something.html,Gutenberg #27200 (Paull tr.)
andersen_en:100,Hans Christian Andersen,en,andersen_en,100,,SOUP FROM A SAUSAGE SKEWER,corpus/andersen_en/100_soup-from-a-sausage-skewer.html,Gutenberg #27200 (Paull tr.)
andersen_en:101,Hans Christian Andersen,en,andersen_en,101,,THE STORKS,corpus/andersen_en/101_the-storks.html,Gutenberg #27200 (Paull tr.)
andersen_en:102,Hans Christian Andersen,en,andersen_en,102,,THE STORM SHAKES THE SHIELD,corpus/andersen_en/102_the-storm-shakes-the-shield.html,Gutenberg #27200 (Paull tr.)
andersen_en:103,Hans Christian Andersen,en,andersen_en,103,,THE STORY OF A MOTHER,corpus/andersen_en/103_the-story-of-a-mother.html,Gutenberg #27200 (Paull tr.)
andersen_en:104,Hans Christian Andersen,en,andersen_en,104,,THE SUNBEAM AND THE CAPTIVE,corpus/andersen_en/104_the-sunbeam-and-the-captive.html,Gutenberg #27200 (Paull tr.)
andersen_en:105,Hans Christian Andersen,en,andersen_en,105,,THE SWAN'S NEST,corpus/andersen_en/105_the-swans-nest.html,Gutenberg #27200 (Paull tr.)
andersen_en:106,Hans Christian Andersen,en,andersen_en,106,,THE SWINEHERD,corpus/andersen_en/106_the-swineherd.html,Gutenberg #27200 (Paull tr.)
andersen_en:107,Hans Christian Andersen,en,andersen_en,107,,THE THISTLE'S EXPERIENCES,corpus/andersen_en/107_the-thistles-experiences.html,Gutenberg #27200 (Paull tr.)
andersen_en:108,Hans Christian Andersen,en,andersen_en,108,,THE THORNY ROAD OF HONOR,corpus/andersen_en/108_the-thorny-road-of-honor.html,Gutenberg #27200 (Paull tr.)
andersen_en:109,Hans Christian Andersen,en,andersen_en,109,,IN A THOUSAND YEARS,corpus/andersen_en/109_in-a-thousand-years.html,Gutenberg #27200 (Paull tr.)
andersen_en:110,Hans Christian Andersen,en,andersen_en,110,,THE BRAVE TIN SOLDIER,corpus/andersen_en/110_the-brave-tin-soldier.html,Gutenberg #27200 (Paull tr.)
andersen_en:111,Hans Christian Andersen,en,andersen_en,111,,THE TINDER-BOX,corpus/andersen_en/111_the-tinder-box.html,Gutenberg #27200 (Paull tr.)
andersen_en:112,Hans Christian Andersen,en,andersen_en,112,,THE TOAD,corpus/andersen_en/112_the-toad.html,Gutenberg #27200 (Paull tr.)
andersen_en:113,Hans Christian Andersen,en,andersen_en,113,,THE TOP AND BALL,corpus/andersen_en/113_the-top-and-ball.html,Gutenberg #27200 (Paull tr.)
andersen_en:114,Hans Christian Andersen,en,andersen_en,114,,THE TRAVELLING COMPANION,corpus/andersen_en/114_the-travelling-companion.html,Gutenberg #27200 (Paull tr.)
andersen_en:115,Hans Christian Andersen,en,andersen_en,115,,TWO BROTHERS,corpus/andersen_en/115_two-brothers.html,Gutenberg #27200 (Paull tr.)
andersen_en:116,Hans Christian Andersen,en,andersen_en,116,,TWO MAIDENS,corpus/andersen_en/116_two-maidens.html,Gutenberg #27200 (Paull tr.)
andersen_en:117,Hans Christian Andersen,en,andersen_en,117,,THE UGLY DUCKLING,corpus/andersen_en/117_the-ugly-duckling.html,Gutenberg #27200 (Paull tr.)
andersen_en:118,Hans Christian Andersen,en,andersen_en,118,,UNDER THE WILLOW-TREE,corpus/andersen_en/118_under-the-willow-tree.html,Gutenberg #27200 (Paull tr.)
andersen_en:119,Hans Christian Andersen,en,andersen_en,119,,IN THE UTTERMOST PARTS OF THE SEA,corpus/andersen_en/119_in-the-uttermost-parts-of-the-sea.html,Gutenberg #27200 (Paull tr.)
andersen_en:120,Hans Christian Andersen,en,andersen_en,120,,WHAT ONE CAN INVENT,corpus/andersen_en/120_what-one-can-invent.html,Gutenberg #27200 (Paull tr.)
andersen_en:121,Hans Christian Andersen,en,andersen_en,121,,THE WICKED PRINCE,corpus/andersen_en/121_the-wicked-prince.html,Gutenberg #27200 (Paull tr.)
andersen_en:122,Hans Christian Andersen,en,andersen_en,122,,THE WILD SWANS,corpus/andersen_en/122_the-wild-swans.html,Gutenberg #27200 (Paull tr.)
andersen_en:123,Hans Christian Andersen,en,andersen_en,123,,"THE WILL-O-THE WISP IS IN THE TOWN, SAYS THE MOOR WOMAN",corpus/andersen_en/123_the-will-o-the-wisp-is-in-the-town-says-the-moor-woman.html,Gutenberg #27200 (Paull tr.)
andersen_en:124,Hans Christian Andersen,en,andersen_en,124,,THE STORY OF THE WIND,corpus/andersen_en/124_the-story-of-the-wind.html,Gutenberg #27200 (Paull tr.)
andersen_en:125,Hans Christian Andersen,en,andersen_en,125,,THE WINDMILL,corpus/andersen_en/125_the-windmill.html,Gutenberg #27200 (Paull tr.)
andersen_en:126,Hans Christian Andersen,en,andersen_en,126,,THE STORY OF THE YEAR,corpus/andersen_en/126_the-story-of-the-year.html,Gutenberg #27200 (Paull tr.)
andersen_ru:001,Hans Christian Andersen,ru,andersen_ru,001,,«Есть же разница!»,corpus/andersen_ru/001_Есть-же-разница.html,Russian Wikisource (Hansen tr.)
andersen_ru:002,Hans Christian Andersen,ru,andersen_ru,002,,"«Пляши, куколка, пляши!»",corpus/andersen_ru/002_Пляши-куколка-пляши.html,Russian Wikisource (Hansen tr.)
andersen_ru:003,Hans Christian Andersen,ru,andersen_ru,003,,Аисты,corpus/andersen_ru/003_Аисты.html,Russian Wikisource (Hansen tr.)
andersen_ru:004,Hans Christian Andersen,ru,andersen_ru,004,,Альбом крёстного,corpus/andersen_ru/004_Альбом-крёстного.html,Russian Wikisource (Hansen tr.)
andersen_ru:005,Hans Christian Andersen,ru,andersen_ru,005,,Амур-проводник. Чёртов вкус. Дом умалишённых,corpus/andersen_ru/005_Амур-проводник-Чёртов-вкус-Дом-умалишённых.html,Russian Wikisource (Hansen tr.)
andersen_ru:006,Hans Christian Andersen,ru,andersen_ru,006,,Ангел,corpus/andersen_ru/006_Ангел.html,Russian Wikisource (Hansen tr.)
andersen_ru:007,Hans Christian Andersen,ru,andersen_ru,007,,Анне Лисбет,corpus/andersen_ru/007_Анне-Лисбет.html,Russian Wikisource (Hansen tr.)
andersen_ru:008,Hans Christian Andersen,ru,andersen_ru,008,,Бабушка,corpus/andersen_ru/008_Бабушка.html,Russian Wikisource (Hansen tr.)
andersen_ru:009,Hans Christian Andersen,ru,andersen_ru,009,,Безобразный утёнок,corpus/andersen_ru/009_Безобразный-утёнок.html,Russian Wikisource (Hansen tr.)
andersen_ru:010,Hans Christian Andersen,ru,andersen_ru,010,,Блоха и профессор,corpus/andersen_ru/010_Блоха-и-профессор.html,Russian Wikisource (Hansen tr.)
andersen_ru:011,Hans Christian Andersen,ru,andersen_ru,011,,Блуждающие огоньки в городе,corpus/andersen_ru/011_Блуждающие-огоньки-в-городе.html,Russian Wikisource (Hansen tr.)
andersen_ru:012,Hans Christian Andersen,ru,andersen_ru,012,,Большой морской змей,corpus/andersen_ru/012_Большой-морской-змей.html,Russian Wikisource (Hansen tr.)
andersen_ru:013,Hans Christian Andersen,ru,andersen_ru,013,,Бронзовый кабан (быль),corpus/andersen_ru/013_Бронзовый-кабан-быль.html,Russian Wikisource (Hansen tr.)
andersen_ru:014,Hans Christian Andersen,ru,andersen_ru,014,,Бузинная матушка,corpus/andersen_ru/014_Бузинная-матушка.html,Russian Wikisource (Hansen tr.)
andersen_ru:015,Hans Christian Andersen,ru,andersen_ru,015,,Буря перемещает вывески,corpus/andersen_ru/015_Буря-перемещает-вывески.html,Russian Wikisource (Hansen tr.)
andersen_ru:016,Hans Christian Andersen,ru,andersen_ru,016,,Бутылочное горлышко,corpus/andersen_ru/016_Бутылочное-горлышко.html,Russian Wikisource (Hansen tr.)
andersen_ru:017,Hans Christian Andersen,ru,andersen_ru,017,,В Брауншвейге,corpus/andersen_ru/017_В-Брауншвейге.html,Russian Wikisource (Hansen tr.)
andersen_ru:018,Hans Christian Andersen,ru,andersen_ru,018,,В Дарданельском проливе,corpus/andersen_ru/018_В-Дарданельском-проливе.html,Russian Wikisource (Hansen tr.)
andersen_ru:019,Hans Christian Andersen,ru,andersen_ru,019,,В Лександе,corpus/andersen_ru/019_В-Лександе.html,Russian Wikisource (Hansen tr.)
andersen_ru:020,Hans Christian Andersen,ru,andersen_ru,020,,В день кончины,corpus/andersen_ru/020_В-день-кончины.html,Russian Wikisource (Hansen tr.)
andersen_ru:021,Hans Christian Andersen,ru,andersen_ru,021,,В детской,corpus/andersen_ru/021_В-детской.html,Russian Wikisource (Hansen tr.)
andersen_ru:022,Hans Christian Andersen,ru,andersen_ru,022,,В дилижансе,corpus/andersen_ru/022_В-дилижансе.html,Russian Wikisource (Hansen tr.)
andersen_ru:023,Hans Christian Andersen,ru,andersen_ru,023,,Весёлый нрав,corpus/andersen_ru/023_Весёлый-нрав.html,Russian Wikisource (Hansen tr.)
andersen_ru:024,Hans Christian Andersen,ru,andersen_ru,024,,Ветер рассказывает о Вальдемаре До и его дочерях,corpus/andersen_ru/024_Ветер-рассказывает-о-Вальдемаре-До-и-его-дочерях.html,Russian Wikisource (Hansen tr.)
andersen_ru:025,Hans Christian Andersen,ru,andersen_ru,025,,Ветряная мельница,corpus/andersen_ru/025_Ветряная-мельница.html,Russian Wikisource (Hansen tr.)
andersen_ru:026,Hans Christian Andersen,ru,andersen_ru,026,,Вместо заключения,corpus/andersen_ru/026_Вместо-заключения.html,Russian Wikisource (Hansen tr.)
andersen_ru:027,Hans Christian Andersen,ru,andersen_ru,027,,Вместо предисловия,corpus/andersen_ru/027_Вместо-предисловия.html,Russian Wikisource (Hansen tr.)
andersen_ru:028,Hans Christian Andersen,ru,andersen_ru,028,,Волшебный холм,corpus/andersen_ru/028_Волшебный-холм.html,Russian Wikisource (Hansen tr.)
andersen_ru:029,Hans Christian Andersen,ru,andersen_ru,029,,Воротничок,corpus/andersen_ru/029_Воротничок.html,Russian Wikisource (Hansen tr.)
andersen_ru:030,Hans Christian Andersen,ru,andersen_ru,030,,Всему своё место,corpus/andersen_ru/030_Всему-своё-место.html,Russian Wikisource (Hansen tr.)
andersen_ru:031,Hans Christian Andersen,ru,andersen_ru,031,,Вывеска поэта,corpus/andersen_ru/031_Вывеска-поэта.html,Russian Wikisource (Hansen tr.)
andersen_ru:032,Hans Christian Andersen,ru,andersen_ru,032,,Вэн и Глэн,corpus/andersen_ru/032_Вэн-и-Глэн.html,Russian Wikisource (Hansen tr.)
andersen_ru:033,Hans Christian Andersen,ru,andersen_ru,033,,Гадкий утёнок,corpus/andersen_ru/033_Гадкий-утёнок.html,Russian Wikisource (Hansen tr.)
andersen_ru:034,Hans Christian Andersen,ru,andersen_ru,034,,Ганс Чурбан,corpus/andersen_ru/034_Ганс-Чурбан.html,Russian Wikisource (Hansen tr.)
andersen_ru:035,Hans Christian Andersen,ru,andersen_ru,035,,Гольгер-Данске,corpus/andersen_ru/035_Гольгер-Данске.html,Russian Wikisource (Hansen tr.)
andersen_ru:036,Hans Christian Andersen,ru,andersen_ru,036,,Госларские рудники,corpus/andersen_ru/036_Госларские-рудники.html,Russian Wikisource (Hansen tr.)
andersen_ru:037,Hans Christian Andersen,ru,andersen_ru,037,,Гречиха,corpus/andersen_ru/037_Гречиха.html,Russian Wikisource (Hansen tr.)
andersen_ru:038,Hans Christian Andersen,ru,andersen_ru,038,,Два брата,corpus/andersen_ru/038_Два-брата.html,Russian Wikisource (Hansen tr.)
andersen_ru:039,Hans Christian Andersen,ru,andersen_ru,039,,Две девицы,corpus/andersen_ru/039_Две-девицы.html,Russian Wikisource (Hansen tr.)
andersen_ru:040,Hans Christian Andersen,ru,andersen_ru,040,,Двенадцать пассажиров,corpus/andersen_ru/040_Двенадцать-пассажиров.html,Russian Wikisource (Hansen tr.)
andersen_ru:041,Hans Christian Andersen,ru,andersen_ru,041,,Дворовый петух и флюгерный,corpus/andersen_ru/041_Дворовый-петух-и-флюгерный.html,Russian Wikisource (Hansen tr.)
andersen_ru:042,Hans Christian Andersen,ru,andersen_ru,042,,Дева льдов,corpus/andersen_ru/042_Дева-льдов.html,Russian Wikisource (Hansen tr.)
andersen_ru:043,Hans Christian Andersen,ru,andersen_ru,043,,Девичий прыжок,corpus/andersen_ru/043_Девичий-прыжок.html,Russian Wikisource (Hansen tr.)
andersen_ru:044,Hans Christian Andersen,ru,andersen_ru,044,,Девочка со спичками,corpus/andersen_ru/044_Девочка-со-спичками.html,Russian Wikisource (Hansen tr.)
andersen_ru:045,Hans Christian Andersen,ru,andersen_ru,045,,"Девочка, наступившая на хлеб",corpus/andersen_ru/045_Девочка-наступившая-на-хлеб.html,Russian Wikisource (Hansen tr.)
andersen_ru:046,Hans Christian Andersen,ru,andersen_ru,046,,День переезда,corpus/andersen_ru/046_День-переезда.html,Russian Wikisource (Hansen tr.)
andersen_ru:047,Hans Christian Andersen,ru,andersen_ru,047,,Дикие лебеди,corpus/andersen_ru/047_Дикие-лебеди.html,Russian Wikisource (Hansen tr.)
andersen_ru:048,Hans Christian Andersen,ru,andersen_ru,048,,Директор кукольного театра,corpus/andersen_ru/048_Директор-кукольного-театра.html,Russian Wikisource (Hansen tr.)
andersen_ru:049,Hans Christian Andersen,ru,andersen_ru,049,,Дни недели,corpus/andersen_ru/049_Дни-недели.html,Russian Wikisource (Hansen tr.)
andersen_ru:050,Hans Christian Andersen,ru,andersen_ru,050,,Долина Сэтер,corpus/andersen_ru/050_Долина-Сэтер.html,Russian Wikisource (Hansen tr.)
andersen_ru:051,Hans Christian Andersen,ru,andersen_ru,051,,Доля репейника,corpus/andersen_ru/051_Доля-репейника.html,Russian Wikisource (Hansen tr.)
andersen_ru:052,Hans Christian Andersen,ru,andersen_ru,052,,Домовой и хозяйка,corpus/andersen_ru/052_Домовой-и-хозяйка.html,Russian Wikisource (Hansen tr.)
andersen_ru:053,Hans Christian Andersen,ru,andersen_ru,053,,Домовой мелочного торговца,corpus/andersen_ru/053_Домовой-мелочного-торговца.html,Russian Wikisource (Hansen tr.)
andersen_ru:054,Hans Christian Andersen,ru,andersen_ru,054,,Дорожный товарищ,corpus/andersen_ru/054_Дорожный-товарищ.html,Russian Wikisource (Hansen tr.)
andersen_ru:055,Hans Christian Andersen,ru,andersen_ru,055,,Дочь болотного царя,corpus/andersen_ru/055_Дочь-болотного-царя.html,Russian Wikisource (Hansen tr.)
andersen_ru:056,Hans Christian Andersen,ru,andersen_ru,056,,Дрезденская галерея,corpus/andersen_ru/056_Дрезденская-галерея.html,Russian Wikisource (Hansen tr.)
andersen_ru:057,Hans Christian Andersen,ru,andersen_ru,057,,Дриада,corpus/andersen_ru/057_Дриада.html,Russian Wikisource (Hansen tr.)
andersen_ru:058,Hans Christian Andersen,ru,andersen_ru,058,,Дюймовочка,corpus/andersen_ru/058_Дюймовочка.html,Russian Wikisource (Hansen tr.)
andersen_ru:059,Hans Christian Andersen,ru,andersen_ru,059,,Еврейка,corpus/andersen_ru/059_Еврейка.html,Russian Wikisource (Hansen tr.)
andersen_ru:060,Hans Christian Andersen,ru,andersen_ru,060,,Ель,corpus/andersen_ru/060_Ель.html,Russian Wikisource (Hansen tr.)
andersen_ru:061,Hans Christian Andersen,ru,andersen_ru,061,,Епископ Бёрглумский и его родич,corpus/andersen_ru/061_Епископ-Бёрглумский-и-его-родич.html,Russian Wikisource (Hansen tr.)
andersen_ru:062,Hans Christian Andersen,ru,andersen_ru,062,,Жаба,corpus/andersen_ru/062_Жаба.html,Russian Wikisource (Hansen tr.)
andersen_ru:063,Hans Christian Andersen,ru,andersen_ru,063,,Железная дорога,corpus/andersen_ru/063_Железная-дорога.html,Russian Wikisource (Hansen tr.)
andersen_ru:064,Hans Christian Andersen,ru,andersen_ru,064,,Жених и невеста,corpus/andersen_ru/064_Жених-и-невеста.html,Russian Wikisource (Hansen tr.)
andersen_ru:065,Hans Christian Andersen,ru,andersen_ru,065,,Зелёные крошки,corpus/andersen_ru/065_Зелёные-крошки.html,Russian Wikisource (Hansen tr.)
andersen_ru:066,Hans Christian Andersen,ru,andersen_ru,066,,Злой князь,corpus/andersen_ru/066_Злой-князь.html,Russian Wikisource (Hansen tr.)
andersen_ru:067,Hans Christian Andersen,ru,andersen_ru,067,,Золотой мальчик,corpus/andersen_ru/067_Золотой-мальчик.html,Russian Wikisource (Hansen tr.)
andersen_ru:068,Hans Christian Andersen,ru,andersen_ru,068,,И в щепке порою скрывается счастье!,corpus/andersen_ru/068_И-в-щепке-порою-скрывается-счастье.html,Russian Wikisource (Hansen tr.)
andersen_ru:069,Hans Christian Andersen,ru,andersen_ru,069,,Иб и Христиночка,corpus/andersen_ru/069_Иб-и-Христиночка.html,Russian Wikisource (Hansen tr.)
andersen_ru:070,Hans Christian Andersen,ru,andersen_ru,070,,Иванушка-дурачок,corpus/andersen_ru/070_Иванушка-дурачок.html,Russian Wikisource (Hansen tr.)
andersen_ru:071,Hans Christian Andersen,ru,andersen_ru,071,,Идочкины цветы,corpus/andersen_ru/071_Идочкины-цветы.html,Russian Wikisource (Hansen tr.)
andersen_ru:072,Hans Christian Andersen,ru,andersen_ru,072,,Из окна богадельни,corpus/andersen_ru/072_Из-окна-богадельни.html,Russian Wikisource (Hansen tr.)
andersen_ru:073,Hans Christian Andersen,ru,andersen_ru,073,,Истинная правда,corpus/andersen_ru/073_Истинная-правда.html,Russian Wikisource (Hansen tr.)
andersen_ru:074,Hans Christian Andersen,ru,andersen_ru,074,,История года,corpus/andersen_ru/074_История-года.html,Russian Wikisource (Hansen tr.)
andersen_ru:075,Hans Christian Andersen,ru,andersen_ru,075,,История одной матери,corpus/andersen_ru/075_История-одной-матери.html,Russian Wikisource (Hansen tr.)
andersen_ru:076,Hans Christian Andersen,ru,andersen_ru,076,,Как хороша!,corpus/andersen_ru/076_Как-хороша.html,Russian Wikisource (Hansen tr.)
andersen_ru:077,Hans Christian Andersen,ru,andersen_ru,077,,Калоши счастья,corpus/andersen_ru/077_Калоши-счастья.html,Russian Wikisource (Hansen tr.)
andersen_ru:078,Hans Christian Andersen,ru,andersen_ru,078,,Камень мудрецов,corpus/andersen_ru/078_Камень-мудрецов.html,Russian Wikisource (Hansen tr.)
andersen_ru:079,Hans Christian Andersen,ru,andersen_ru,079,,Капля воды,corpus/andersen_ru/079_Капля-воды.html,Russian Wikisource (Hansen tr.)
andersen_ru:080,Hans Christian Andersen,ru,andersen_ru,080,,Картинам нет конца,corpus/andersen_ru/080_Картинам-нет-конца.html,Russian Wikisource (Hansen tr.)
andersen_ru:081,Hans Christian Andersen,ru,andersen_ru,081,,Ключ от ворот,corpus/andersen_ru/081_Ключ-от-ворот.html,Russian Wikisource (Hansen tr.)
andersen_ru:082,Hans Christian Andersen,ru,andersen_ru,082,,Кое-что,corpus/andersen_ru/082_Кое-что.html,Russian Wikisource (Hansen tr.)
andersen_ru:083,Hans Christian Andersen,ru,andersen_ru,083,,Колокол,corpus/andersen_ru/083_Колокол.html,Russian Wikisource (Hansen tr.)
andersen_ru:084,Hans Christian Andersen,ru,andersen_ru,084,,Колокольная бездна,corpus/andersen_ru/084_Колокольная-бездна.html,Russian Wikisource (Hansen tr.)
andersen_ru:085,Hans Christian Andersen,ru,andersen_ru,085,,Колокольный омут,corpus/andersen_ru/085_Колокольный-омут.html,Russian Wikisource (Hansen tr.)
andersen_ru:086,Hans Christian Andersen,ru,andersen_ru,086,,Колокольный сторож Оле,corpus/andersen_ru/086_Колокольный-сторож-Оле.html,Russian Wikisource (Hansen tr.)
andersen_ru:087,Hans Christian Andersen,ru,andersen_ru,087,,Комета,corpus/andersen_ru/087_Комета.html,Russian Wikisource (Hansen tr.)
andersen_ru:088,Hans Christian Andersen,ru,andersen_ru,088,,Красные башмаки,corpus/andersen_ru/088_Красные-башмаки.html,Russian Wikisource (Hansen tr.)
andersen_ru:089,Hans Christian Andersen,ru,andersen_ru,089,,Кто же счастливейшая?,corpus/andersen_ru/089_Кто-же-счастливейшая.html,Russian Wikisource (Hansen tr.)
andersen_ru:090,Hans Christian Andersen,ru,andersen_ru,090,,Лебединое гнездо,corpus/andersen_ru/090_Лебединое-гнездо.html,Russian Wikisource (Hansen tr.)
andersen_ru:091,Hans Christian Andersen,ru,andersen_ru,091,,Лесной холм,corpus/andersen_ru/091_Лесной-холм.html,Russian Wikisource (Hansen tr.)
andersen_ru:092,Hans Christian Andersen,ru,andersen_ru,092,,Лизок с вершок,corpus/andersen_ru/092_Лизок-с-вершок.html,Russian Wikisource (Hansen tr.)
andersen_ru:093,Hans Christian Andersen,ru,andersen_ru,093,,Лён,corpus/andersen_ru/093_Лён.html,Russian Wikisource (Hansen tr.)
andersen_ru:094,Hans Christian Andersen,ru,andersen_ru,094,,Маленький Клаус и большой Клаус,corpus/andersen_ru/094_Маленький-Клаус-и-большой-Клаус.html,Russian Wikisource (Hansen tr.)
andersen_ru:095,Hans Christian Andersen,ru,andersen_ru,095,,Маленький Тук,corpus/andersen_ru/095_Маленький-Тук.html,Russian Wikisource (Hansen tr.)
andersen_ru:096,Hans Christian Andersen,ru,andersen_ru,096,,Мать,corpus/andersen_ru/096_Мать.html,Russian Wikisource (Hansen tr.)
andersen_ru:097,Hans Christian Andersen,ru,andersen_ru,097,,Между Моталой и Вадстеной,corpus/andersen_ru/097_Между-Моталой-и-Вадстеной.html,Russian Wikisource (Hansen tr.)
andersen_ru:098,Hans Christian Andersen,ru,andersen_ru,098,,Могила,corpus/andersen_ru/098_Могила.html,Russian Wikisource (Hansen tr.)
andersen_ru:099,Hans Christian Andersen,ru,andersen_ru,099,,Мои сапоги,corpus/andersen_ru/099_Мои-сапоги.html,Russian Wikisource (Hansen tr.)
andersen_ru:100,Hans Christian Andersen,ru,andersen_ru,100,,Мотылёк,corpus/andersen_ru/100_Мотылёк.html,Russian Wikisource (Hansen tr.)
andersen_ru:101,Hans Christian Andersen,ru,andersen_ru,101,,Муза нового века,corpus/andersen_ru/101_Муза-нового-века.html,Russian Wikisource (Hansen tr.)
andersen_ru:102,Hans Christian Andersen,ru,andersen_ru,102,,На Брокене. Рюбеланд. Пещера Баумана,corpus/andersen_ru/102_На-Брокене-Рюбеланд-Пещера-Баумана.html,Russian Wikisource (Hansen tr.)
andersen_ru:103,Hans Christian Andersen,ru,andersen_ru,103,,На дюнах,corpus/andersen_ru/103_На-дюнах.html,Russian Wikisource (Hansen tr.)
andersen_ru:104,Hans Christian Andersen,ru,andersen_ru,104,,На краю моря,corpus/andersen_ru/104_На-краю-моря.html,Russian Wikisource (Hansen tr.)
andersen_ru:105,Hans Christian Andersen,ru,andersen_ru,105,,На могиле ребёнка,corpus/andersen_ru/105_На-могиле-ребёнка.html,Russian Wikisource (Hansen tr.)
andersen_ru:106,Hans Christian Andersen,ru,andersen_ru,106,,На пароходе,corpus/andersen_ru/106_На-пароходе.html,Russian Wikisource (Hansen tr.)
andersen_ru:107,Hans Christian Andersen,ru,andersen_ru,107,,На пути в Упсалу,corpus/andersen_ru/107_На-пути-в-Упсалу.html,Russian Wikisource (Hansen tr.)
andersen_ru:108,Hans Christian Andersen,ru,andersen_ru,108,,На пути в Эйслебен. Лютер,corpus/andersen_ru/108_На-пути-в-Эйслебен-Лютер.html,Russian Wikisource (Hansen tr.)
andersen_ru:109,Hans Christian Andersen,ru,andersen_ru,109,,На утином дворе,corpus/andersen_ru/109_На-утином-дворе.html,Russian Wikisource (Hansen tr.)
andersen_ru:110,Hans Christian Andersen,ru,andersen_ru,110,,Навозный жук,corpus/andersen_ru/110_Навозный-жук.html,Russian Wikisource (Hansen tr.)
andersen_ru:111,Hans Christian Andersen,ru,andersen_ru,111,,Немая книга,corpus/andersen_ru/111_Немая-книга.html,Russian Wikisource (Hansen tr.)
andersen_ru:112,Hans Christian Andersen,ru,andersen_ru,112,,Нехороший мальчик,corpus/andersen_ru/112_Нехороший-мальчик.html,Russian Wikisource (Hansen tr.)
andersen_ru:113,Hans Christian Andersen,ru,andersen_ru,113,,Николай и Николка,corpus/andersen_ru/113_Николай-и-Николка.html,Russian Wikisource (Hansen tr.)
andersen_ru:114,Hans Christian Andersen,ru,andersen_ru,114,,Новое платье короля,corpus/andersen_ru/114_Новое-платье-короля.html,Russian Wikisource (Hansen tr.)
andersen_ru:115,Hans Christian Andersen,ru,andersen_ru,115,,Новый наряд короля,corpus/andersen_ru/115_Новый-наряд-короля.html,Russian Wikisource (Hansen tr.)
andersen_ru:116,Hans Christian Andersen,ru,andersen_ru,116,,Ночной колпак старого холостяка,corpus/andersen_ru/116_Ночной-колпак-старого-холостяка.html,Russian Wikisource (Hansen tr.)
andersen_ru:117,Hans Christian Andersen,ru,andersen_ru,117,,О чём рассказывала старая Йоханна,corpus/andersen_ru/117_О-чём-рассказывала-старая-Йоханна.html,Russian Wikisource (Hansen tr.)
andersen_ru:118,Hans Christian Andersen,ru,andersen_ru,118,,Оборвыши,corpus/andersen_ru/118_Оборвыши.html,Russian Wikisource (Hansen tr.)
andersen_ru:119,Hans Christian Andersen,ru,andersen_ru,119,,Обрывок жемчужной нити,corpus/andersen_ru/119_Обрывок-жемчужной-нити.html,Russian Wikisource (Hansen tr.)
andersen_ru:120,Hans Christian Andersen,ru,andersen_ru,120,,Огниво,corpus/andersen_ru/120_Огниво.html,Russian Wikisource (Hansen tr.)
andersen_ru:121,Hans Christian Andersen,ru,andersen_ru,121,,Оле-Закрой Глазки,corpus/andersen_ru/121_Оле-Закрой-Глазки.html,Russian Wikisource (Hansen tr.)
andersen_ru:122,Hans Christian Andersen,ru,andersen_ru,122,,Оле-Лукойе,corpus/andersen_ru/122_Оле-Лукойе.html,Russian Wikisource (Hansen tr.)
andersen_ru:123,Hans Christian Andersen,ru,andersen_ru,123,,От Мерзебурга до Лейпцига,corpus/andersen_ru/123_От-Мерзебурга-до-Лейпцига.html,Russian Wikisource (Hansen tr.)
andersen_ru:124,Hans Christian Andersen,ru,andersen_ru,124,,Отпрыск райского растения,corpus/andersen_ru/124_Отпрыск-райского-растения.html,Russian Wikisource (Hansen tr.)
andersen_ru:125,Hans Christian Andersen,ru,andersen_ru,125,,Парочка,corpus/andersen_ru/125_Парочка.html,Russian Wikisource (Hansen tr.)
andersen_ru:126,Hans Christian Andersen,ru,andersen_ru,126,,Пастушка и трубочист,corpus/andersen_ru/126_Пастушка-и-трубочист.html,Russian Wikisource (Hansen tr.)
andersen_ru:127,Hans Christian Andersen,ru,andersen_ru,127,,"Пейтер, Пётр и Пейр",corpus/andersen_ru/127_Пейтер-Пётр-и-Пейр.html,Russian Wikisource (Hansen tr.)
andersen_ru:128,Hans Christian Andersen,ru,andersen_ru,128,,Перед отъездом,corpus/andersen_ru/128_Перед-отъездом.html,Russian Wikisource (Hansen tr.)
andersen_ru:129,Hans Christian Andersen,ru,andersen_ru,129,,Перо и чернильница,corpus/andersen_ru/129_Перо-и-чернильница.html,Russian Wikisource (Hansen tr.)
andersen_ru:130,Hans Christian Andersen,ru,andersen_ru,130,,Побратимы,corpus/andersen_ru/130_Побратимы.html,Russian Wikisource (Hansen tr.)
andersen_ru:131,Hans Christian Andersen,ru,andersen_ru,131,,Под ивой,corpus/andersen_ru/131_Под-ивой.html,Russian Wikisource (Hansen tr.)
andersen_ru:132,Hans Christian Andersen,ru,andersen_ru,132,,Подснежник,corpus/andersen_ru/132_Подснежник.html,Russian Wikisource (Hansen tr.)
andersen_ru:133,Hans Christian Andersen,ru,andersen_ru,133,,Последний сон старого дуба,corpus/andersen_ru/133_Последний-сон-старого-дуба.html,Russian Wikisource (Hansen tr.)
andersen_ru:134,Hans Christian Andersen,ru,andersen_ru,134,,Последняя жемчужина,corpus/andersen_ru/134_Последняя-жемчужина.html,Russian Wikisource (Hansen tr.)
andersen_ru:135,Hans Christian Andersen,ru,andersen_ru,135,,Поэтическая Калифорния,corpus/andersen_ru/135_Поэтическая-Калифорния.html,Russian Wikisource (Hansen tr.)
andersen_ru:136,Hans Christian Andersen,ru,andersen_ru,136,,Прадедушка,corpus/andersen_ru/136_Прадедушка.html,Russian Wikisource (Hansen tr.)
andersen_ru:137,Hans Christian Andersen,ru,andersen_ru,137,,Предки птичницы Греты,corpus/andersen_ru/137_Предки-птичницы-Греты.html,Russian Wikisource (Hansen tr.)
andersen_ru:138,Hans Christian Andersen,ru,andersen_ru,138,,Прекраснейшая роза мира,corpus/andersen_ru/138_Прекраснейшая-роза-мира.html,Russian Wikisource (Hansen tr.)
andersen_ru:139,Hans Christian Andersen,ru,andersen_ru,139,,Примечания Г. Х. Андерсена к полному собранию сказок и рассказов,corpus/andersen_ru/139_Примечания-Г-Х-Андерсена-к-полному-собранию-сказок-и-рассказов.html,Russian Wikisource (Hansen tr.)
andersen_ru:140,Hans Christian Andersen,ru,andersen_ru,140,,Принцесса на горошине,corpus/andersen_ru/140_Принцесса-на-горошине.html,Russian Wikisource (Hansen tr.)
andersen_ru:141,Hans Christian Andersen,ru,andersen_ru,141,,Пропащая,corpus/andersen_ru/141_Пропащая.html,Russian Wikisource (Hansen tr.)
andersen_ru:142,Hans Christian Andersen,ru,andersen_ru,142,,Прыгуны,corpus/andersen_ru/142_Прыгуны.html,Russian Wikisource (Hansen tr.)
andersen_ru:143,Hans Christian Andersen,ru,andersen_ru,143,,Психея,corpus/andersen_ru/143_Психея.html,Russian Wikisource (Hansen tr.)
andersen_ru:144,Hans Christian Andersen,ru,andersen_ru,144,,Птица народной песни,corpus/andersen_ru/144_Птица-народной-песни.html,Russian Wikisource (Hansen tr.)
andersen_ru:145,Hans Christian Andersen,ru,andersen_ru,145,,Птица феникс,corpus/andersen_ru/145_Птица-феникс.html,Russian Wikisource (Hansen tr.)
andersen_ru:146,Hans Christian Andersen,ru,andersen_ru,146,,Пятеро из одного стручка,corpus/andersen_ru/146_Пятеро-из-одного-стручка.html,Russian Wikisource (Hansen tr.)
andersen_ru:147,Hans Christian Andersen,ru,andersen_ru,147,,Райский сад,corpus/andersen_ru/147_Райский-сад.html,Russian Wikisource (Hansen tr.)
andersen_ru:148,Hans Christian Andersen,ru,andersen_ru,148,,Рассказы солнечного луча,corpus/andersen_ru/148_Рассказы-солнечного-луча.html,Russian Wikisource (Hansen tr.)
andersen_ru:149,Hans Christian Andersen,ru,andersen_ru,149,,Ребячья болтовня,corpus/andersen_ru/149_Ребячья-болтовня.html,Russian Wikisource (Hansen tr.)
andersen_ru:150,Hans Christian Andersen,ru,andersen_ru,150,,Роза с могилы Гомера,corpus/andersen_ru/150_Роза-с-могилы-Гомера.html,Russian Wikisource (Hansen tr.)
andersen_ru:151,Hans Christian Andersen,ru,andersen_ru,151,,Ромашка,corpus/andersen_ru/151_Ромашка.html,Russian Wikisource (Hansen tr.)
andersen_ru:152,Hans Christian Andersen,ru,andersen_ru,152,,Русалочка,corpus/andersen_ru/152_Русалочка.html,Russian Wikisource (Hansen tr.)
andersen_ru:153,Hans Christian Andersen,ru,andersen_ru,153,,С крепостного вала,corpus/andersen_ru/153_С-крепостного-вала.html,Russian Wikisource (Hansen tr.)
andersen_ru:154,Hans Christian Andersen,ru,andersen_ru,154,,Садовник и господа,corpus/andersen_ru/154_Садовник-и-господа.html,Russian Wikisource (Hansen tr.)
andersen_ru:155,Hans Christian Andersen,ru,andersen_ru,155,,Самое невероятное,corpus/andersen_ru/155_Самое-невероятное.html,Russian Wikisource (Hansen tr.)
andersen_ru:156,Hans Christian Andersen,ru,andersen_ru,156,,Свечи,corpus/andersen_ru/156_Свечи.html,Russian Wikisource (Hansen tr.)
andersen_ru:157,Hans Christian Andersen,ru,andersen_ru,157,,Свинопас,corpus/andersen_ru/157_Свинопас.html,Russian Wikisource (Hansen tr.)
andersen_ru:158,Hans Christian Andersen,ru,andersen_ru,158,,Свиньи,corpus/andersen_ru/158_Свиньи.html,Russian Wikisource (Hansen tr.)
andersen_ru:159,Hans Christian Andersen,ru,andersen_ru,159,,Свинья-копилка,corpus/andersen_ru/159_Свинья-копилка.html,Russian Wikisource (Hansen tr.)
andersen_ru:160,Hans Christian Andersen,ru,andersen_ru,160,,Сердечное горе,corpus/andersen_ru/160_Сердечное-горе.html,Russian Wikisource (Hansen tr.)
andersen_ru:161,Hans Christian Andersen,ru,andersen_ru,161,,Серебряная монетка,corpus/andersen_ru/161_Серебряная-монетка.html,Russian Wikisource (Hansen tr.)
andersen_ru:162,Hans Christian Andersen,ru,andersen_ru,162,,Сидень,corpus/andersen_ru/162_Сидень.html,Russian Wikisource (Hansen tr.)
andersen_ru:163,Hans Christian Andersen,ru,andersen_ru,163,,Скороходы,corpus/andersen_ru/163_Скороходы.html,Russian Wikisource (Hansen tr.)
andersen_ru:164,Hans Christian Andersen,ru,andersen_ru,164,,Скрыто — не забыто,corpus/andersen_ru/164_Скрыто-не-забыто.html,Russian Wikisource (Hansen tr.)
andersen_ru:165,Hans Christian Andersen,ru,andersen_ru,165,,Снегур,corpus/andersen_ru/165_Снегур.html,Russian Wikisource (Hansen tr.)
andersen_ru:166,Hans Christian Andersen,ru,andersen_ru,166,,Снежная королева,corpus/andersen_ru/166_Снежная-королева.html,Russian Wikisource (Hansen tr.)
andersen_ru:167,Hans Christian Andersen,ru,andersen_ru,167,,Соловей,corpus/andersen_ru/167_Соловей.html,Russian Wikisource (Hansen tr.)
andersen_ru:168,Hans Christian Andersen,ru,andersen_ru,168,,Сон,corpus/andersen_ru/168_Сон.html,Russian Wikisource (Hansen tr.)
andersen_ru:169,Hans Christian Andersen,ru,andersen_ru,169,,Соседи,corpus/andersen_ru/169_Соседи.html,Russian Wikisource (Hansen tr.)
andersen_ru:170,Hans Christian Andersen,ru,andersen_ru,170,,Старая могильная плита,corpus/andersen_ru/170_Старая-могильная-плита.html,Russian Wikisource (Hansen tr.)
andersen_ru:171,Hans Christian Andersen,ru,andersen_ru,171,,Старый дом,corpus/andersen_ru/171_Старый-дом.html,Russian Wikisource (Hansen tr.)
andersen_ru:172,Hans Christian Andersen,ru,andersen_ru,172,,Старый уличный фонарь,corpus/andersen_ru/172_Старый-уличный-фонарь.html,Russian Wikisource (Hansen tr.)
andersen_ru:173,Hans Christian Andersen,ru,andersen_ru,173,,Старый церковный колокол,corpus/andersen_ru/173_Старый-церковный-колокол.html,Russian Wikisource (Hansen tr.)
andersen_ru:174,Hans Christian Andersen,ru,andersen_ru,174,,Стойкий оловянный солдатик,corpus/andersen_ru/174_Стойкий-оловянный-солдатик.html,Russian Wikisource (Hansen tr.)
andersen_ru:175,Hans Christian Andersen,ru,andersen_ru,175,,Сундук-самолёт,corpus/andersen_ru/175_Сундук-самолёт.html,Russian Wikisource (Hansen tr.)
andersen_ru:176,Hans Christian Andersen,ru,andersen_ru,176,,Суп из колбасной палочки,corpus/andersen_ru/176_Суп-из-колбасной-палочки.html,Russian Wikisource (Hansen tr.)
andersen_ru:177,Hans Christian Andersen,ru,andersen_ru,177,,Счастливая семья,corpus/andersen_ru/177_Счастливая-семья.html,Russian Wikisource (Hansen tr.)
andersen_ru:178,Hans Christian Andersen,ru,andersen_ru,178,,Счастливое семейство,corpus/andersen_ru/178_Счастливое-семейство.html,Russian Wikisource (Hansen tr.)
andersen_ru:179,Hans Christian Andersen,ru,andersen_ru,179,,Сын привратника,corpus/andersen_ru/179_Сын-привратника.html,Russian Wikisource (Hansen tr.)
andersen_ru:180,Hans Christian Andersen,ru,andersen_ru,180,,Тень,corpus/andersen_ru/180_Тень.html,Russian Wikisource (Hansen tr.)
andersen_ru:181,Hans Christian Andersen,ru,andersen_ru,181,,Тернистый путь славы,corpus/andersen_ru/181_Тернистый-путь-славы.html,Russian Wikisource (Hansen tr.)
andersen_ru:182,Hans Christian Andersen,ru,andersen_ru,182,,Три римских мальчика,corpus/andersen_ru/182_Три-римских-мальчика.html,Russian Wikisource (Hansen tr.)
andersen_ru:183,Hans Christian Andersen,ru,andersen_ru,183,,Трольгетта,corpus/andersen_ru/183_Трольгетта.html,Russian Wikisource (Hansen tr.)
andersen_ru:184,Hans Christian Andersen,ru,andersen_ru,184,,Тряпьё,corpus/andersen_ru/184_Тряпьё.html,Russian Wikisource (Hansen tr.)
andersen_ru:185,Hans Christian Andersen,ru,andersen_ru,185,,Тётушка,corpus/andersen_ru/185_Тётушка.html,Russian Wikisource (Hansen tr.)
andersen_ru:186,Hans Christian Andersen,ru,andersen_ru,186,,Тётушка Зубная боль,corpus/andersen_ru/186_Тётушка-Зубная-боль.html,Russian Wikisource (Hansen tr.)
andersen_ru:187,Hans Christian Andersen,ru,andersen_ru,187,,"Уж что муженёк сделает, то и ладно",corpus/andersen_ru/187_Уж-что-муженёк-сделает-то-и-ладно.html,Russian Wikisource (Hansen tr.)
andersen_ru:188,Hans Christian Andersen,ru,andersen_ru,188,,Улитка и розовый куст,corpus/andersen_ru/188_Улитка-и-розовый-куст.html,Russian Wikisource (Hansen tr.)
andersen_ru:189,Hans Christian Andersen,ru,andersen_ru,189,,Философский камень,corpus/andersen_ru/189_Философский-камень.html,Russian Wikisource (Hansen tr.)
andersen_ru:190,Hans Christian Andersen,ru,andersen_ru,190,,Хольгер Датчанин,corpus/andersen_ru/190_Хольгер-Датчанин.html,Russian Wikisource (Hansen tr.)
andersen_ru:191,Hans Christian Andersen,ru,andersen_ru,191,,Цветы маленькой Иды,corpus/andersen_ru/191_Цветы-маленькой-Иды.html,Russian Wikisource (Hansen tr.)
andersen_ru:192,Hans Christian Andersen,ru,andersen_ru,192,,Чайник,corpus/andersen_ru/192_Чайник.html,Russian Wikisource (Hansen tr.)
andersen_ru:193,Hans Christian Andersen,ru,andersen_ru,193,,Через тысячу лет,corpus/andersen_ru/193_Через-тысячу-лет.html,Russian Wikisource (Hansen tr.)
andersen_ru:194,Hans Christian Andersen,ru,andersen_ru,194,,Что можно придумать,corpus/andersen_ru/194_Что-можно-придумать.html,Russian Wikisource (Hansen tr.)
andersen_ru:195,Hans Christian Andersen,ru,andersen_ru,195,,Что сказала вся семья,corpus/andersen_ru/195_Что-сказала-вся-семья.html,Russian Wikisource (Hansen tr.)
andersen_ru:196,Hans Christian Andersen,ru,andersen_ru,196,,Школьный учитель. Гослар,corpus/andersen_ru/196_Школьный-учитель-Гослар.html,Russian Wikisource (Hansen tr.)
andersen_ru:197,Hans Christian Andersen,ru,andersen_ru,197,,Штопальная игла,corpus/andersen_ru/197_Штопальная-игла.html,Russian Wikisource (Hansen tr.)
andersen_ru:198,Hans Christian Andersen,ru,andersen_ru,198,,Эльф,corpus/andersen_ru/198_Эльф.html,Russian Wikisource (Hansen tr.)
andersen_ru:199,Hans Christian Andersen,ru,andersen_ru,199,,Эльф розового куста,corpus/andersen_ru/199_Эльф-розового-куста.html,Russian Wikisource (Hansen tr.)
grimm_en:001,Brothers Grimm,en,grimm_en,001,1,"The Frog-King, or Iron Henry",corpus/grimm_en/001_1-the-frog-king-or-iron-henry.html,Gutenberg #5314 (Hunt tr.)
grimm_en:002,Brothers Grimm,en,grimm_en,002,2,Cat and Mouse in Partnership,corpus/grimm_en/002_2-cat-and-mouse-in-partnership.html,Gutenberg #5314 (Hunt tr.)
grimm_en:003,Brothers Grimm,en,grimm_en,003,3,Our Lady’s Child,corpus/grimm_en/003_3-our-ladys-child.html,Gutenberg #5314 (Hunt tr.)
grimm_en:004,Brothers Grimm,en,grimm_en,004,4,The Story of the Youth Who Went Forth to Learn What Fear Was,corpus/grimm_en/004_4-the-story-of-the-youth-who-went-forth-to-learn-what-fear-was.html,Gutenberg #5314 (Hunt tr.)
grimm_en:005,Brothers Grimm,en,grimm_en,005,5,The Wolf and the Seven Little Kids,corpus/grimm_en/005_5-the-wolf-and-the-seven-little-kids.html,Gutenberg #5314 (Hunt tr.)
grimm_en:006,Brothers Grimm,en,grimm_en,006,6,Faithful John,corpus/grimm_en/006_6-faithful-john.html,Gutenberg #5314 (Hunt tr.)
grimm_en:007,Brothers Grimm,en,grimm_en,007,7,The Good Bargain,corpus/grimm_en/007_7-the-good-bargain.html,Gutenberg #5314 (Hunt tr.)
grimm_en:008,Brothers Grimm,en,grimm_en,008,8,The Wonderful Musician,corpus/grimm_en/008_8-the-wonderful-musician.html,Gutenberg #5314 (Hunt tr.)
grimm_en:009,Brothers Grimm,en,grimm_en,009,9,The Twelve Brothers,corpus/grimm_en/009_9-the-twelve-brothers.html,Gutenberg #5314 (Hunt tr.)
grimm_en:010,Brothers Grimm,en,grimm_en,010,10,The Pack of Ragamuffins,corpus/grimm_en/010_10-the-pack-of-ragamuffins.html,Gutenberg #5314 (Hunt tr.)
grimm_en:011,Brothers Grimm,en,grimm_en,011,11,Little Brother and Little Sister,corpus/grimm_en/011_11-little-brother-and-little-sister.html,Gutenberg #5314 (Hunt tr.)
grimm_en:012,Brothers Grimm,en,grimm_en,012,12,Rapunzel,corpus/grimm_en/012_12-rapunzel.html,Gutenberg #5314 (Hunt tr.)
grimm_en:013,Brothers Grimm,en,grimm_en,013,13,The Three Little Men in the Wood,corpus/grimm_en/013_13-the-three-little-men-in-the-wood.html,Gutenberg #5314 (Hunt tr.)
grimm_en:014,Brothers Grimm,en,grimm_en,014,14,The Three Spinners,corpus/grimm_en/014_14-the-three-spinners.html,Gutenberg #5314 (Hunt tr.)
grimm_en:015,Brothers Grimm,en,grimm_en,015,15,Hansel and Grethel,corpus/grimm_en/015_15-hansel-and-grethel.html,Gutenberg #5314 (Hunt tr.)
grimm_en:016,Brothers Grimm,en,grimm_en,016,16,The Three Snake-Leaves,corpus/grimm_en/016_16-the-three-snake-leaves.html,Gutenberg #5314 (Hunt tr.)
grimm_en:017,Brothers Grimm,en,grimm_en,017,17,The White Snake,corpus/grimm_en/017_17-the-white-snake.html,Gutenberg #5314 (Hunt tr.)
grimm_en:018,Brothers Grimm,en,grimm_en,018,18,"The Straw, the Coal, and the Bean",corpus/grimm_en/018_18-the-straw-the-coal-and-the-bean.html,Gutenberg #5314 (Hunt tr.)
grimm_en:019,Brothers Grimm,en,grimm_en,019,19,The Fisherman and His Wife,corpus/grimm_en/019_19-the-fisherman-and-his-wife.html,Gutenberg #5314 (Hunt tr.)
grimm_en:020,Brothers Grimm,en,grimm_en,020,20,The Valiant Little Tailor,corpus/grimm_en/020_20-the-valiant-little-tailor.html,Gutenberg #5314 (Hunt tr.)
grimm_en:021,Brothers Grimm,en,grimm_en,021,21,Cinderella,corpus/grimm_en/021_21-cinderella.html,Gutenberg #5314 (Hunt tr.)
grimm_en:022,Brothers Grimm,en,grimm_en,022,22,The Riddle,corpus/grimm_en/022_22-the-riddle.html,Gutenberg #5314 (Hunt tr.)
grimm_en:023,Brothers Grimm,en,grimm_en,023,23,"The Mouse, the Bird, and the Sausage",corpus/grimm_en/023_23-the-mouse-the-bird-and-the-sausage.html,Gutenberg #5314 (Hunt tr.)
grimm_en:024,Brothers Grimm,en,grimm_en,024,24,Mother Holle,corpus/grimm_en/024_24-mother-holle.html,Gutenberg #5314 (Hunt tr.)
grimm_en:025,Brothers Grimm,en,grimm_en,025,25,The Seven Ravens,corpus/grimm_en/025_25-the-seven-ravens.html,Gutenberg #5314 (Hunt tr.)
grimm_en:026,Brothers Grimm,en,grimm_en,026,26,Little Red-Cap,corpus/grimm_en/026_26-little-red-cap.html,Gutenberg #5314 (Hunt tr.)
grimm_en:027,Brothers Grimm,en,grimm_en,027,27,The Bremen Town-Musicians,corpus/grimm_en/027_27-the-bremen-town-musicians.html,Gutenberg #5314 (Hunt tr.)
grimm_en:028,Brothers Grimm,en,grimm_en,028,28,The Singing Bone,corpus/grimm_en/028_28-the-singing-bone.html,Gutenberg #5314 (Hunt tr.)
grimm_en:029,Brothers Grimm,en,grimm_en,029,29,The Devil With the Three Golden Hairs,corpus/grimm_en/029_29-the-devil-with-the-three-golden-hairs.html,Gutenberg #5314 (Hunt tr.)
grimm_en:030,Brothers Grimm,en,grimm_en,030,30,The Louse and the Flea,corpus/grimm_en/030_30-the-louse-and-the-flea.html,Gutenberg #5314 (Hunt tr.)
grimm_en:031,Brothers Grimm,en,grimm_en,031,31,The Girl Without Hands,corpus/grimm_en/031_31-the-girl-without-hands.html,Gutenberg #5314 (Hunt tr.)
grimm_en:032,Brothers Grimm,en,grimm_en,032,32,Clever Hans,corpus/grimm_en/032_32-clever-hans.html,Gutenberg #5314 (Hunt tr.)
grimm_en:033,Brothers Grimm,en,grimm_en,033,33,The Three Languages,corpus/grimm_en/033_33-the-three-languages.html,Gutenberg #5314 (Hunt tr.)
grimm_en:034,Brothers Grimm,en,grimm_en,034,34,Clever Elsie,corpus/grimm_en/034_34-clever-elsie.html,Gutenberg #5314 (Hunt tr.)
grimm_en:035,Brothers Grimm,en,grimm_en,035,35,The Tailor in Heaven,corpus/grimm_en/035_35-the-tailor-in-heaven.html,Gutenberg #5314 (Hunt tr.)
grimm_en:036,Brothers Grimm,en,grimm_en,036,36,"The Wishing-Table, the Gold-Ass, and the Cudgel in the Sack",corpus/grimm_en/036_36-the-wishing-table-the-gold-ass-and-the-cudgel-in-the-sack.html,Gutenberg #5314 (Hunt tr.)
grimm_en:037,Brothers Grimm,en,grimm_en,037,37,Thumbling,corpus/grimm_en/037_37-thumbling.html,Gutenberg #5314 (Hunt tr.)
grimm_en:038,Brothers Grimm,en,grimm_en,038,38,The Wedding of Mrs. Fox,corpus/grimm_en/038_38-the-wedding-of-mrs-fox.html,Gutenberg #5314 (Hunt tr.)
grimm_en:039,Brothers Grimm,en,grimm_en,039,39,The Elves,corpus/grimm_en/039_39-the-elves.html,Gutenberg #5314 (Hunt tr.)
grimm_en:040,Brothers Grimm,en,grimm_en,040,40,The Robber Bridegroom,corpus/grimm_en/040_40-the-robber-bridegroom.html,Gutenberg #5314 (Hunt tr.)
grimm_en:041,Brothers Grimm,en,grimm_en,041,41,Herr Korbes,corpus/grimm_en/041_41-herr-korbes.html,Gutenberg #5314 (Hunt tr.)
grimm_en:042,Brothers Grimm,en,grimm_en,042,42,The Godfather,corpus/grimm_en/042_42-the-godfather.html,Gutenberg #5314 (Hunt tr.)
grimm_en:043,Brothers Grimm,en,grimm_en,043,43,Frau Trude,corpus/grimm_en/043_43-frau-trude.html,Gutenberg #5314 (Hunt tr.)
grimm_en:044,Brothers Grimm,en,grimm_en,044,44,Godfather Death,corpus/grimm_en/044_44-godfather-death.html,Gutenberg #5314 (Hunt tr.)
grimm_en:045,Brothers Grimm,en,grimm_en,045,45,Thumbling as Journeyman,corpus/grimm_en/045_45-thumbling-as-journeyman.html,Gutenberg #5314 (Hunt tr.)
grimm_en:046,Brothers Grimm,en,grimm_en,046,46,Fitcher’s Bird,corpus/grimm_en/046_46-fitchers-bird.html,Gutenberg #5314 (Hunt tr.)
grimm_en:047,Brothers Grimm,en,grimm_en,047,47,The Juniper-Tree,corpus/grimm_en/047_47-the-juniper-tree.html,Gutenberg #5314 (Hunt tr.)
grimm_en:048,Brothers Grimm,en,grimm_en,048,48,Old Sultan,corpus/grimm_en/048_48-old-sultan.html,Gutenberg #5314 (Hunt tr.)
grimm_en:049,Brothers Grimm,en,grimm_en,049,49,The Six Swans,corpus/grimm_en/049_49-the-six-swans.html,Gutenberg #5314 (Hunt tr.)
grimm_en:050,Brothers Grimm,en,grimm_en,050,50,Briar-Rose,corpus/grimm_en/050_50-briar-rose.html,Gutenberg #5314 (Hunt tr.)
grimm_en:051,Brothers Grimm,en,grimm_en,051,51,Fundevogel (Bird-foundling),corpus/grimm_en/051_51-fundevogel-bird-foundling.html,Gutenberg #5314 (Hunt tr.)
grimm_en:052,Brothers Grimm,en,grimm_en,052,52,King Thrushbeard,corpus/grimm_en/052_52-king-thrushbeard.html,Gutenberg #5314 (Hunt tr.)
grimm_en:053,Brothers Grimm,en,grimm_en,053,53,Little Snow-white,corpus/grimm_en/053_53-little-snow-white.html,Gutenberg #5314 (Hunt tr.)
grimm_en:054,Brothers Grimm,en,grimm_en,054,54,"The Knapsack, the Hat, and the Horn",corpus/grimm_en/054_54-the-knapsack-the-hat-and-the-horn.html,Gutenberg #5314 (Hunt tr.)
grimm_en:055,Brothers Grimm,en,grimm_en,055,55,Rumpelstiltskin,corpus/grimm_en/055_55-rumpelstiltskin.html,Gutenberg #5314 (Hunt tr.)
grimm_en:056,Brothers Grimm,en,grimm_en,056,56,Sweetheart Roland,corpus/grimm_en/056_56-sweetheart-roland.html,Gutenberg #5314 (Hunt tr.)
grimm_en:057,Brothers Grimm,en,grimm_en,057,57,The Golden Bird,corpus/grimm_en/057_57-the-golden-bird.html,Gutenberg #5314 (Hunt tr.)
grimm_en:058,Brothers Grimm,en,grimm_en,058,58,The Dog and the Sparrow,corpus/grimm_en/058_58-the-dog-and-the-sparrow.html,Gutenberg #5314 (Hunt tr.)
grimm_en:059,Brothers Grimm,en,grimm_en,059,59,Frederick and Catherine,corpus/grimm_en/059_59-frederick-and-catherine.html,Gutenberg #5314 (Hunt tr.)
grimm_en:060,Brothers Grimm,en,grimm_en,060,60,The Two Brothers,corpus/grimm_en/060_60-the-two-brothers.html,Gutenberg #5314 (Hunt tr.)
grimm_en:061,Brothers Grimm,en,grimm_en,061,61,The Little Peasant,corpus/grimm_en/061_61-the-little-peasant.html,Gutenberg #5314 (Hunt tr.)
grimm_en:062,Brothers Grimm,en,grimm_en,062,62,The Queen Bee,corpus/grimm_en/062_62-the-queen-bee.html,Gutenberg #5314 (Hunt tr.)
grimm_en:063,Brothers Grimm,en,grimm_en,063,63,The Three Feathers,corpus/grimm_en/063_63-the-three-feathers.html,Gutenberg #5314 (Hunt tr.)
grimm_en:064,Brothers Grimm,en,grimm_en,064,64,The Golden Goose,corpus/grimm_en/064_64-the-golden-goose.html,Gutenberg #5314 (Hunt tr.)
grimm_en:065,Brothers Grimm,en,grimm_en,065,65,Allerleirauh,corpus/grimm_en/065_65-allerleirauh.html,Gutenberg #5314 (Hunt tr.)
grimm_en:066,Brothers Grimm,en,grimm_en,066,66,The Hare’s Bride,corpus/grimm_en/066_66-the-hares-bride.html,Gutenberg #5314 (Hunt tr.)
grimm_en:067,Brothers Grimm,en,grimm_en,067,67,The Twelve Huntsmen,corpus/grimm_en/067_67-the-twelve-huntsmen.html,Gutenberg #5314 (Hunt tr.)
grimm_en:068,Brothers Grimm,en,grimm_en,068,68,The Thief and his Master,corpus/grimm_en/068_68-the-thief-and-his-master.html,Gutenberg #5314 (Hunt tr.)
grimm_en:069,Brothers Grimm,en,grimm_en,069,69,Jorinda and Joringel,corpus/grimm_en/069_69-jorinda-and-joringel.html,Gutenberg #5314 (Hunt tr.)
grimm_en:070,Brothers Grimm,en,grimm_en,070,70,The Three Sons of Fortune,corpus/grimm_en/070_70-the-three-sons-of-fortune.html,Gutenberg #5314 (Hunt tr.)
grimm_en:071,Brothers Grimm,en,grimm_en,071,71,How Six Men Got on in the World,corpus/grimm_en/071_71-how-six-men-got-on-in-the-world.html,Gutenberg #5314 (Hunt tr.)
grimm_en:072,Brothers Grimm,en,grimm_en,072,72,The Wolf and the Man,corpus/grimm_en/072_72-the-wolf-and-the-man.html,Gutenberg #5314 (Hunt tr.)
grimm_en:073,Brothers Grimm,en,grimm_en,073,73,The Wolf and the Fox,corpus/grimm_en/073_73-the-wolf-and-the-fox.html,Gutenberg #5314 (Hunt tr.)
grimm_en:074,Brothers Grimm,en,grimm_en,074,74,The Fox and His Cousin,corpus/grimm_en/074_74-the-fox-and-his-cousin.html,Gutenberg #5314 (Hunt tr.)
grimm_en:075,Brothers Grimm,en,grimm_en,075,75,The Fox and the Cat,corpus/grimm_en/075_75-the-fox-and-the-cat.html,Gutenberg #5314 (Hunt tr.)
grimm_en:076,Brothers Grimm,en,grimm_en,076,76,The Pink,corpus/grimm_en/076_76-the-pink.html,Gutenberg #5314 (Hunt tr.)
grimm_en:077,Brothers Grimm,en,grimm_en,077,77,Clever Grethel,corpus/grimm_en/077_77-clever-grethel.html,Gutenberg #5314 (Hunt tr.)
grimm_en:078,Brothers Grimm,en,grimm_en,078,78,The Old Man and His Grandson,corpus/grimm_en/078_78-the-old-man-and-his-grandson.html,Gutenberg #5314 (Hunt tr.)
grimm_en:079,Brothers Grimm,en,grimm_en,079,79,The Water-Nix,corpus/grimm_en/079_79-the-water-nix.html,Gutenberg #5314 (Hunt tr.)
grimm_en:080,Brothers Grimm,en,grimm_en,080,80,The Death of the Little Hen,corpus/grimm_en/080_80-the-death-of-the-little-hen.html,Gutenberg #5314 (Hunt tr.)
grimm_en:081,Brothers Grimm,en,grimm_en,081,81,Brother Lustig,corpus/grimm_en/081_81-brother-lustig.html,Gutenberg #5314 (Hunt tr.)
grimm_en:082,Brothers Grimm,en,grimm_en,082,82,Gambling Hansel,corpus/grimm_en/082_82-gambling-hansel.html,Gutenberg #5314 (Hunt tr.)
grimm_en:083,Brothers Grimm,en,grimm_en,083,83,Hans in Luck,corpus/grimm_en/083_83-hans-in-luck.html,Gutenberg #5314 (Hunt tr.)
grimm_en:084,Brothers Grimm,en,grimm_en,084,84,Hans Married,corpus/grimm_en/084_84-hans-married.html,Gutenberg #5314 (Hunt tr.)
grimm_en:085,Brothers Grimm,en,grimm_en,085,85,The Gold-Children,corpus/grimm_en/085_85-the-gold-children.html,Gutenberg #5314 (Hunt tr.)
grimm_en:086,Brothers Grimm,en,grimm_en,086,86,The Fox and the Geese,corpus/grimm_en/086_86-the-fox-and-the-geese.html,Gutenberg #5314 (Hunt tr.)
grimm_en:087,Brothers Grimm,en,grimm_en,087,87,The Poor Man and the Rich Man,corpus/grimm_en/087_87-the-poor-man-and-the-rich-man.html,Gutenberg #5314 (Hunt tr.)
grimm_en:088,Brothers Grimm,en,grimm_en,088,88,"The Singing, Springing Lark",corpus/grimm_en/088_88-the-singing-springing-lark.html,Gutenberg #5314 (Hunt tr.)
grimm_en:089,Brothers Grimm,en,grimm_en,089,89,The Goose-Girl,corpus/grimm_en/089_89-the-goose-girl.html,Gutenberg #5314 (Hunt tr.)
grimm_en:090,Brothers Grimm,en,grimm_en,090,90,The Young Giant,corpus/grimm_en/090_90-the-young-giant.html,Gutenberg #5314 (Hunt tr.)
grimm_en:091,Brothers Grimm,en,grimm_en,091,91,The Gnome,corpus/grimm_en/091_91-the-gnome.html,Gutenberg #5314 (Hunt tr.)
grimm_en:092,Brothers Grimm,en,grimm_en,092,92,The King of the Golden Mountain,corpus/grimm_en/092_92-the-king-of-the-golden-mountain.html,Gutenberg #5314 (Hunt tr.)
grimm_en:093,Brothers Grimm,en,grimm_en,093,93,The Raven,corpus/grimm_en/093_93-the-raven.html,Gutenberg #5314 (Hunt tr.)
grimm_en:094,Brothers Grimm,en,grimm_en,094,94,The Peasant’s Wise Daughter,corpus/grimm_en/094_94-the-peasants-wise-daughter.html,Gutenberg #5314 (Hunt tr.)
grimm_en:095,Brothers Grimm,en,grimm_en,095,95,Old Hildebrand,corpus/grimm_en/095_95-old-hildebrand.html,Gutenberg #5314 (Hunt tr.)
grimm_en:096,Brothers Grimm,en,grimm_en,096,96,The Three Little Birds,corpus/grimm_en/096_96-the-three-little-birds.html,Gutenberg #5314 (Hunt tr.)
grimm_en:097,Brothers Grimm,en,grimm_en,097,97,The Water of Life,corpus/grimm_en/097_97-the-water-of-life.html,Gutenberg #5314 (Hunt tr.)
grimm_en:098,Brothers Grimm,en,grimm_en,098,98,Doctor Knowall,corpus/grimm_en/098_98-doctor-knowall.html,Gutenberg #5314 (Hunt tr.)
grimm_en:099,Brothers Grimm,en,grimm_en,099,99,The Spirit in the Bottle,corpus/grimm_en/099_99-the-spirit-in-the-bottle.html,Gutenberg #5314 (Hunt tr.)
grimm_en:100,Brothers Grimm,en,grimm_en,100,100,The Devil’s Sooty Brother,corpus/grimm_en/100_100-the-devils-sooty-brother.html,Gutenberg #5314 (Hunt tr.)
grimm_en:101,Brothers Grimm,en,grimm_en,101,101,Bearskin,corpus/grimm_en/101_101-bearskin.html,Gutenberg #5314 (Hunt tr.)
grimm_en:102,Brothers Grimm,en,grimm_en,102,102,The Willow-Wren and the Bear,corpus/grimm_en/102_102-the-willow-wren-and-the-bear.html,Gutenberg #5314 (Hunt tr.)
grimm_en:103,Brothers Grimm,en,grimm_en,103,103,Sweet Porridge,corpus/grimm_en/103_103-sweet-porridge.html,Gutenberg #5314 (Hunt tr.)
grimm_en:104,Brothers Grimm,en,grimm_en,104,104,Wise Folks,corpus/grimm_en/104_104-wise-folks.html,Gutenberg #5314 (Hunt tr.)
grimm_en:105,Brothers Grimm,en,grimm_en,105,105,Stories about Snakes,corpus/grimm_en/105_105-stories-about-snakes.html,Gutenberg #5314 (Hunt tr.)
grimm_en:106,Brothers Grimm,en,grimm_en,106,106,The Poor Miller’s Boy and the Cat,corpus/grimm_en/106_106-the-poor-millers-boy-and-the-cat.html,Gutenberg #5314 (Hunt tr.)
grimm_en:107,Brothers Grimm,en,grimm_en,107,107,The Two Travellers,corpus/grimm_en/107_107-the-two-travellers.html,Gutenberg #5314 (Hunt tr.)
grimm_en:108,Brothers Grimm,en,grimm_en,108,108,Hans the Hedgehog,corpus/grimm_en/108_108-hans-the-hedgehog.html,Gutenberg #5314 (Hunt tr.)
grimm_en:109,Brothers Grimm,en,grimm_en,109,109,The Shroud,corpus/grimm_en/109_109-the-shroud.html,Gutenberg #5314 (Hunt tr.)
grimm_en:110,Brothers Grimm,en,grimm_en,110,110,The Jew Among Thorns,corpus/grimm_en/110_110-the-jew-among-thorns.html,Gutenberg #5314 (Hunt tr.)
grimm_en:111,Brothers Grimm,en,grimm_en,111,111,The Skilful Huntsman,corpus/grimm_en/111_111-the-skilful-huntsman.html,Gutenberg #5314 (Hunt tr.)
grimm_en:112,Brothers Grimm,en,grimm_en,112,112,The Flail From Heaven,corpus/grimm_en/112_112-the-flail-from-heaven.html,Gutenberg #5314 (Hunt tr.)
grimm_en:113,Brothers Grimm,en,grimm_en,113,113,The Two Kings’ Children,corpus/grimm_en/113_113-the-two-kings-children.html,Gutenberg #5314 (Hunt tr.)
grimm_en:114,Brothers Grimm,en,grimm_en,114,114,The Cunning Little Tailor,corpus/grimm_en/114_114-the-cunning-little-tailor.html,Gutenberg #5314 (Hunt tr.)
grimm_en:115,Brothers Grimm,en,grimm_en,115,115,The Bright Sun Brings It to Light,corpus/grimm_en/115_115-the-bright-sun-brings-it-to-light.html,Gutenberg #5314 (Hunt tr.)
grimm_en:116,Brothers Grimm,en,grimm_en,116,116,The Blue Light,corpus/grimm_en/116_116-the-blue-light.html,Gutenberg #5314 (Hunt tr.)
grimm_en:117,Brothers Grimm,en,grimm_en,117,117,The Wilful Child,corpus/grimm_en/117_117-the-wilful-child.html,Gutenberg #5314 (Hunt tr.)
grimm_en:118,Brothers Grimm,en,grimm_en,118,118,The Three Army-Surgeons,corpus/grimm_en/118_118-the-three-army-surgeons.html,Gutenberg #5314 (Hunt tr.)
grimm_en:119,Brothers Grimm,en,grimm_en,119,119,The Seven Swabians,corpus/grimm_en/119_119-the-seven-swabians.html,Gutenberg #5314 (Hunt tr.)
grimm_en:120,Brothers Grimm,en,grimm_en,120,120,The Three Apprentices,corpus/grimm_en/120_120-the-three-apprentices.html,Gutenberg #5314 (Hunt tr.)
grimm_en:121,Brothers Grimm,en,grimm_en,121,121,The King’s Son Who Feared Nothing,corpus/grimm_en/121_121-the-kings-son-who-feared-nothing.html,Gutenberg #5314 (Hunt tr.)
grimm_en:122,Brothers Grimm,en,grimm_en,122,122,Donkey Cabbages,corpus/grimm_en/122_122-donkey-cabbages.html,Gutenberg #5314 (Hunt tr.)
grimm_en:123,Brothers Grimm,en,grimm_en,123,123,The Old Woman in the Wood,corpus/grimm_en/123_123-the-old-woman-in-the-wood.html,Gutenberg #5314 (Hunt tr.)
grimm_en:124,Brothers Grimm,en,grimm_en,124,124,The Three Brothers,corpus/grimm_en/124_124-the-three-brothers.html,Gutenberg #5314 (Hunt tr.)
grimm_en:125,Brothers Grimm,en,grimm_en,125,125,The Devil and his Grandmother,corpus/grimm_en/125_125-the-devil-and-his-grandmother.html,Gutenberg #5314 (Hunt tr.)
grimm_en:126,Brothers Grimm,en,grimm_en,126,126,Ferdinand the Faithful,corpus/grimm_en/126_126-ferdinand-the-faithful.html,Gutenberg #5314 (Hunt tr.)
grimm_en:127,Brothers Grimm,en,grimm_en,127,127,The Iron Stove,corpus/grimm_en/127_127-the-iron-stove.html,Gutenberg #5314 (Hunt tr.)
grimm_en:128,Brothers Grimm,en,grimm_en,128,128,The Lazy Spinner,corpus/grimm_en/128_128-the-lazy-spinner.html,Gutenberg #5314 (Hunt tr.)
grimm_en:129,Brothers Grimm,en,grimm_en,129,129,The Four Skilful Brothers,corpus/grimm_en/129_129-the-four-skilful-brothers.html,Gutenberg #5314 (Hunt tr.)
grimm_en:130,Brothers Grimm,en,grimm_en,130,130,"One-eye, Two-eyes, and Three-eyes",corpus/grimm_en/130_130-one-eye-two-eyes-and-three-eyes.html,Gutenberg #5314 (Hunt tr.)
grimm_en:131,Brothers Grimm,en,grimm_en,131,131,Fair Katrinelje and Pif-Paf-Poltrie,corpus/grimm_en/131_131-fair-katrinelje-and-pif-paf-poltrie.html,Gutenberg #5314 (Hunt tr.)
grimm_en:132,Brothers Grimm,en,grimm_en,132,132,The Fox and the Horse,corpus/grimm_en/132_132-the-fox-and-the-horse.html,Gutenberg #5314 (Hunt tr.)
grimm_en:133,Brothers Grimm,en,grimm_en,133,133,The Shoes That Were Danced to Pieces,corpus/grimm_en/133_133-the-shoes-that-were-danced-to-pieces.html,Gutenberg #5314 (Hunt tr.)
grimm_en:134,Brothers Grimm,en,grimm_en,134,134,The Six Servants,corpus/grimm_en/134_134-the-six-servants.html,Gutenberg #5314 (Hunt tr.)
grimm_en:135,Brothers Grimm,en,grimm_en,135,135,The White Bride and the Black One,corpus/grimm_en/135_135-the-white-bride-and-the-black-one.html,Gutenberg #5314 (Hunt tr.)
grimm_en:136,Brothers Grimm,en,grimm_en,136,136,Iron John,corpus/grimm_en/136_136-iron-john.html,Gutenberg #5314 (Hunt tr.)
grimm_en:137,Brothers Grimm,en,grimm_en,137,137,The Three Black Princesses,corpus/grimm_en/137_137-the-three-black-princesses.html,Gutenberg #5314 (Hunt tr.)
grimm_en:138,Brothers Grimm,en,grimm_en,138,138,Knoist and his Three Sons,corpus/grimm_en/138_138-knoist-and-his-three-sons.html,Gutenberg #5314 (Hunt tr.)
grimm_en:139,Brothers Grimm,en,grimm_en,139,139,The Maid of Brakel,corpus/grimm_en/139_139-the-maid-of-brakel.html,Gutenberg #5314 (Hunt tr.)
grimm_en:140,Brothers Grimm,en,grimm_en,140,140,Domestic Servants,corpus/grimm_en/140_140-domestic-servants.html,Gutenberg #5314 (Hunt tr.)
grimm_en:141,Brothers Grimm,en,grimm_en,141,141,The Lambkin and the Little Fish,corpus/grimm_en/141_141-the-lambkin-and-the-little-fish.html,Gutenberg #5314 (Hunt tr.)
grimm_en:142,Brothers Grimm,en,grimm_en,142,142,Simeli Mountain,corpus/grimm_en/142_142-simeli-mountain.html,Gutenberg #5314 (Hunt tr.)
grimm_en:143,Brothers Grimm,en,grimm_en,143,143,Going A-Travelling,corpus/grimm_en/143_143-going-a-travelling.html,Gutenberg #5314 (Hunt tr.)
grimm_en:144,Brothers Grimm,en,grimm_en,144,144,The Donkey,corpus/grimm_en/144_144-the-donkey.html,Gutenberg #5314 (Hunt tr.)
grimm_en:145,Brothers Grimm,en,grimm_en,145,145,The Ungrateful Son,corpus/grimm_en/145_145-the-ungrateful-son.html,Gutenberg #5314 (Hunt tr.)
grimm_en:146,Brothers Grimm,en,grimm_en,146,146,The Turnip,corpus/grimm_en/146_146-the-turnip.html,Gutenberg #5314 (Hunt tr.)
grimm_en:147,Brothers Grimm,en,grimm_en,147,147,The Old Man Made Young Again,corpus/grimm_en/147_147-the-old-man-made-young-again.html,Gutenberg #5314 (Hunt tr.)
grimm_en:148,Brothers Grimm,en,grimm_en,148,148,The Lord’s Animals and the Devil’s,corpus/grimm_en/148_148-the-lords-animals-and-the-devils.html,Gutenberg #5314 (Hunt tr.)
grimm_en:149,Brothers Grimm,en,grimm_en,149,149,The Beam,corpus/grimm_en/149_149-the-beam.html,Gutenberg #5314 (Hunt tr.)
grimm_en:150,Brothers Grimm,en,grimm_en,150,150,The Old Beggar-Woman,corpus/grimm_en/150_150-the-old-beggar-woman.html,Gutenberg #5314 (Hunt tr.)
grimm_en:151,Brothers Grimm,en,grimm_en,151,151,The Three Sluggards,corpus/grimm_en/151_151-the-three-sluggards.html,Gutenberg #5314 (Hunt tr.)
grimm_en:152,Brothers Grimm,en,grimm_en,152,152,The Shepherd Boy,corpus/grimm_en/152_152-the-shepherd-boy.html,Gutenberg #5314 (Hunt tr.)
grimm_en:153,Brothers Grimm,en,grimm_en,153,153,The Star-Money,corpus/grimm_en/153_153-the-star-money.html,Gutenberg #5314 (Hunt tr.)
grimm_en:154,Brothers Grimm,en,grimm_en,154,154,The Stolen Farthings,corpus/grimm_en/154_154-the-stolen-farthings.html,Gutenberg #5314 (Hunt tr.)
grimm_en:155,Brothers Grimm,en,grimm_en,155,155,Brides On Their Trial,corpus/grimm_en/155_155-brides-on-their-trial.html,Gutenberg #5314 (Hunt tr.)
grimm_en:156,Brothers Grimm,en,grimm_en,156,156,Odds And Ends,corpus/grimm_en/156_156-odds-and-ends.html,Gutenberg #5314 (Hunt tr.)
grimm_en:157,Brothers Grimm,en,grimm_en,157,157,The Sparrow And His Four Children,corpus/grimm_en/157_157-the-sparrow-and-his-four-children.html,Gutenberg #5314 (Hunt tr.)
grimm_en:158,Brothers Grimm,en,grimm_en,158,158,The Story of Schlauraffen Land,corpus/grimm_en/158_158-the-story-of-schlauraffen-land.html,Gutenberg #5314 (Hunt tr.)
grimm_en:159,Brothers Grimm,en,grimm_en,159,159,The Ditmarsch Tale of Wonders,corpus/grimm_en/159_159-the-ditmarsch-tale-of-wonders.html,Gutenberg #5314 (Hunt tr.)
grimm_en:160,Brothers Grimm,en,grimm_en,160,160,A Riddling Tale,corpus/grimm_en/160_160-a-riddling-tale.html,Gutenberg #5314 (Hunt tr.)
grimm_en:161,Brothers Grimm,en,grimm_en,161,161,Snow-White and Rose-Red,corpus/grimm_en/161_161-snow-white-and-rose-red.html,Gutenberg #5314 (Hunt tr.)
grimm_en:162,Brothers Grimm,en,grimm_en,162,162,The Wise Servant,corpus/grimm_en/162_162-the-wise-servant.html,Gutenberg #5314 (Hunt tr.)
grimm_en:163,Brothers Grimm,en,grimm_en,163,163,The Glass Coffin,corpus/grimm_en/163_163-the-glass-coffin.html,Gutenberg #5314 (Hunt tr.)
grimm_en:164,Brothers Grimm,en,grimm_en,164,164,Lazy Harry,corpus/grimm_en/164_164-lazy-harry.html,Gutenberg #5314 (Hunt tr.)
grimm_en:165,Brothers Grimm,en,grimm_en,165,165,The Griffin,corpus/grimm_en/165_165-the-griffin.html,Gutenberg #5314 (Hunt tr.)
grimm_en:166,Brothers Grimm,en,grimm_en,166,166,Strong Hans,corpus/grimm_en/166_166-strong-hans.html,Gutenberg #5314 (Hunt tr.)
grimm_en:167,Brothers Grimm,en,grimm_en,167,167,The Peasant in Heaven,corpus/grimm_en/167_167-the-peasant-in-heaven.html,Gutenberg #5314 (Hunt tr.)
grimm_en:168,Brothers Grimm,en,grimm_en,168,168,Lean Lisa,corpus/grimm_en/168_168-lean-lisa.html,Gutenberg #5314 (Hunt tr.)
grimm_en:169,Brothers Grimm,en,grimm_en,169,169,The Hut in the Forest,corpus/grimm_en/169_169-the-hut-in-the-forest.html,Gutenberg #5314 (Hunt tr.)
grimm_en:170,Brothers Grimm,en,grimm_en,170,170,Sharing Joy and Sorrow,corpus/grimm_en/170_170-sharing-joy-and-sorrow.html,Gutenberg #5314 (Hunt tr.)
grimm_en:171,Brothers Grimm,en,grimm_en,171,171,The Willow-Wren,corpus/grimm_en/171_171-the-willow-wren.html,Gutenberg #5314 (Hunt tr.)
grimm_en:172,Brothers Grimm,en,grimm_en,172,172,The Sole,corpus/grimm_en/172_172-the-sole.html,Gutenberg #5314 (Hunt tr.)
grimm_en:173,Brothers Grimm,en,grimm_en,173,173,The Bittern and the Hoopoe,corpus/grimm_en/173_173-the-bittern-and-the-hoopoe.html,Gutenberg #5314 (Hunt tr.)
grimm_en:174,Brothers Grimm,en,grimm_en,174,174,The Owl,corpus/grimm_en/174_174-the-owl.html,Gutenberg #5314 (Hunt tr.)
grimm_en:175,Brothers Grimm,en,grimm_en,175,175,The Moon,corpus/grimm_en/175_175-the-moon.html,Gutenberg #5314 (Hunt tr.)
grimm_en:176,Brothers Grimm,en,grimm_en,176,176,The Duration of Life,corpus/grimm_en/176_176-the-duration-of-life.html,Gutenberg #5314 (Hunt tr.)
grimm_en:177,Brothers Grimm,en,grimm_en,177,177,Death’s Messengers,corpus/grimm_en/177_177-deaths-messengers.html,Gutenberg #5314 (Hunt tr.)
grimm_en:178,Brothers Grimm,en,grimm_en,178,178,Master Pfriem (Master Cobbler’s Awl),corpus/grimm_en/178_178-master-pfriem-master-cobblers-awl.html,Gutenberg #5314 (Hunt tr.)
grimm_en:179,Brothers Grimm,en,grimm_en,179,179,The Goose-Girl at the Well,corpus/grimm_en/179_179-the-goose-girl-at-the-well.html,Gutenberg #5314 (Hunt tr.)
grimm_en:180,Brothers Grimm,en,grimm_en,180,180,Eve’s Various Children,corpus/grimm_en/180_180-eves-various-children.html,Gutenberg #5314 (Hunt tr.)
grimm_en:181,Brothers Grimm,en,grimm_en,181,181,The Nix of the Mill-Pond,corpus/grimm_en/181_181-the-nix-of-the-mill-pond.html,Gutenberg #5314 (Hunt tr.)
grimm_en:182,Brothers Grimm,en,grimm_en,182,182,The Little Folks’ Presents,corpus/grimm_en/182_182-the-little-folks-presents.html,Gutenberg #5314 (Hunt tr.)
grimm_en:183,Brothers Grimm,en,grimm_en,183,183,The Giant and the Tailor,corpus/grimm_en/183_183-the-giant-and-the-tailor.html,Gutenberg #5314 (Hunt tr.)
grimm_en:184,Brothers Grimm,en,grimm_en,184,184,The Nail,corpus/grimm_en/184_184-the-nail.html,Gutenberg #5314 (Hunt tr.)
grimm_en:185,Brothers Grimm,en,grimm_en,185,185,The Poor Boy in the Grave,corpus/grimm_en/185_185-the-poor-boy-in-the-grave.html,Gutenberg #5314 (Hunt tr.)
grimm_en:186,Brothers Grimm,en,grimm_en,186,186,The True Sweethearts,corpus/grimm_en/186_186-the-true-sweethearts.html,Gutenberg #5314 (Hunt tr.)
grimm_en:187,Brothers Grimm,en,grimm_en,187,187,The Hare and the Hedgehog,corpus/grimm_en/187_187-the-hare-and-the-hedgehog.html,Gutenberg #5314 (Hunt tr.)
grimm_en:188,Brothers Grimm,en,grimm_en,188,188,"The Spindle, The Shuttle, and the Needle",corpus/grimm_en/188_188-the-spindle-the-shuttle-and-the-needle.html,Gutenberg #5314 (Hunt tr.)
grimm_en:189,Brothers Grimm,en,grimm_en,189,189,The Peasant and the Devil,corpus/grimm_en/189_189-the-peasant-and-the-devil.html,Gutenberg #5314 (Hunt tr.)
grimm_en:190,Brothers Grimm,en,grimm_en,190,190,The Crumbs on the Table,corpus/grimm_en/190_190-the-crumbs-on-the-table.html,Gutenberg #5314 (Hunt tr.)
grimm_en:191,Brothers Grimm,en,grimm_en,191,191,The Sea-Hare,corpus/grimm_en/191_191-the-sea-hare.html,Gutenberg #5314 (Hunt tr.)
grimm_en:192,Brothers Grimm,en,grimm_en,192,192,The Master-Thief,corpus/grimm_en/192_192-the-master-thief.html,Gutenberg #5314 (Hunt tr.)
grimm_en:193,Brothers Grimm,en,grimm_en,193,193,The Drummer,corpus/grimm_en/193_193-the-drummer.html,Gutenberg #5314 (Hunt tr.)
grimm_en:194,Brothers Grimm,en,grimm_en,194,194,The Ear of Corn,corpus/grimm_en/194_194-the-ear-of-corn.html,Gutenberg #5314 (Hunt tr.)
grimm_en:195,Brothers Grimm,en,grimm_en,195,195,The Grave-Mound,corpus/grimm_en/195_195-the-grave-mound.html,Gutenberg #5314 (Hunt tr.)
grimm_en:196,Brothers Grimm,en,grimm_en,196,196,Old Rinkrank,corpus/grimm_en/196_196-old-rinkrank.html,Gutenberg #5314 (Hunt tr.)
grimm_en:197,Brothers Grimm,en,grimm_en,197,197,The Crystal Ball,corpus/grimm_en/197_197-the-crystal-ball.html,Gutenberg #5314 (Hunt tr.)
grimm_en:198,Brothers Grimm,en,grimm_en,198,198,Maid Maleen,corpus/grimm_en/198_198-maid-maleen.html,Gutenberg #5314 (Hunt tr.)
grimm_en:199,Brothers Grimm,en,grimm_en,199,199,The Boots of Buffalo-Leather,corpus/grimm_en/199_199-the-boots-of-buffalo-leather.html,Gutenberg #5314 (Hunt tr.)
grimm_en:200,Brothers Grimm,en,grimm_en,200,200,The Golden Key,corpus/grimm_en/200_200-the-golden-key.html,Gutenberg #5314 (Hunt tr.)
grimm_en:201,Brothers Grimm,en,grimm_en,201,L1,St. Joseph in the Forest,corpus/grimm_en/201_legend-1-st-joseph-in-the-forest.html,Gutenberg #5314 (Hunt tr.)
grimm_en:202,Brothers Grimm,en,grimm_en,202,L2,The Twelve Apostles,corpus/grimm_en/202_legend-2-the-twelve-apostles.html,Gutenberg #5314 (Hunt tr.)
grimm_en:203,Brothers Grimm,en,grimm_en,203,L3,The Rose,corpus/grimm_en/203_legend-3-the-rose.html,Gutenberg #5314 (Hunt tr.)
grimm_en:204,Brothers Grimm,en,grimm_en,204,L4,Poverty and Humility Lead to Heaven,corpus/grimm_en/204_legend-4-poverty-and-humility-lead-to-heaven.html,Gutenberg #5314 (Hunt tr.)
grimm_en:205,Brothers Grimm,en,grimm_en,205,L5,God’s Food,corpus/grimm_en/205_legend-5-gods-food.html,Gutenberg #5314 (Hunt tr.)
grimm_en:206,Brothers Grimm,en,grimm_en,206,L6,The Three Green Twigs,corpus/grimm_en/206_legend-6-the-three-green-twigs.html,Gutenberg #5314 (Hunt tr.)
grimm_en:207,Brothers Grimm,en,grimm_en,207,L7,Our Lady’s Little Glass,corpus/grimm_en/207_legend-7-our-ladys-little-glass.html,Gutenberg #5314 (Hunt tr.)
grimm_en:208,Brothers Grimm,en,grimm_en,208,L8,The Aged Mother,corpus/grimm_en/208_legend-8-the-aged-mother.html,Gutenberg #5314 (Hunt tr.)
grimm_en:209,Brothers Grimm,en,grimm_en,209,L9,The Heavenly Wedding,corpus/grimm_en/209_legend-9-the-heavenly-wedding.html,Gutenberg #5314 (Hunt tr.)
grimm_en:210,Brothers Grimm,en,grimm_en,210,L10,The Hazel-Branch,corpus/grimm_en/210_legend-10-the-hazel-branch.html,Gutenberg #5314 (Hunt tr.)
japanese_ozaki_en:001,Yei Theodora Ozaki,en,japanese_ozaki_en,001,,MY LORD BAG OF RICE,corpus/japanese_ozaki_en/001_my-lord-bag-of-rice.html,"Gutenberg #4018 (Japanese Fairy Tales, 1908)"
japanese_ozaki_en:002,Yei Theodora Ozaki,en,japanese_ozaki_en,002,,THE TONGUE-CUT SPARROW,corpus/japanese_ozaki_en/002_the-tongue-cut-sparrow.html,"Gutenberg #4018 (Japanese Fairy Tales, 1908)"
japanese_ozaki_en:003,Yei Theodora Ozaki,en,japanese_ozaki_en,003,,"THE STORY OF URASHIMA TARO, THE FISHER LAD",corpus/japanese_ozaki_en/003_the-story-of-urashima-taro-the-fisher-lad.html,"Gutenberg #4018 (Japanese Fairy Tales, 1908)"
japanese_ozaki_en:004,Yei Theodora Ozaki,en,japanese_ozaki_en,004,,THE FARMER AND THE BADGER,corpus/japanese_ozaki_en/004_the-farmer-and-the-badger.html,"Gutenberg #4018 (Japanese Fairy Tales, 1908)"
japanese_ozaki_en:005,Yei Theodora Ozaki,en,japanese_ozaki_en,005,,"THE “SHINANSHA,” OR THE SOUTH POINTING CARRIAGE",corpus/japanese_ozaki_en/005_the-shinansha-or-the-south-pointing-carriage.html,"Gutenberg #4018 (Japanese Fairy Tales, 1908)"
japanese_ozaki_en:006,Yei Theodora Ozaki,en,japanese_ozaki_en,006,,"THE ADVENTURES OF KINTARO, THE GOLDEN BOY",corpus/japanese_ozaki_en/006_the-adventures-of-kintaro-the-golden-boy.html,"Gutenberg #4018 (Japanese Fairy Tales, 1908)"
japanese_ozaki_en:007,Yei Theodora Ozaki,en,japanese_ozaki_en,007,,THE STORY OF PRINCESS HASE. A STORY OF OLD JAPAN,corpus/japanese_ozaki_en/007_the-story-of-princess-hase-a-story-of-old-japan.html,"Gutenberg #4018 (Japanese Fairy Tales, 1908)"
japanese_ozaki_en:008,Yei Theodora Ozaki,en,japanese_ozaki_en,008,,THE STORY OF THE MAN WHO DID NOT WISH TO DIE,corpus/japanese_ozaki_en/008_the-story-of-the-man-who-did-not-wish-to-die.html,"Gutenberg #4018 (Japanese Fairy Tales, 1908)"
japanese_ozaki_en:009,Yei Theodora Ozaki,en,japanese_ozaki_en,009,,THE BAMBOO-CUTTER AND THE MOON-CHILD,corpus/japanese_ozaki_en/009_the-bamboo-cutter-and-the-moon-child.html,"Gutenberg #4018 (Japanese Fairy Tales, 1908)"
japanese_ozaki_en:010,Yei Theodora Ozaki,en,japanese_ozaki_en,010,,THE MIRROR OF MATSUYAMA A STORY OF OLD JAPAN,corpus/japanese_ozaki_en/010_the-mirror-of-matsuyama-a-story-of-old-japan.html,"Gutenberg #4018 (Japanese Fairy Tales, 1908)"
japanese_ozaki_en:011,Yei Theodora Ozaki,en,japanese_ozaki_en,011,,THE GOBLIN OF ADACHIGAHARA,corpus/japanese_ozaki_en/011_the-goblin-of-adachigahara.html,"Gutenberg #4018 (Japanese Fairy Tales, 1908)"
japanese_ozaki_en:012,Yei Theodora Ozaki,en,japanese_ozaki_en,012,,THE SAGACIOUS MONKEY AND THE BOAR,corpus/japanese_ozaki_en/012_the-sagacious-monkey-and-the-boar.html,"Gutenberg #4018 (Japanese Fairy Tales, 1908)"
japanese_ozaki_en:013,Yei Theodora Ozaki,en,japanese_ozaki_en,013,,THE HAPPY HUNTER AND THE SKILLFUL FISHER,corpus/japanese_ozaki_en/013_the-happy-hunter-and-the-skillful-fisher.html,"Gutenberg #4018 (Japanese Fairy Tales, 1908)"
japanese_ozaki_en:014,Yei Theodora Ozaki,en,japanese_ozaki_en,014,,THE STORY OF THE OLD MAN WHO MADE WITHERED TREES TO FLOWER,corpus/japanese_ozaki_en/014_the-story-of-the-old-man-who-made-withered-trees-to-flower.html,"Gutenberg #4018 (Japanese Fairy Tales, 1908)"
japanese_ozaki_en:015,Yei Theodora Ozaki,en,japanese_ozaki_en,015,,THE JELLY FISH AND THE MONKEY,corpus/japanese_ozaki_en/015_the-jelly-fish-and-the-monkey.html,"Gutenberg #4018 (Japanese Fairy Tales, 1908)"
japanese_ozaki_en:016,Yei Theodora Ozaki,en,japanese_ozaki_en,016,,THE QUARREL OF THE MONKEY AND THE CRAB,corpus/japanese_ozaki_en/016_the-quarrel-of-the-monkey-and-the-crab.html,"Gutenberg #4018 (Japanese Fairy Tales, 1908)"
japanese_ozaki_en:017,Yei Theodora Ozaki,en,japanese_ozaki_en,017,,THE WHITE HARE AND THE CROCODILES,corpus/japanese_ozaki_en/017_the-white-hare-and-the-crocodiles.html,"Gutenberg #4018 (Japanese Fairy Tales, 1908)"
japanese_ozaki_en:018,Yei Theodora Ozaki,en,japanese_ozaki_en,018,,THE STORY OF PRINCE YAMATO TAKE,corpus/japanese_ozaki_en/018_the-story-of-prince-yamato-take.html,"Gutenberg #4018 (Japanese Fairy Tales, 1908)"
japanese_ozaki_en:019,Yei Theodora Ozaki,en,japanese_ozaki_en,019,,"MOMOTARO, OR THE STORY OF THE SON OF A PEACH",corpus/japanese_ozaki_en/019_momotaro-or-the-story-of-the-son-of-a-peach.html,"Gutenberg #4018 (Japanese Fairy Tales, 1908)"
japanese_ozaki_en:020,Yei Theodora Ozaki,en,japanese_ozaki_en,020,,THE OGRE OF RASHOMON,corpus/japanese_ozaki_en/020_the-ogre-of-rashomon.html,"Gutenberg #4018 (Japanese Fairy Tales, 1908)"
japanese_ozaki_en:021,Yei Theodora Ozaki,en,japanese_ozaki_en,021,,HOW AN OLD MAN LOST HIS WEN,corpus/japanese_ozaki_en/021_how-an-old-man-lost-his-wen.html,"Gutenberg #4018 (Japanese Fairy Tales, 1908)"
japanese_ozaki_en:022,Yei Theodora Ozaki,en,japanese_ozaki_en,022,,THE STONES OF FIVE COLORS AND THE EMPRESS JOKWA. AN OLD CHINESE STORY,corpus/japanese_ozaki_en/022_the-stones-of-five-colors-and-the-empress-jokwa-an-old-chinese-story.html,"Gutenberg #4018 (Japanese Fairy Tales, 1908)"
japanese_james_en:001,Grace James,en,japanese_james_en,001,,GREEN WILLOW,corpus/japanese_james_en/001_green-willow.html,"Gutenberg #35853 (Green Willow, 1910)"
japanese_james_en:002,Grace James,en,japanese_james_en,002,,THE FLUTE,corpus/japanese_james_en/002_the-flute.html,"Gutenberg #35853 (Green Willow, 1910)"
japanese_james_en:003,Grace James,en,japanese_james_en,003,,THE TEA-KETTLE,corpus/japanese_james_en/003_the-tea-kettle.html,"Gutenberg #35853 (Green Willow, 1910)"
japanese_james_en:004,Grace James,en,japanese_james_en,004,,THE PEONY LANTERN,corpus/japanese_james_en/004_the-peony-lantern.html,"Gutenberg #35853 (Green Willow, 1910)"
japanese_james_en:005,Grace James,en,japanese_james_en,005,,THE SEA KING AND THE MAGIC JEWELS,corpus/japanese_james_en/005_the-sea-king-and-the-magic-jewels.html,"Gutenberg #35853 (Green Willow, 1910)"
japanese_james_en:006,Grace James,en,japanese_james_en,006,,THE GOOD THUNDER,corpus/japanese_james_en/006_the-good-thunder.html,"Gutenberg #35853 (Green Willow, 1910)"
japanese_james_en:007,Grace James,en,japanese_james_en,007,,THE BLACK BOWL,corpus/japanese_james_en/007_the-black-bowl.html,"Gutenberg #35853 (Green Willow, 1910)"
japanese_james_en:008,Grace James,en,japanese_james_en,008,,THE STAR LOVERS,corpus/japanese_james_en/008_the-star-lovers.html,"Gutenberg #35853 (Green Willow, 1910)"
japanese_james_en:009,Grace James,en,japanese_james_en,009,,HORAIZAN,corpus/japanese_james_en/009_horaizan.html,"Gutenberg #35853 (Green Willow, 1910)"
japanese_james_en:010,Grace James,en,japanese_james_en,010,,REFLECTIONS,corpus/japanese_james_en/010_reflections.html,"Gutenberg #35853 (Green Willow, 1910)"
japanese_james_en:011,Grace James,en,japanese_james_en,011,,"THE STORY OF SUSA, THE IMPETUOUS",corpus/japanese_james_en/011_the-story-of-susa-the-impetuous.html,"Gutenberg #35853 (Green Willow, 1910)"
japanese_james_en:012,Grace James,en,japanese_james_en,012,,THE WIND IN THE PINE TREE,corpus/japanese_james_en/012_the-wind-in-the-pine-tree.html,"Gutenberg #35853 (Green Willow, 1910)"
japanese_james_en:013,Grace James,en,japanese_james_en,013,,FLOWER OF THE PEONY,corpus/japanese_james_en/013_flower-of-the-peony.html,"Gutenberg #35853 (Green Willow, 1910)"
japanese_james_en:014,Grace James,en,japanese_james_en,014,,THE MALLET,corpus/japanese_james_en/014_the-mallet.html,"Gutenberg #35853 (Green Willow, 1910)"
japanese_james_en:015,Grace James,en,japanese_james_en,015,,THE BELL OF DŌJŌJI,corpus/japanese_james_en/015_the-bell-of-d-j-ji.html,"Gutenberg #35853 (Green Willow, 1910)"
japanese_james_en:016,Grace James,en,japanese_james_en,016,,THE MAIDEN OF UNAI,corpus/japanese_james_en/016_the-maiden-of-unai.html,"Gutenberg #35853 (Green Willow, 1910)"
japanese_james_en:017,Grace James,en,japanese_james_en,017,,THE ROBE OF FEATHERS,corpus/japanese_james_en/017_the-robe-of-feathers.html,"Gutenberg #35853 (Green Willow, 1910)"
japanese_james_en:018,Grace James,en,japanese_james_en,018,,THE SINGING BIRD OF HEAVEN,corpus/japanese_james_en/018_the-singing-bird-of-heaven.html,"Gutenberg #35853 (Green Willow, 1910)"
japanese_james_en:019,Grace James,en,japanese_james_en,019,,THE COLD LADY,corpus/japanese_james_en/019_the-cold-lady.html,"Gutenberg #35853 (Green Willow, 1910)"
japanese_james_en:020,Grace James,en,japanese_james_en,020,,THE FIRE QUEST,corpus/japanese_james_en/020_the-fire-quest.html,"Gutenberg #35853 (Green Willow, 1910)"
japanese_james_en:021,Grace James,en,japanese_james_en,021,,A LEGEND OF KWANNON,corpus/japanese_james_en/021_a-legend-of-kwannon.html,"Gutenberg #35853 (Green Willow, 1910)"
japanese_james_en:022,Grace James,en,japanese_james_en,022,,THE ESPOUSAL OF THE RAT’S DAUGHTER,corpus/japanese_james_en/022_the-espousal-of-the-rats-daughter.html,"Gutenberg #35853 (Green Willow, 1910)"
japanese_james_en:023,Grace James,en,japanese_james_en,023,,THE LAND OF YOMI,corpus/japanese_james_en/023_the-land-of-yomi.html,"Gutenberg #35853 (Green Willow, 1910)"
japanese_james_en:024,Grace James,en,japanese_james_en,024,,THE SPRING LOVER AND THE AUTUMN LOVER,corpus/japanese_james_en/024_the-spring-lover-and-the-autumn-lover.html,"Gutenberg #35853 (Green Willow, 1910)"
japanese_james_en:025,Grace James,en,japanese_james_en,025,,THE STRANGE STORY OF THE GOLDEN COMB,corpus/japanese_james_en/025_the-strange-story-of-the-golden-comb.html,"Gutenberg #35853 (Green Willow, 1910)"
japanese_james_en:026,Grace James,en,japanese_james_en,026,,THE JELLY-FISH TAKES A JOURNEY,corpus/japanese_james_en/026_the-jelly-fish-takes-a-journey.html,"Gutenberg #35853 (Green Willow, 1910)"
japanese_james_en:027,Grace James,en,japanese_james_en,027,,URASHIMA,corpus/japanese_james_en/027_urashima.html,"Gutenberg #35853 (Green Willow, 1910)"
japanese_james_en:028,Grace James,en,japanese_james_en,028,,"TAMAMO, THE FOX MAIDEN",corpus/japanese_james_en/028_tamamo-the-fox-maiden.html,"Gutenberg #35853 (Green Willow, 1910)"
japanese_james_en:029,Grace James,en,japanese_james_en,029,,MOMOTARO,corpus/japanese_james_en/029_momotaro.html,"Gutenberg #35853 (Green Willow, 1910)"
japanese_james_en:030,Grace James,en,japanese_james_en,030,,THE MATSUYAMA MIRROR,corpus/japanese_james_en/030_the-matsuyama-mirror.html,"Gutenberg #35853 (Green Willow, 1910)"
japanese_james_en:031,Grace James,en,japanese_james_en,031,,BROKEN IMAGES,corpus/japanese_james_en/031_broken-images.html,"Gutenberg #35853 (Green Willow, 1910)"
japanese_james_en:032,Grace James,en,japanese_james_en,032,,THE TONGUE-CUT SPARROW,corpus/japanese_james_en/032_the-tongue-cut-sparrow.html,"Gutenberg #35853 (Green Willow, 1910)"
japanese_james_en:033,Grace James,en,japanese_james_en,033,,THE NURSE,corpus/japanese_james_en/033_the-nurse.html,"Gutenberg #35853 (Green Willow, 1910)"
japanese_james_en:034,Grace James,en,japanese_james_en,034,,THE BEAUTIFUL DANCER OF YEDO,corpus/japanese_james_en/034_the-beautiful-dancer-of-yedo.html,"Gutenberg #35853 (Green Willow, 1910)"
japanese_james_en:035,Grace James,en,japanese_james_en,035,,HANA-SAKA-JIJI,corpus/japanese_james_en/035_hana-saka-jiji.html,"Gutenberg #35853 (Green Willow, 1910)"
japanese_james_en:036,Grace James,en,japanese_james_en,036,,THE MOON MAIDEN,corpus/japanese_james_en/036_the-moon-maiden.html,"Gutenberg #35853 (Green Willow, 1910)"
japanese_james_en:037,Grace James,en,japanese_james_en,037,,KARMA,corpus/japanese_james_en/037_karma.html,"Gutenberg #35853 (Green Willow, 1910)"
japanese_james_en:038,Grace James,en,japanese_james_en,038,,THE SAD STORY OF THE YAOYA’S DAUGHTER,corpus/japanese_james_en/038_the-sad-story-of-the-yaoyas-daughter.html,"Gutenberg #35853 (Green Willow, 1910)"
persian_lorimer_en:001,D. L. R. & E. O. Lorimer,en,persian_lorimer_en,001,,The Wolf And The Goat,corpus/persian_lorimer_en/001_the-wolf-and-the-goat.html,"archive.org cu31924029903881 OCR (Persian Tales, 1919)"
persian_lorimer_en:002,D. L. R. & E. O. Lorimer,en,persian_lorimer_en,002,,The City Of Nothing-In-The-Wo Rld,corpus/persian_lorimer_en/002_the-city-of-nothing-in-the-wo-rld.html,"archive.org cu31924029903881 OCR (Persian Tales, 1919)"
persian_lorimer_en:003,D. L. R. & E. O. Lorimer,en,persian_lorimer_en,003,,The Fortune-Teller,corpus/persian_lorimer_en/003_the-fortune-teller.html,"archive.org cu31924029903881 OCR (Persian Tales, 1919)"
persian_lorimer_en:004,D. L. R. & E. O. Lorimer,en,persian_lorimer_en,004,,Susku And Mushu,corpus/persian_lorimer_en/004_susku-and-mushu.html,"archive.org cu31924029903881 OCR (Persian Tales, 1919)"
persian_lorimer_en:005,D. L. R. & E. O. Lorimer,en,persian_lorimer_en,005,,The Marten-Stone,corpus/persian_lorimer_en/005_the-marten-stone.html,"archive.org cu31924029903881 OCR (Persian Tales, 1919)"
persian_lorimer_en:006,D. L. R. & E. O. Lorimer,en,persian_lorimer_en,006,,The Snake-Prince Sleepy-Head,corpus/persian_lorimer_en/006_the-snake-prince-sleepy-head.html,"archive.org cu31924029903881 OCR (Persian Tales, 1919)"
persian_lorimer_en:007,D. L. R. & E. O. Lorimer,en,persian_lorimer_en,007,,The Colt Qeytas,corpus/persian_lorimer_en/007_the-colt-qeytas.html,"archive.org cu31924029903881 OCR (Persian Tales, 1919)"
persian_lorimer_en:008,D. L. R. & E. O. Lorimer,en,persian_lorimer_en,008,,The Colt Q^Ytas,corpus/persian_lorimer_en/008_the-colt-q-ytas.html,"archive.org cu31924029903881 OCR (Persian Tales, 1919)"
persian_lorimer_en:009,D. L. R. & E. O. Lorimer,en,persian_lorimer_en,009,,Nukhudu Or Master Pea,corpus/persian_lorimer_en/009_nukhudu-or-master-pea.html,"archive.org cu31924029903881 OCR (Persian Tales, 1919)"
persian_lorimer_en:010,D. L. R. & E. O. Lorimer,en,persian_lorimer_en,010,,Mushkil Gusha,corpus/persian_lorimer_en/010_mushkil-gusha.html,"archive.org cu31924029903881 OCR (Persian Tales, 1919)"
persian_lorimer_en:011,D. L. R. & E. O. Lorimer,en,persian_lorimer_en,011,,The Jealous Sisters,corpus/persian_lorimer_en/011_the-jealous-sisters.html,"archive.org cu31924029903881 OCR (Persian Tales, 1919)"
persian_lorimer_en:012,D. L. R. & E. O. Lorimer,en,persian_lorimer_en,012,,The Prince And The Peri,corpus/persian_lorimer_en/012_the-prince-and-the-peri.html,"archive.org cu31924029903881 OCR (Persian Tales, 1919)"
persian_lorimer_en:013,D. L. R. & E. O. Lorimer,en,persian_lorimer_en,013,,The Idiot Boy Who Became King,corpus/persian_lorimer_en/013_the-idiot-boy-who-became-king.html,"archive.org cu31924029903881 OCR (Persian Tales, 1919)"
persian_lorimer_en:014,D. L. R. & E. O. Lorimer,en,persian_lorimer_en,014,,Little Fatima,corpus/persian_lorimer_en/014_little-fatima.html,"archive.org cu31924029903881 OCR (Persian Tales, 1919)"
persian_lorimer_en:015,D. L. R. & E. O. Lorimer,en,persian_lorimer_en,015,,The Boy Who Became A Bulbul,corpus/persian_lorimer_en/015_the-boy-who-became-a-bulbul.html,"archive.org cu31924029903881 OCR (Persian Tales, 1919)"
persian_lorimer_en:016,D. L. R. & E. O. Lorimer,en,persian_lorimer_en,016,,The Prince Who Didn'T Exist,corpus/persian_lorimer_en/016_the-prince-who-didnt-exist.html,"archive.org cu31924029903881 OCR (Persian Tales, 1919)"
persian_lorimer_en:017,D. L. R. & E. O. Lorimer,en,persian_lorimer_en,017,,The Golden Lamp-Stand,corpus/persian_lorimer_en/017_the-golden-lamp-stand.html,"archive.org cu31924029903881 OCR (Persian Tales, 1919)"
persian_lorimer_en:018,D. L. R. & E. O. Lorimer,en,persian_lorimer_en,018,,The Wolf-Aunt— A Moral For Husbands ^,corpus/persian_lorimer_en/018_the-wolf-aunt-a-moral-for-husbands.html,"archive.org cu31924029903881 OCR (Persian Tales, 1919)"
persian_lorimer_en:019,D. L. R. & E. O. Lorimer,en,persian_lorimer_en,019,,The Brother Whose Luck Was Asleep,corpus/persian_lorimer_en/019_the-brother-whose-luck-was-asleep.html,"archive.org cu31924029903881 OCR (Persian Tales, 1919)"
persian_lorimer_en:020,D. L. R. & E. O. Lorimer,en,persian_lorimer_en,020,,The Fox's Pilgrimage To Mecca,corpus/persian_lorimer_en/020_the-foxs-pilgrimage-to-mecca.html,"archive.org cu31924029903881 OCR (Persian Tales, 1919)"
persian_lorimer_en:021,D. L. R. & E. O. Lorimer,en,persian_lorimer_en,021,,The Shawl-Weaver And The Seven Spinsters,corpus/persian_lorimer_en/021_the-shawl-weaver-and-the-seven-spinsters.html,"archive.org cu31924029903881 OCR (Persian Tales, 1919)"
persian_lorimer_en:022,D. L. R. & E. O. Lorimer,en,persian_lorimer_en,022,,The Orange And Citron Princess,corpus/persian_lorimer_en/022_the-orange-and-citron-princess.html,"archive.org cu31924029903881 OCR (Persian Tales, 1919)"
persian_lorimer_en:023,D. L. R. & E. O. Lorimer,en,persian_lorimer_en,023,,Muhammad Tirandaz The Archer,corpus/persian_lorimer_en/023_muhammad-tirandaz-the-archer.html,"archive.org cu31924029903881 OCR (Persian Tales, 1919)"
persian_lorimer_en:024,D. L. R. & E. O. Lorimer,en,persian_lorimer_en,024,,The Country Of Fools,corpus/persian_lorimer_en/024_the-country-of-fools.html,"archive.org cu31924029903881 OCR (Persian Tales, 1919)"
persian_lorimer_en:025,D. L. R. & E. O. Lorimer,en,persian_lorimer_en,025,,""" Roads "" And "" Shortcuts """,corpus/persian_lorimer_en/025_roads-and-shortcuts.html,"archive.org cu31924029903881 OCR (Persian Tales, 1919)"
persian_lorimer_en:026,D. L. R. & E. O. Lorimer,en,persian_lorimer_en,026,,The Grateful Corpse,corpus/persian_lorimer_en/026_the-grateful-corpse.html,"archive.org cu31924029903881 OCR (Persian Tales, 1919)"
persian_lorimer_en:027,D. L. R. & E. O. Lorimer,en,persian_lorimer_en,027,,The Praying Baker,corpus/persian_lorimer_en/027_the-praying-baker.html,"archive.org cu31924029903881 OCR (Persian Tales, 1919)"
persian_lorimer_en:028,D. L. R. & E. O. Lorimer,en,persian_lorimer_en,028,,Baldhead And The Scanty-Beards,corpus/persian_lorimer_en/028_baldhead-and-the-scanty-beards.html,"archive.org cu31924029903881 OCR (Persian Tales, 1919)"
persian_lorimer_en:029,D. L. R. & E. O. Lorimer,en,persian_lorimer_en,029,,"The Magic Bird [99 """,corpus/persian_lorimer_en/029_the-magic-bird-99.html,"archive.org cu31924029903881 OCR (Persian Tales, 1919)"
persian_lorimer_en:030,D. L. R. & E. O. Lorimer,en,persian_lorimer_en,030,,The Two Golden Brothers,corpus/persian_lorimer_en/030_the-two-golden-brothers.html,"archive.org cu31924029903881 OCR (Persian Tales, 1919)"
persian_lorimer_en:031,D. L. R. & E. O. Lorimer,en,persian_lorimer_en,031,,Ahmad Girdu And His Two Brothers,corpus/persian_lorimer_en/031_ahmad-girdu-and-his-two-brothers.html,"archive.org cu31924029903881 OCR (Persian Tales, 1919)"
persian_lorimer_en:032,D. L. R. & E. O. Lorimer,en,persian_lorimer_en,032,,The Hunter And The White Snake,corpus/persian_lorimer_en/032_the-hunter-and-the-white-snake.html,"archive.org cu31924029903881 OCR (Persian Tales, 1919)"
persian_lorimer_en:033,D. L. R. & E. O. Lorimer,en,persian_lorimer_en,033,,Fayiz And His Peri Wife,corpus/persian_lorimer_en/033_fayiz-and-his-peri-wife.html,"archive.org cu31924029903881 OCR (Persian Tales, 1919)"
persian_lorimer_en:034,D. L. R. & E. O. Lorimer,en,persian_lorimer_en,034,,The Merchant Of Isfahan And His Faithless Wife,corpus/persian_lorimer_en/034_the-merchant-of-isfahan-and-his-faithless-wife.html,"archive.org cu31924029903881 OCR (Persian Tales, 1919)"
persian_lorimer_en:035,D. L. R. & E. O. Lorimer,en,persian_lorimer_en,035,,The Cowherd Who Woke The Princess,corpus/persian_lorimer_en/035_the-cowherd-who-woke-the-princess.html,"archive.org cu31924029903881 OCR (Persian Tales, 1919)"
persian_lorimer_en:036,D. L. R. & E. O. Lorimer,en,persian_lorimer_en,036,,Taling The Half-Boy,corpus/persian_lorimer_en/036_taling-the-half-boy.html,"archive.org cu31924029903881 OCR (Persian Tales, 1919)"
persian_lorimer_en:037,D. L. R. & E. O. Lorimer,en,persian_lorimer_en,037,,How Fatima Killed Her Mother And What Came Of It,corpus/persian_lorimer_en/037_how-fatima-killed-her-mother-and-what-came-of-it.html,"archive.org cu31924029903881 OCR (Persian Tales, 1919)"
persian_lorimer_en:038,D. L. R. & E. O. Lorimer,en,persian_lorimer_en,038,,The Man Who Bought Three Pieces Of Advice,corpus/persian_lorimer_en/038_the-man-who-bought-three-pieces-of-advice.html,"archive.org cu31924029903881 OCR (Persian Tales, 1919)"
persian_lorimer_en:039,D. L. R. & E. O. Lorimer,en,persian_lorimer_en,039,,The Peri And The King's Son,corpus/persian_lorimer_en/039_the-peri-and-the-kings-son.html,"archive.org cu31924029903881 OCR (Persian Tales, 1919)"
persian_lorimer_en:040,D. L. R. & E. O. Lorimer,en,persian_lorimer_en,040,,The Wolf-Bride,corpus/persian_lorimer_en/040_the-wolf-bride.html,"archive.org cu31924029903881 OCR (Persian Tales, 1919)"
persian_lorimer_en:041,D. L. R. & E. O. Lorimer,en,persian_lorimer_en,041,,The Man Who Went To Wake His Luck,corpus/persian_lorimer_en/041_the-man-who-went-to-wake-his-luck.html,"archive.org cu31924029903881 OCR (Persian Tales, 1919)"
persian_lorimer_en:042,D. L. R. & E. O. Lorimer,en,persian_lorimer_en,042,,Ramazan Of Hamadan And The Poor Labourer,corpus/persian_lorimer_en/042_ramazan-of-hamadan-and-the-poor-labourer.html,"archive.org cu31924029903881 OCR (Persian Tales, 1919)"
persian_lorimer_en:043,D. L. R. & E. O. Lorimer,en,persian_lorimer_en,043,,The Shepherd Who Found A Treasure,corpus/persian_lorimer_en/043_the-shepherd-who-found-a-treasure.html,"archive.org cu31924029903881 OCR (Persian Tales, 1919)"
persian_lorimer_en:044,D. L. R. & E. O. Lorimer,en,persian_lorimer_en,044,,The Merchant And The Saffron,corpus/persian_lorimer_en/044_the-merchant-and-the-saffron.html,"archive.org cu31924029903881 OCR (Persian Tales, 1919)"
persian_lorimer_en:045,D. L. R. & E. O. Lorimer,en,persian_lorimer_en,045,,The Seven Daughters,corpus/persian_lorimer_en/045_the-seven-daughters.html,"archive.org cu31924029903881 OCR (Persian Tales, 1919)"
persian_lorimer_en:046,D. L. R. & E. O. Lorimer,en,persian_lorimer_en,046,,Shah Abbas And The Poor Mother,corpus/persian_lorimer_en/046_shah-abbas-and-the-poor-mother.html,"archive.org cu31924029903881 OCR (Persian Tales, 1919)"
persian_lorimer_en:047,D. L. R. & E. O. Lorimer,en,persian_lorimer_en,047,,The Impious Thorn-Gatherer,corpus/persian_lorimer_en/047_the-impious-thorn-gatherer.html,"archive.org cu31924029903881 OCR (Persian Tales, 1919)"
persian_lorimer_en:048,D. L. R. & E. O. Lorimer,en,persian_lorimer_en,048,,The King And The Two Blind Beggars,corpus/persian_lorimer_en/048_the-king-and-the-two-blind-beggars.html,"archive.org cu31924029903881 OCR (Persian Tales, 1919)"
persian_lorimer_en:049,D. L. R. & E. O. Lorimer,en,persian_lorimer_en,049,,Haider Beg And Samamber,corpus/persian_lorimer_en/049_haider-beg-and-samamber.html,"archive.org cu31924029903881 OCR (Persian Tales, 1919)"
persian_lorimer_en:050,D. L. R. & E. O. Lorimer,en,persian_lorimer_en,050,,The Baker And The Grateful Fish,corpus/persian_lorimer_en/050_the-baker-and-the-grateful-fish.html,"archive.org cu31924029903881 OCR (Persian Tales, 1919)"
persian_bakhtyar_en:001,trans. W. A. Clouston,en,persian_bakhtyar_en,001,,HISTORY OF KING ĀZĀDBAKHT AND THE VIZIER’S DAUGHTER.,corpus/persian_bakhtyar_en/001_history-of-king-z-dbakht-and-the-viziers-daughter.html,"Gutenberg #60316 (The Bakhtyar Nama, 1883)"
persian_bakhtyar_en:002,trans. W. A. Clouston,en,persian_bakhtyar_en,002,,"STORY OF THE ILL-FATED MERCHANT, AND HIS ADVENTURES.",corpus/persian_bakhtyar_en/002_story-of-the-ill-fated-merchant-and-his-adventures.html,"Gutenberg #60316 (The Bakhtyar Nama, 1883)"
persian_bakhtyar_en:003,trans. W. A. Clouston,en,persian_bakhtyar_en,003,,STORY OF THE IMPATIENT PRINCE OF ALEPPO.,corpus/persian_bakhtyar_en/003_story-of-the-impatient-prince-of-aleppo.html,"Gutenberg #60316 (The Bakhtyar Nama, 1883)"
persian_bakhtyar_en:004,trans. W. A. Clouston,en,persian_bakhtyar_en,004,,"STORY OF ABŪ SABER; OR, THE PATIENT MAN.",corpus/persian_bakhtyar_en/004_story-of-ab-saber-or-the-patient-man.html,"Gutenberg #60316 (The Bakhtyar Nama, 1883)"
persian_bakhtyar_en:005,trans. W. A. Clouston,en,persian_bakhtyar_en,005,,STORY OF THE KING OF YEMEN AND HIS SLAVE ABRAHA.,corpus/persian_bakhtyar_en/005_story-of-the-king-of-yemen-and-his-slave-abraha.html,"Gutenberg #60316 (The Bakhtyar Nama, 1883)"
persian_bakhtyar_en:006,trans. W. A. Clouston,en,persian_bakhtyar_en,006,,STORY OF KING DĀDĪN AND HIS TWO VIZIERS.,corpus/persian_bakhtyar_en/006_story-of-king-d-d-n-and-his-two-viziers.html,"Gutenberg #60316 (The Bakhtyar Nama, 1883)"
persian_bakhtyar_en:007,trans. W. A. Clouston,en,persian_bakhtyar_en,007,,"STORY OF THE KING OF ABYSSINIA, SHOWING THE ARTIFICE OF WOMEN.",corpus/persian_bakhtyar_en/007_story-of-the-king-of-abyssinia-showing-the-artifice-of-women.html,"Gutenberg #60316 (The Bakhtyar Nama, 1883)"
persian_bakhtyar_en:008,trans. W. A. Clouston,en,persian_bakhtyar_en,008,,STORY OF THE JEWEL-MERCHANT.,corpus/persian_bakhtyar_en/008_story-of-the-jewel-merchant.html,"Gutenberg #60316 (The Bakhtyar Nama, 1883)"
persian_bakhtyar_en:009,trans. W. A. Clouston,en,persian_bakhtyar_en,009,,STORY OF ABŪ TEMĀM.,corpus/persian_bakhtyar_en/009_story-of-ab-tem-m.html,"Gutenberg #60316 (The Bakhtyar Nama, 1883)"
persian_bakhtyar_en:010,trans. W. A. Clouston,en,persian_bakhtyar_en,010,,STORY OF THE KING OF PERSIA.,corpus/persian_bakhtyar_en/010_story-of-the-king-of-persia.html,"Gutenberg #60316 (The Bakhtyar Nama, 1883)"
persian_catmouse_en:001,Anon. (Altemus Series),en,persian_catmouse_en,001,,The Cat and the Mouse,corpus/persian_catmouse_en/001_the-cat-and-the-mouse.html,Gutenberg #24473 (The Cat and the Mouse)
persian_catmouse_en:002,Anon. (Altemus Series),en,persian_catmouse_en,002,,The Son of the Soap Seller,corpus/persian_catmouse_en/002_the-son-of-the-soap-seller.html,Gutenberg #24473 (The Cat and the Mouse)
persian_catmouse_en:003,Anon. (Altemus Series),en,persian_catmouse_en,003,,The King's Treasure,corpus/persian_catmouse_en/003_the-kings-treasure.html,Gutenberg #24473 (The Cat and the Mouse)
persian_catmouse_en:004,Anon. (Altemus Series),en,persian_catmouse_en,004,,The King and the Fisherman,corpus/persian_catmouse_en/004_the-king-and-the-fisherman.html,Gutenberg #24473 (The Cat and the Mouse)
persian_levy_en:001,Reuben Levy,en,persian_levy_en,001,,The Three Dervishes,corpus/persian_levy_en/001_the-three-dervishes.html,"archive.org threedervischeso00levyuoft OCR (Three Dervishes, 1923)"
persian_levy_en:002,Reuben Levy,en,persian_levy_en,002,,The Story of the First Dervish,corpus/persian_levy_en/002_the-story-of-the-first-dervish.html,"archive.org threedervischeso00levyuoft OCR (Three Dervishes, 1923)"
persian_levy_en:003,Reuben Levy,en,persian_levy_en,003,,The Story of the Second Dervish,corpus/persian_levy_en/003_the-story-of-the-second-dervish.html,"archive.org threedervischeso00levyuoft OCR (Three Dervishes, 1923)"
persian_levy_en:004,Reuben Levy,en,persian_levy_en,004,,The Story of the Third Dervish,corpus/persian_levy_en/004_the-story-of-the-third-dervish.html,"archive.org threedervischeso00levyuoft OCR (Three Dervishes, 1923)"
persian_levy_en:005,Reuben Levy,en,persian_levy_en,005,,The Story of Ashraf Khan,corpus/persian_levy_en/005_the-story-of-ashraf-khan.html,"archive.org threedervischeso00levyuoft OCR (Three Dervishes, 1923)"
persian_levy_en:006,Reuben Levy,en,persian_levy_en,006,,The Story of Saji the Jeweller of Wasit,corpus/persian_levy_en/006_the-story-of-saji-the-jeweller-of-wasit.html,"archive.org threedervischeso00levyuoft OCR (Three Dervishes, 1923)"
persian_levy_en:007,Reuben Levy,en,persian_levy_en,007,,The Generosity of Hatim Tai,corpus/persian_levy_en/007_the-generosity-of-hatim-tai.html,"archive.org threedervischeso00levyuoft OCR (Three Dervishes, 1923)"
persian_levy_en:008,Reuben Levy,en,persian_levy_en,008,,Jamshid and Zuhak,corpus/persian_levy_en/008_jamshid-and-zuhak.html,"archive.org threedervischeso00levyuoft OCR (Three Dervishes, 1923)"
persian_levy_en:009,Reuben Levy,en,persian_levy_en,009,,The Story of the Sailor and the Pearl Merchant,corpus/persian_levy_en/009_the-story-of-the-sailor-and-the-pearl-merchant.html,"archive.org threedervischeso00levyuoft OCR (Three Dervishes, 1923)"
persian_levy_en:010,Reuben Levy,en,persian_levy_en,010,,The Treasure of Mansur,corpus/persian_levy_en/010_the-treasure-of-mansur.html,"archive.org threedervischeso00levyuoft OCR (Three Dervishes, 1923)"
persian_levy_en:011,Reuben Levy,en,persian_levy_en,011,,The Palace of Nine Pavilions,corpus/persian_levy_en/011_the-palace-of-nine-pavilions.html,"archive.org threedervischeso00levyuoft OCR (Three Dervishes, 1923)"
persian_levy_en:012,Reuben Levy,en,persian_levy_en,012,,Akhtar the Cut-purse,corpus/persian_levy_en/012_akhtar-the-cut-purse.html,"archive.org threedervischeso00levyuoft OCR (Three Dervishes, 1923)"
persian_levy_en:013,Reuben Levy,en,persian_levy_en,013,,Afzal the Soothsayer,corpus/persian_levy_en/013_afzal-the-soothsayer.html,"archive.org threedervischeso00levyuoft OCR (Three Dervishes, 1923)"
persian_levy_en:014,Reuben Levy,en,persian_levy_en,014,,Nahid and her Harp,corpus/persian_levy_en/014_nahid-and-her-harp.html,"archive.org threedervischeso00levyuoft OCR (Three Dervishes, 1923)"
persian_levy_en:015,Reuben Levy,en,persian_levy_en,015,,Khurshid and the White Genie,corpus/persian_levy_en/015_khurshid-and-the-white-genie.html,"archive.org threedervischeso00levyuoft OCR (Three Dervishes, 1923)"
persian_levy_en:016,Reuben Levy,en,persian_levy_en,016,,Nasir the Butcher,corpus/persian_levy_en/016_nasir-the-butcher.html,"archive.org threedervischeso00levyuoft OCR (Three Dervishes, 1923)"
persian_levy_en:017,Reuben Levy,en,persian_levy_en,017,,The Enchanted Island,corpus/persian_levy_en/017_the-enchanted-island.html,"archive.org threedervischeso00levyuoft OCR (Three Dervishes, 1923)"
persian_levy_en:018,Reuben Levy,en,persian_levy_en,018,,"Sayyara, Son of the King of the Greeks",corpus/persian_levy_en/018_sayyara-son-of-the-king-of-the-greeks.html,"archive.org threedervischeso00levyuoft OCR (Three Dervishes, 1923)"
persian_levy_en:019,Reuben Levy,en,persian_levy_en,019,,The Prince of Kashmir and the Holy Sheikh,corpus/persian_levy_en/019_the-prince-of-kashmir-and-the-holy-sheikh.html,"archive.org threedervischeso00levyuoft OCR (Three Dervishes, 1923)"
persian_levy_en:020,Reuben Levy,en,persian_levy_en,020,,Khurshidshah and the Princess of China,corpus/persian_levy_en/020_khurshidshah-and-the-princess-of-china.html,"archive.org threedervischeso00levyuoft OCR (Three Dervishes, 1923)"
landa_en:001,Gertrude Landa,en,landa_en,001,,The Palace of the Eagles,corpus/landa_en/001_the-palace-of-the-eagles.html,Gutenberg #26711 (Landa)
landa_en:002,Gertrude Landa,en,landa_en,002,,The Giant of the Flood,corpus/landa_en/002_the-giant-of-the-flood.html,Gutenberg #26711 (Landa)
landa_en:003,Gertrude Landa,en,landa_en,003,,The Fairy Princess of Ergetz,corpus/landa_en/003_the-fairy-princess-of-ergetz.html,Gutenberg #26711 (Landa)
landa_en:004,Gertrude Landa,en,landa_en,004,,The Higgledy-Piggledy Palace,corpus/landa_en/004_the-higgledy-piggledy-palace.html,Gutenberg #26711 (Landa)
landa_en:005,Gertrude Landa,en,landa_en,005,,The Red Slipper,corpus/landa_en/005_the-red-slipper.html,Gutenberg #26711 (Landa)
landa_en:006,Gertrude Landa,en,landa_en,006,,The Star-Child,corpus/landa_en/006_the-star-child.html,Gutenberg #26711 (Landa)
landa_en:007,Gertrude Landa,en,landa_en,007,,Abi Fressah's Feast,corpus/landa_en/007_abi-fressahs-feast.html,Gutenberg #26711 (Landa)
landa_en:008,Gertrude Landa,en,landa_en,008,,The Beggar King,corpus/landa_en/008_the-beggar-king.html,Gutenberg #26711 (Landa)
landa_en:009,Gertrude Landa,en,landa_en,009,,The Quarrel of the Cat and Dog,corpus/landa_en/009_the-quarrel-of-the-cat-and-dog.html,Gutenberg #26711 (Landa)
landa_en:010,Gertrude Landa,en,landa_en,010,,The Water-Babe,corpus/landa_en/010_the-water-babe.html,Gutenberg #26711 (Landa)
landa_en:011,Gertrude Landa,en,landa_en,011,,Sinbad of the Talmud,corpus/landa_en/011_sinbad-of-the-talmud.html,Gutenberg #26711 (Landa)
landa_en:012,Gertrude Landa,en,landa_en,012,,The Outcast Prince,corpus/landa_en/012_the-outcast-prince.html,Gutenberg #26711 (Landa)
landa_en:013,Gertrude Landa,en,landa_en,013,,The Story of Bostanai,corpus/landa_en/013_the-story-of-bostanai.html,Gutenberg #26711 (Landa)
landa_en:014,Gertrude Landa,en,landa_en,014,,From Shepherd-Boy to King,corpus/landa_en/014_from-shepherd-boy-to-king.html,Gutenberg #26711 (Landa)
landa_en:015,Gertrude Landa,en,landa_en,015,,The Magic Palace,corpus/landa_en/015_the-magic-palace.html,Gutenberg #26711 (Landa)
landa_en:016,Gertrude Landa,en,landa_en,016,,The Sleep of One Hundred Years,corpus/landa_en/016_the-sleep-of-one-hundred-years.html,Gutenberg #26711 (Landa)
landa_en:017,Gertrude Landa,en,landa_en,017,,King for Three Days,corpus/landa_en/017_king-for-three-days.html,Gutenberg #26711 (Landa)
landa_en:018,Gertrude Landa,en,landa_en,018,,The Palace in the Clouds,corpus/landa_en/018_the-palace-in-the-clouds.html,Gutenberg #26711 (Landa)
landa_en:019,Gertrude Landa,en,landa_en,019,,The Pope's Game of Chess,corpus/landa_en/019_the-popes-game-of-chess.html,Gutenberg #26711 (Landa)
landa_en:020,Gertrude Landa,en,landa_en,020,,The Slave's Fortune,corpus/landa_en/020_the-slaves-fortune.html,Gutenberg #26711 (Landa)
landa_en:021,Gertrude Landa,en,landa_en,021,,The Paradise in the Sea,corpus/landa_en/021_the-paradise-in-the-sea.html,Gutenberg #26711 (Landa)
landa_en:022,Gertrude Landa,en,landa_en,022,,The Rabbi's Bogey-Man,corpus/landa_en/022_the-rabbis-bogey-man.html,Gutenberg #26711 (Landa)
landa_en:023,Gertrude Landa,en,landa_en,023,,The Fairy Frog,corpus/landa_en/023_the-fairy-frog.html,Gutenberg #26711 (Landa)
landa_en:024,Gertrude Landa,en,landa_en,024,,The Princess of the Tower,corpus/landa_en/024_the-princess-of-the-tower.html,Gutenberg #26711 (Landa)
landa_en:025,Gertrude Landa,en,landa_en,025,,King Alexander's Adventures,corpus/landa_en/025_king-alexanders-adventures.html,Gutenberg #26711 (Landa)
friedlander_en:001,Gerald Friedlander,en,friedlander_en,001,,King Solomon And The Worm,corpus/friedlander_en/001_king-solomon-and-the-worm.html,Gutenberg #72880 (Friedlander)
friedlander_en:002,Gerald Friedlander,en,friedlander_en,002,,Falsehood And Wickedness,corpus/friedlander_en/002_falsehood-and-wickedness.html,Gutenberg #72880 (Friedlander)
friedlander_en:003,Gerald Friedlander,en,friedlander_en,003,,The Wicked King And His Bride,corpus/friedlander_en/003_the-wicked-king-and-his-bride.html,Gutenberg #72880 (Friedlander)
friedlander_en:004,Gerald Friedlander,en,friedlander_en,004,,The Two Jewels,corpus/friedlander_en/004_the-two-jewels.html,Gutenberg #72880 (Friedlander)
friedlander_en:005,Gerald Friedlander,en,friedlander_en,005,,The Beggar At The Wedding,corpus/friedlander_en/005_the-beggar-at-the-wedding.html,Gutenberg #72880 (Friedlander)
friedlander_en:006,Gerald Friedlander,en,friedlander_en,006,,The Clever Wife,corpus/friedlander_en/006_the-clever-wife.html,Gutenberg #72880 (Friedlander)
friedlander_en:007,Gerald Friedlander,en,friedlander_en,007,,The Coins Of Elijah,corpus/friedlander_en/007_the-coins-of-elijah.html,Gutenberg #72880 (Friedlander)
friedlander_en:008,Gerald Friedlander,en,friedlander_en,008,,The Fox And The Raven,corpus/friedlander_en/008_the-fox-and-the-raven.html,Gutenberg #72880 (Friedlander)
jewish_fairy_book_en:001,Gerald Friedlander,en,jewish_fairy_book_en,001,,The Magic Apples,corpus/jewish_fairy_book_en/001_the-magic-apples.html,"Wikisource (Jewish Fairy Book, 1920)"
jewish_fairy_book_en:002,Gerald Friedlander,en,jewish_fairy_book_en,002,,The Wise Merchant,corpus/jewish_fairy_book_en/002_the-wise-merchant.html,"Wikisource (Jewish Fairy Book, 1920)"
jewish_fairy_book_en:003,Gerald Friedlander,en,jewish_fairy_book_en,003,,Heavenly Treasures,corpus/jewish_fairy_book_en/003_heavenly-treasures.html,"Wikisource (Jewish Fairy Book, 1920)"
jewish_fairy_book_en:004,Gerald Friedlander,en,jewish_fairy_book_en,004,,King Solomon's Carpet,corpus/jewish_fairy_book_en/004_king-solomons-carpet.html,"Wikisource (Jewish Fairy Book, 1920)"
jewish_fairy_book_en:005,Gerald Friedlander,en,jewish_fairy_book_en,005,,The Magic Lamp,corpus/jewish_fairy_book_en/005_the-magic-lamp.html,"Wikisource (Jewish Fairy Book, 1920)"
jewish_fairy_book_en:006,Gerald Friedlander,en,jewish_fairy_book_en,006,,Chanina and the Angels,corpus/jewish_fairy_book_en/006_chanina-and-the-angels.html,"Wikisource (Jewish Fairy Book, 1920)"
jewish_fairy_book_en:007,Gerald Friedlander,en,jewish_fairy_book_en,007,,The Wonderful Slave,corpus/jewish_fairy_book_en/007_the-wonderful-slave.html,"Wikisource (Jewish Fairy Book, 1920)"
jewish_fairy_book_en:008,Gerald Friedlander,en,jewish_fairy_book_en,008,,"About Leviathan, King of the Fish",corpus/jewish_fairy_book_en/008_about-leviathan-king-of-the-fish.html,"Wikisource (Jewish Fairy Book, 1920)"
jewish_fairy_book_en:009,Gerald Friedlander,en,jewish_fairy_book_en,009,,The Demon's Marriage,corpus/jewish_fairy_book_en/009_the-demons-marriage.html,"Wikisource (Jewish Fairy Book, 1920)"
jewish_fairy_book_en:010,Gerald Friedlander,en,jewish_fairy_book_en,010,,The Magic Leaf,corpus/jewish_fairy_book_en/010_the-magic-leaf.html,"Wikisource (Jewish Fairy Book, 1920)"
jewish_fairy_book_en:011,Gerald Friedlander,en,jewish_fairy_book_en,011,,The Prince and the Rabbi,corpus/jewish_fairy_book_en/011_the-prince-and-the-rabbi.html,"Wikisource (Jewish Fairy Book, 1920)"
jewish_fairy_book_en:012,Gerald Friedlander,en,jewish_fairy_book_en,012,,The Princess and the Beggar,corpus/jewish_fairy_book_en/012_the-princess-and-the-beggar.html,"Wikisource (Jewish Fairy Book, 1920)"
jewish_fairy_book_en:013,Gerald Friedlander,en,jewish_fairy_book_en,013,,The Castle in the Air,corpus/jewish_fairy_book_en/013_the-castle-in-the-air.html,"Wikisource (Jewish Fairy Book, 1920)"
jewish_fairy_book_en:014,Gerald Friedlander,en,jewish_fairy_book_en,014,,The Citizen of the World,corpus/jewish_fairy_book_en/014_the-citizen-of-the-world.html,"Wikisource (Jewish Fairy Book, 1920)"
jewish_fairy_book_en:015,Gerald Friedlander,en,jewish_fairy_book_en,015,,The Snake's Thanks,corpus/jewish_fairy_book_en/015_the-snakes-thanks.html,"Wikisource (Jewish Fairy Book, 1920)"
jewish_fairy_book_en:016,Gerald Friedlander,en,jewish_fairy_book_en,016,,The Rebellious Waters,corpus/jewish_fairy_book_en/016_the-rebellious-waters.html,"Wikisource (Jewish Fairy Book, 1920)"
jewish_fairy_book_en:017,Gerald Friedlander,en,jewish_fairy_book_en,017,,The Goblin and the Princess,corpus/jewish_fairy_book_en/017_the-goblin-and-the-princess.html,"Wikisource (Jewish Fairy Book, 1920)"
jewish_fairy_book_en:018,Gerald Friedlander,en,jewish_fairy_book_en,018,,Iron and the Trees,corpus/jewish_fairy_book_en/018_iron-and-the-trees.html,"Wikisource (Jewish Fairy Book, 1920)"
jewish_fairy_book_en:019,Gerald Friedlander,en,jewish_fairy_book_en,019,,David and the Insects,corpus/jewish_fairy_book_en/019_david-and-the-insects.html,"Wikisource (Jewish Fairy Book, 1920)"
jewish_fairy_book_en:020,Gerald Friedlander,en,jewish_fairy_book_en,020,,The First Vineyard,corpus/jewish_fairy_book_en/020_the-first-vineyard.html,"Wikisource (Jewish Fairy Book, 1920)"
jewish_fairy_book_en:021,Gerald Friedlander,en,jewish_fairy_book_en,021,,Abraham's Tree,corpus/jewish_fairy_book_en/021_abrahams-tree.html,"Wikisource (Jewish Fairy Book, 1920)"
jewish_fairy_book_en:022,Gerald Friedlander,en,jewish_fairy_book_en,022,,"Joseph, the Sabbath Lover",corpus/jewish_fairy_book_en/022_joseph-the-sabbath-lover.html,"Wikisource (Jewish Fairy Book, 1920)"
jewish_fairy_book_en:023,Gerald Friedlander,en,jewish_fairy_book_en,023,,The Magic Sword of Kenaz,corpus/jewish_fairy_book_en/023_the-magic-sword-of-kenaz.html,"Wikisource (Jewish Fairy Book, 1920)"
hebrew_tales_en:001,Hyman Hurwitz,en,hebrew_tales_en,001,,Moses and the Lamb,corpus/hebrew_tales_en/001_moses-and-the-lamb.html,"Wikisource (Hebrew Tales, 1826)"
hebrew_tales_en:002,Hyman Hurwitz,en,hebrew_tales_en,002,,The Value of a Good Wife,corpus/hebrew_tales_en/002_the-value-of-a-good-wife.html,"Wikisource (Hebrew Tales, 1826)"
hebrew_tales_en:003,Hyman Hurwitz,en,hebrew_tales_en,003,,The Lord Helpeth Man and Beast,corpus/hebrew_tales_en/003_the-lord-helpeth-man-and-beast.html,"Wikisource (Hebrew Tales, 1826)"
hebrew_tales_en:004,Hyman Hurwitz,en,hebrew_tales_en,004,,Conversation of a Philosopher with a Rabbi,corpus/hebrew_tales_en/004_conversation-of-a-philosopher-with-a-rabbi.html,"Wikisource (Hebrew Tales, 1826)"
hebrew_tales_en:005,Hyman Hurwitz,en,hebrew_tales_en,005,,The Princess and Rabbi Joshua,corpus/hebrew_tales_en/005_the-princess-and-rabbi-joshua.html,"Wikisource (Hebrew Tales, 1826)"
hebrew_tales_en:006,Hyman Hurwitz,en,hebrew_tales_en,006,,Mercy in Judgment A Parable of Rabbi Jochanan,corpus/hebrew_tales_en/006_mercy-in-judgment-a-parable-of-rabbi-jochanan.html,"Wikisource (Hebrew Tales, 1826)"
hebrew_tales_en:007,Hyman Hurwitz,en,hebrew_tales_en,007,,Blessings in Disguise—An Episode in the Life of R. Akiba,corpus/hebrew_tales_en/007_blessings-in-disguise-an-episode-in-the-life-of-r-akiba.html,"Wikisource (Hebrew Tales, 1826)"
hebrew_tales_en:008,Hyman Hurwitz,en,hebrew_tales_en,008,,Intended Divorce and Reconciliation,corpus/hebrew_tales_en/008_intended-divorce-and-reconciliation.html,"Wikisource (Hebrew Tales, 1826)"
hebrew_tales_en:009,Hyman Hurwitz,en,hebrew_tales_en,009,,The Heavenly Lamp,corpus/hebrew_tales_en/009_the-heavenly-lamp.html,"Wikisource (Hebrew Tales, 1826)"
hebrew_tales_en:010,Hyman Hurwitz,en,hebrew_tales_en,010,,True Charity Knows no Law—Illustrated by a Tale of Rabbi Tanchuma,corpus/hebrew_tales_en/010_true-charity-knows-no-law-illustrated-by-a-tale-of-rabbi-tanchuma.html,"Wikisource (Hebrew Tales, 1826)"
hebrew_tales_en:011,Hyman Hurwitz,en,hebrew_tales_en,011,,Scripture Impartiality Vindicated by Rabbi Jose,corpus/hebrew_tales_en/011_scripture-impartiality-vindicated-by-rabbi-jose.html,"Wikisource (Hebrew Tales, 1826)"
hebrew_tales_en:012,Hyman Hurwitz,en,hebrew_tales_en,012,,The Honor Due to Whatever is Truly Useful,corpus/hebrew_tales_en/012_the-honor-due-to-whatever-is-truly-useful.html,"Wikisource (Hebrew Tales, 1826)"
hebrew_tales_en:013,Hyman Hurwitz,en,hebrew_tales_en,013,,"To Insult Poverty or Natural Defect, no Venial Crime",corpus/hebrew_tales_en/013_to-insult-poverty-or-natural-defect-no-venial-crime.html,"Wikisource (Hebrew Tales, 1826)"
hebrew_tales_en:014,Hyman Hurwitz,en,hebrew_tales_en,014,,Liberality Grounded on Religion not to be Conquered by Reverse of Fortune—Exemplified in Abba Judan,corpus/hebrew_tales_en/014_liberality-grounded-on-religion-not-to-be-conquered-by-reverse-of-fortune-exempl.html,"Wikisource (Hebrew Tales, 1826)"
hebrew_tales_en:015,Hyman Hurwitz,en,hebrew_tales_en,015,,On Pretended Majorities,corpus/hebrew_tales_en/015_on-pretended-majorities.html,"Wikisource (Hebrew Tales, 1826)"
hebrew_tales_en:016,Hyman Hurwitz,en,hebrew_tales_en,016,,On the Mood of Mind that will Render the Consequences of Improper Actions the Atonement for Them,corpus/hebrew_tales_en/016_on-the-mood-of-mind-that-will-render-the-consequences-of-improper-actions-the-at.html,"Wikisource (Hebrew Tales, 1826)"
hebrew_tales_en:017,Hyman Hurwitz,en,hebrew_tales_en,017,,The Seven Ages,corpus/hebrew_tales_en/017_the-seven-ages.html,"Wikisource (Hebrew Tales, 1826)"
hebrew_tales_en:018,Hyman Hurwitz,en,hebrew_tales_en,018,,Incorruptible Treasures,corpus/hebrew_tales_en/018_incorruptible-treasures.html,"Wikisource (Hebrew Tales, 1826)"
hebrew_tales_en:019,Hyman Hurwitz,en,hebrew_tales_en,019,,Table Talk of the Sages of Israel,corpus/hebrew_tales_en/019_table-talk-of-the-sages-of-israel.html,"Wikisource (Hebrew Tales, 1826)"
hebrew_tales_en:020,Hyman Hurwitz,en,hebrew_tales_en,020,,"Destruction of Wickedness, the Best Way of Destroying Wicked Men",corpus/hebrew_tales_en/020_destruction-of-wickedness-the-best-way-of-destroying-wicked-men.html,"Wikisource (Hebrew Tales, 1826)"
hebrew_tales_en:021,Hyman Hurwitz,en,hebrew_tales_en,021,,The Meek and the Haughty. The Contrast Exemplified in the Conduct of Shammai and Hillel,corpus/hebrew_tales_en/021_the-meek-and-the-haughty-the-contrast-exemplified-in-the-conduct-of-shammai-and-.html,"Wikisource (Hebrew Tales, 1826)"
hebrew_tales_en:022,Hyman Hurwitz,en,hebrew_tales_en,022,,"Another Example; or, the Heathen and the Hebrew Sages",corpus/hebrew_tales_en/022_another-example-or-the-heathen-and-the-hebrew-sages.html,"Wikisource (Hebrew Tales, 1826)"
hebrew_tales_en:023,Hyman Hurwitz,en,hebrew_tales_en,023,,"The Conquest of Meekness; or, the Wager",corpus/hebrew_tales_en/023_the-conquest-of-meekness-or-the-wager.html,"Wikisource (Hebrew Tales, 1826)"
hebrew_tales_en:024,Hyman Hurwitz,en,hebrew_tales_en,024,,True Charity—An Anecdote of Mar Ukba,corpus/hebrew_tales_en/024_true-charity-an-anecdote-of-mar-ukba.html,"Wikisource (Hebrew Tales, 1826)"
hebrew_tales_en:025,Hyman Hurwitz,en,hebrew_tales_en,025,,"Filial Reverence. Exemplified in the Acts of Damah, the Son of Nethina",corpus/hebrew_tales_en/025_filial-reverence-exemplified-in-the-acts-of-damah-the-son-of-nethina.html,"Wikisource (Hebrew Tales, 1826)"
hebrew_tales_en:026,Hyman Hurwitz,en,hebrew_tales_en,026,,"The Double Moral and Twofold Tale, from the Talmud",corpus/hebrew_tales_en/026_the-double-moral-and-twofold-tale-from-the-talmud.html,"Wikisource (Hebrew Tales, 1826)"
hebrew_tales_en:027,Hyman Hurwitz,en,hebrew_tales_en,027,,"Compassion Toward the Unhappy: or, Rabbi Jose and His Repudiated Wife",corpus/hebrew_tales_en/027_compassion-toward-the-unhappy-or-rabbi-jose-and-his-repudiated-wife.html,"Wikisource (Hebrew Tales, 1826)"
hebrew_tales_en:028,Hyman Hurwitz,en,hebrew_tales_en,028,,The Legacy of Rabbi Johanan to his Disciples,corpus/hebrew_tales_en/028_the-legacy-of-rabbi-johanan-to-his-disciples.html,"Wikisource (Hebrew Tales, 1826)"
hebrew_tales_en:029,Hyman Hurwitz,en,hebrew_tales_en,029,,"Milton's ""Dark from Excess of Light."" Anticipated and applied by R. Joshua, in answer to a demand of the Emperor Trajan",corpus/hebrew_tales_en/029_miltons-dark-from-excess-of-light-anticipated-and-applied-by-r-joshua-in-answer-.html,"Wikisource (Hebrew Tales, 1826)"
hebrew_tales_en:030,Hyman Hurwitz,en,hebrew_tales_en,030,,The Wilful Drunkard,corpus/hebrew_tales_en/030_the-wilful-drunkard.html,"Wikisource (Hebrew Tales, 1826)"
hebrew_tales_en:031,Hyman Hurwitz,en,hebrew_tales_en,031,,"Do not provoke those who throw off Appearances of Justice, who are too strong to be compelled to the Reality",corpus/hebrew_tales_en/031_do-not-provoke-those-who-throw-off-appearances-of-justice-who-are-too-strong-to-.html,"Wikisource (Hebrew Tales, 1826)"
hebrew_tales_en:032,Hyman Hurwitz,en,hebrew_tales_en,032,,The Traveller and the Date-tree of the Oasis,corpus/hebrew_tales_en/032_the-traveller-and-the-date-tree-of-the-oasis.html,"Wikisource (Hebrew Tales, 1826)"
hebrew_tales_en:033,Hyman Hurwitz,en,hebrew_tales_en,033,,The Aged Planter and Hadrian,corpus/hebrew_tales_en/033_the-aged-planter-and-hadrian.html,"Wikisource (Hebrew Tales, 1826)"
hebrew_tales_en:034,Hyman Hurwitz,en,hebrew_tales_en,034,,The Same Things no Longer the Same under Altered Circumstances,corpus/hebrew_tales_en/034_the-same-things-no-longer-the-same-under-altered-circumstances.html,"Wikisource (Hebrew Tales, 1826)"
hebrew_tales_en:035,Hyman Hurwitz,en,hebrew_tales_en,035,,The Preposterous Snake. A Talmudic Fable,corpus/hebrew_tales_en/035_the-preposterous-snake-a-talmudic-fable.html,"Wikisource (Hebrew Tales, 1826)"
hebrew_tales_en:036,Hyman Hurwitz,en,hebrew_tales_en,036,,The Doctrine of Resurrection Supported by that of Creation,corpus/hebrew_tales_en/036_the-doctrine-of-resurrection-supported-by-that-of-creation.html,"Wikisource (Hebrew Tales, 1826)"
hebrew_tales_en:037,Hyman Hurwitz,en,hebrew_tales_en,037,,The Sufferings of the Jews Under Hadrian,corpus/hebrew_tales_en/037_the-sufferings-of-the-jews-under-hadrian.html,"Wikisource (Hebrew Tales, 1826)"
hebrew_tales_en:038,Hyman Hurwitz,en,hebrew_tales_en,038,,Sufferings of the Jews Under Hadrian,corpus/hebrew_tales_en/038_sufferings-of-the-jews-under-hadrian.html,"Wikisource (Hebrew Tales, 1826)"
hebrew_tales_en:039,Hyman Hurwitz,en,hebrew_tales_en,039,,On Vows in Cases Previously Binding on the Conscience. A Reply of Rabbi Yudan,corpus/hebrew_tales_en/039_on-vows-in-cases-previously-binding-on-the-conscience-a-reply-of-rabbi-yudan.html,"Wikisource (Hebrew Tales, 1826)"
hebrew_tales_en:040,Hyman Hurwitz,en,hebrew_tales_en,040,,Poverty no Proof of Divine Disfavor.—A Conversation between Turnus Rufus and Rabbi Akiba,corpus/hebrew_tales_en/040_poverty-no-proof-of-divine-disfavor-a-conversation-between-turnus-rufus-and-rabb.html,"Wikisource (Hebrew Tales, 1826)"
hebrew_tales_en:041,Hyman Hurwitz,en,hebrew_tales_en,041,,Scrupulous Honesty. Exemplified in the Hospitable Rabbi Phinehas,corpus/hebrew_tales_en/041_scrupulous-honesty-exemplified-in-the-hospitable-rabbi-phinehas.html,"Wikisource (Hebrew Tales, 1826)"
hebrew_tales_en:042,Hyman Hurwitz,en,hebrew_tales_en,042,,The Fox and the Fish; A Fable of Rabbi Akiba,corpus/hebrew_tales_en/042_the-fox-and-the-fish-a-fable-of-rabbi-akiba.html,"Wikisource (Hebrew Tales, 1826)"
hebrew_tales_en:043,Hyman Hurwitz,en,hebrew_tales_en,043,,"The Climax of Benevolence; or, the Golden Ladder of Charity. From Maimonides, after the Talmud",corpus/hebrew_tales_en/043_the-climax-of-benevolence-or-the-golden-ladder-of-charity-from-maimonides-after-.html,"Wikisource (Hebrew Tales, 1826)"
hebrew_tales_en:044,Hyman Hurwitz,en,hebrew_tales_en,044,,Rabbi Simeon and the Jewels,corpus/hebrew_tales_en/044_rabbi-simeon-and-the-jewels.html,"Wikisource (Hebrew Tales, 1826)"
hebrew_tales_en:045,Hyman Hurwitz,en,hebrew_tales_en,045,,"He Who Wrongs the Dishonest under the Pretence of their Dishonesty, Renders Himself an Accomplice; or, Rabbi Huna Reproved",corpus/hebrew_tales_en/045_he-who-wrongs-the-dishonest-under-the-pretence-of-their-dishonesty-renders-himse.html,"Wikisource (Hebrew Tales, 1826)"
hebrew_tales_en:046,Hyman Hurwitz,en,hebrew_tales_en,046,,Scrupulous Honesty—Exemplified in the Conduct of Rabbi Saphra,corpus/hebrew_tales_en/046_scrupulous-honesty-exemplified-in-the-conduct-of-rabbi-saphra.html,"Wikisource (Hebrew Tales, 1826)"
hebrew_tales_en:047,Hyman Hurwitz,en,hebrew_tales_en,047,,Reverence for Truth and Simplicity not to be Sacrificed to the Forms of Courtesy—A Lesson of Rabbi Saphra,corpus/hebrew_tales_en/047_reverence-for-truth-and-simplicity-not-to-be-sacrificed-to-the-forms-of-courtesy.html,"Wikisource (Hebrew Tales, 1826)"
hebrew_tales_en:048,Hyman Hurwitz,en,hebrew_tales_en,048,,"The Twofold Charity of the Benevolent Physician, Abba Umana",corpus/hebrew_tales_en/048_the-twofold-charity-of-the-benevolent-physician-abba-umana.html,"Wikisource (Hebrew Tales, 1826)"
hebrew_tales_en:049,Hyman Hurwitz,en,hebrew_tales_en,049,,Folly of Idolatry—A Traditional Tale Respecting Abraham,corpus/hebrew_tales_en/049_folly-of-idolatry-a-traditional-tale-respecting-abraham.html,"Wikisource (Hebrew Tales, 1826)"
hebrew_tales_en:050,Hyman Hurwitz,en,hebrew_tales_en,050,,Abraham's Deliverance from the Fiery Furnace,corpus/hebrew_tales_en/050_abrahams-deliverance-from-the-fiery-furnace.html,"Wikisource (Hebrew Tales, 1826)"
hebrew_tales_en:051,Hyman Hurwitz,en,hebrew_tales_en,051,,"No Loss of Dignity from any Innocent Means of Promoting Peace and Harmony; or, Rabbi Meir and the Unhoused Wife",corpus/hebrew_tales_en/051_no-loss-of-dignity-from-any-innocent-means-of-promoting-peace-and-harmony-or-rab.html,"Wikisource (Hebrew Tales, 1826)"
hebrew_tales_en:052,Hyman Hurwitz,en,hebrew_tales_en,052,,The Lawful Heir,corpus/hebrew_tales_en/052_the-lawful-heir.html,"Wikisource (Hebrew Tales, 1826)"
hebrew_tales_en:053,Hyman Hurwitz,en,hebrew_tales_en,053,,The Fox and the Rift in the Garden-wall:—A Talmudic Fable,corpus/hebrew_tales_en/053_the-fox-and-the-rift-in-the-garden-wall-a-talmudic-fable.html,"Wikisource (Hebrew Tales, 1826)"
hebrew_tales_en:054,Hyman Hurwitz,en,hebrew_tales_en,054,,Alexander and the Female Chief; a Moral Tale in Honor of Women,corpus/hebrew_tales_en/054_alexander-and-the-female-chief-a-moral-tale-in-honor-of-women.html,"Wikisource (Hebrew Tales, 1826)"
hebrew_tales_en:055,Hyman Hurwitz,en,hebrew_tales_en,055,,Ambition Humbled and Reproved or Alexander and the Human Skull,corpus/hebrew_tales_en/055_ambition-humbled-and-reproved-or-alexander-and-the-human-skull.html,"Wikisource (Hebrew Tales, 1826)"
hebrew_tales_en:056,Hyman Hurwitz,en,hebrew_tales_en,056,,Wit Like Salt: A Little Goes a Great Way,corpus/hebrew_tales_en/056_wit-like-salt-a-little-goes-a-great-way.html,"Wikisource (Hebrew Tales, 1826)"
hebrew_tales_en:057,Hyman Hurwitz,en,hebrew_tales_en,057,,"The Word ""Us"" Includes the Hearer as Well as the Speaker",corpus/hebrew_tales_en/057_the-word-us-includes-the-hearer-as-well-as-the-speaker.html,"Wikisource (Hebrew Tales, 1826)"
hebrew_tales_en:058,Hyman Hurwitz,en,hebrew_tales_en,058,,The Tailor and the Broken Mortar,corpus/hebrew_tales_en/058_the-tailor-and-the-broken-mortar.html,"Wikisource (Hebrew Tales, 1826)"
hebrew_tales_en:059,Hyman Hurwitz,en,hebrew_tales_en,059,,Witty Retort of a Hebrew Child,corpus/hebrew_tales_en/059_witty-retort-of-a-hebrew-child.html,"Wikisource (Hebrew Tales, 1826)"
hebrew_tales_en:060,Hyman Hurwitz,en,hebrew_tales_en,060,,The Inhospitable Jester Taken in His Own Snare,corpus/hebrew_tales_en/060_the-inhospitable-jester-taken-in-his-own-snare.html,"Wikisource (Hebrew Tales, 1826)"
hebrew_tales_en:061,Hyman Hurwitz,en,hebrew_tales_en,061,,The Enigma that Cost the Athenian His Mantle,corpus/hebrew_tales_en/061_the-enigma-that-cost-the-athenian-his-mantle.html,"Wikisource (Hebrew Tales, 1826)"
hebrew_tales_en:062,Hyman Hurwitz,en,hebrew_tales_en,062,,The Quadruple Tale,corpus/hebrew_tales_en/062_the-quadruple-tale.html,"Wikisource (Hebrew Tales, 1826)"
hebrew_tales_en:063,Hyman Hurwitz,en,hebrew_tales_en,063,,The Athenian and His One-Eyed Slave,corpus/hebrew_tales_en/063_the-athenian-and-his-one-eyed-slave.html,"Wikisource (Hebrew Tales, 1826)"
hebrew_tales_en:064,Hyman Hurwitz,en,hebrew_tales_en,064,,The Scientific Carver,corpus/hebrew_tales_en/064_the-scientific-carver.html,"Wikisource (Hebrew Tales, 1826)"
hebrew_tales_en:065,Hyman Hurwitz,en,hebrew_tales_en,065,,No Rule Without Exception,corpus/hebrew_tales_en/065_no-rule-without-exception.html,"Wikisource (Hebrew Tales, 1826)"
ginzberg_legends_en:001,Louis Ginzberg,en,ginzberg_legends_en,001,,THE FIRST THINGS CREATED,corpus/ginzberg_legends_en/001_the-first-things-created.html,Gutenberg #1493/1494/2881/2882 (Legends of the Jews)
ginzberg_legends_en:002,Louis Ginzberg,en,ginzberg_legends_en,002,,THE ALPHABET,corpus/ginzberg_legends_en/002_the-alphabet.html,Gutenberg #1493/1494/2881/2882 (Legends of the Jews)
ginzberg_legends_en:003,Louis Ginzberg,en,ginzberg_legends_en,003,,THE FIRST DAY,corpus/ginzberg_legends_en/003_the-first-day.html,Gutenberg #1493/1494/2881/2882 (Legends of the Jews)
ginzberg_legends_en:004,Louis Ginzberg,en,ginzberg_legends_en,004,,THE SECOND DAY,corpus/ginzberg_legends_en/004_the-second-day.html,Gutenberg #1493/1494/2881/2882 (Legends of the Jews)
ginzberg_legends_en:005,Louis Ginzberg,en,ginzberg_legends_en,005,,THE THIRD DAY,corpus/ginzberg_legends_en/005_the-third-day.html,Gutenberg #1493/1494/2881/2882 (Legends of the Jews)
ginzberg_legends_en:006,Louis Ginzberg,en,ginzberg_legends_en,006,,THE FOURTH DAY,corpus/ginzberg_legends_en/006_the-fourth-day.html,Gutenberg #1493/1494/2881/2882 (Legends of the Jews)
ginzberg_legends_en:007,Louis Ginzberg,en,ginzberg_legends_en,007,,THE FIFTH DAY,corpus/ginzberg_legends_en/007_the-fifth-day.html,Gutenberg #1493/1494/2881/2882 (Legends of the Jews)
ginzberg_legends_en:008,Louis Ginzberg,en,ginzberg_legends_en,008,,THE SIXTH DAY,corpus/ginzberg_legends_en/008_the-sixth-day.html,Gutenberg #1493/1494/2881/2882 (Legends of the Jews)
ginzberg_legends_en:009,Louis Ginzberg,en,ginzberg_legends_en,009,,ALL THINGS PRAISE THE LORD,corpus/ginzberg_legends_en/009_all-things-praise-the-lord.html,Gutenberg #1493/1494/2881/2882 (Legends of the Jews)
ginzberg_legends_en:010,Louis Ginzberg,en,ginzberg_legends_en,010,,MAN AND THE WORLD,corpus/ginzberg_legends_en/010_man-and-the-world.html,Gutenberg #1493/1494/2881/2882 (Legends of the Jews)
ginzberg_legends_en:011,Louis Ginzberg,en,ginzberg_legends_en,011,,THE ANGELS AND THE CREATION OF MAN,corpus/ginzberg_legends_en/011_the-angels-and-the-creation-of-man.html,Gutenberg #1493/1494/2881/2882 (Legends of the Jews)
ginzberg_legends_en:012,Louis Ginzberg,en,ginzberg_legends_en,012,,THE CREATION OF ADAM,corpus/ginzberg_legends_en/012_the-creation-of-adam.html,Gutenberg #1493/1494/2881/2882 (Legends of the Jews)
ginzberg_legends_en:013,Louis Ginzberg,en,ginzberg_legends_en,013,,THE SOUL OF MAN,corpus/ginzberg_legends_en/013_the-soul-of-man.html,Gutenberg #1493/1494/2881/2882 (Legends of the Jews)
ginzberg_legends_en:014,Louis Ginzberg,en,ginzberg_legends_en,014,,THE IDEAL MAN,corpus/ginzberg_legends_en/014_the-ideal-man.html,Gutenberg #1493/1494/2881/2882 (Legends of the Jews)
ginzberg_legends_en:015,Louis Ginzberg,en,ginzberg_legends_en,015,,THE FALL OF SATAN,corpus/ginzberg_legends_en/015_the-fall-of-satan.html,Gutenberg #1493/1494/2881/2882 (Legends of the Jews)
ginzberg_legends_en:016,Louis Ginzberg,en,ginzberg_legends_en,016,,WOMAN,corpus/ginzberg_legends_en/016_woman.html,Gutenberg #1493/1494/2881/2882 (Legends of the Jews)
ginzberg_legends_en:017,Louis Ginzberg,en,ginzberg_legends_en,017,,ADAM AND EVE IN PARADISE,corpus/ginzberg_legends_en/017_adam-and-eve-in-paradise.html,Gutenberg #1493/1494/2881/2882 (Legends of the Jews)
ginzberg_legends_en:018,Louis Ginzberg,en,ginzberg_legends_en,018,,THE FALL OF MAN,corpus/ginzberg_legends_en/018_the-fall-of-man.html,Gutenberg #1493/1494/2881/2882 (Legends of the Jews)
ginzberg_legends_en:019,Louis Ginzberg,en,ginzberg_legends_en,019,,THE PUNISHMENT,corpus/ginzberg_legends_en/019_the-punishment.html,Gutenberg #1493/1494/2881/2882 (Legends of the Jews)
ginzberg_legends_en:020,Louis Ginzberg,en,ginzberg_legends_en,020,,SABBATH IN HEAVEN,corpus/ginzberg_legends_en/020_sabbath-in-heaven.html,Gutenberg #1493/1494/2881/2882 (Legends of the Jews)
ginzberg_legends_en:021,Louis Ginzberg,en,ginzberg_legends_en,021,,ADAM'S REPENTANCE,corpus/ginzberg_legends_en/021_adams-repentance.html,Gutenberg #1493/1494/2881/2882 (Legends of the Jews)
ginzberg_legends_en:022,Louis Ginzberg,en,ginzberg_legends_en,022,,THE BOOK OF RAZIEL,corpus/ginzberg_legends_en/022_the-book-of-raziel.html,Gutenberg #1493/1494/2881/2882 (Legends of the Jews)
ginzberg_legends_en:023,Louis Ginzberg,en,ginzberg_legends_en,023,,THE SICKNESS OF ADAM,corpus/ginzberg_legends_en/023_the-sickness-of-adam.html,Gutenberg #1493/1494/2881/2882 (Legends of the Jews)
ginzberg_legends_en:024,Louis Ginzberg,en,ginzberg_legends_en,024,,EVE'S STORY OF THE FALL,corpus/ginzberg_legends_en/024_eves-story-of-the-fall.html,Gutenberg #1493/1494/2881/2882 (Legends of the Jews)
ginzberg_legends_en:025,Louis Ginzberg,en,ginzberg_legends_en,025,,THE DEATH OF ADAM,corpus/ginzberg_legends_en/025_the-death-of-adam.html,Gutenberg #1493/1494/2881/2882 (Legends of the Jews)
ginzberg_legends_en:026,Louis Ginzberg,en,ginzberg_legends_en,026,,THE DEATH OF EVE,corpus/ginzberg_legends_en/026_the-death-of-eve.html,Gutenberg #1493/1494/2881/2882 (Legends of the Jews)
ginzberg_legends_en:027,Louis Ginzberg,en,ginzberg_legends_en,027,,THE BIRTH OF CAIN,corpus/ginzberg_legends_en/027_the-birth-of-cain.html,Gutenberg #1493/1494/2881/2882 (Legends of the Jews)
ginzberg_legends_en:028,Louis Ginzberg,en,ginzberg_legends_en,028,,FRATRICIDE,corpus/ginzberg_legends_en/028_fratricide.html,Gutenberg #1493/1494/2881/2882 (Legends of the Jews)
ginzberg_legends_en:029,Louis Ginzberg,en,ginzberg_legends_en,029,,THE PUNISHMENT OF CAIN,corpus/ginzberg_legends_en/029_the-punishment-of-cain.html,Gutenberg #1493/1494/2881/2882 (Legends of the Jews)
ginzberg_legends_en:030,Louis Ginzberg,en,ginzberg_legends_en,030,,THE INHABITANTS OF THE SEVEN EARTHS,corpus/ginzberg_legends_en/030_the-inhabitants-of-the-seven-earths.html,Gutenberg #1493/1494/2881/2882 (Legends of the Jews)
ginzberg_legends_en:031,Louis Ginzberg,en,ginzberg_legends_en,031,,THE DESCENDANTS OF CAIN,corpus/ginzberg_legends_en/031_the-descendants-of-cain.html,Gutenberg #1493/1494/2881/2882 (Legends of the Jews)
ginzberg_legends_en:032,Louis Ginzberg,en,ginzberg_legends_en,032,,THE DESCENDANTS OF ADAM AND LILITH,corpus/ginzberg_legends_en/032_the-descendants-of-adam-and-lilith.html,Gutenberg #1493/1494/2881/2882 (Legends of the Jews)
ginzberg_legends_en:033,Louis Ginzberg,en,ginzberg_legends_en,033,,SETH AND HIS DESCENDANTS,corpus/ginzberg_legends_en/033_seth-and-his-descendants.html,Gutenberg #1493/1494/2881/2882 (Legends of the Jews)
ginzberg_legends_en:034,Louis Ginzberg,en,ginzberg_legends_en,034,,ENOSH,corpus/ginzberg_legends_en/034_enosh.html,Gutenberg #1493/1494/2881/2882 (Legends of the Jews)
ginzberg_legends_en:035,Louis Ginzberg,en,ginzberg_legends_en,035,,THE FALL OF THE ANGELS,corpus/ginzberg_legends_en/035_the-fall-of-the-angels.html,Gutenberg #1493/1494/2881/2882 (Legends of the Jews)
ginzberg_legends_en:036,Louis Ginzberg,en,ginzberg_legends_en,036,,"ENOCH, RULER AND TEACHER",corpus/ginzberg_legends_en/036_enoch-ruler-and-teacher.html,Gutenberg #1493/1494/2881/2882 (Legends of the Jews)
ginzberg_legends_en:037,Louis Ginzberg,en,ginzberg_legends_en,037,,THE ASCENSION OF ENOCH,corpus/ginzberg_legends_en/037_the-ascension-of-enoch.html,Gutenberg #1493/1494/2881/2882 (Legends of the Jews)
ginzberg_legends_en:038,Louis Ginzberg,en,ginzberg_legends_en,038,,THE TRANSLATION OF ENOCH,corpus/ginzberg_legends_en/038_the-translation-of-enoch.html,Gutenberg #1493/1494/2881/2882 (Legends of the Jews)
ginzberg_legends_en:039,Louis Ginzberg,en,ginzberg_legends_en,039,,METHUSELAH,corpus/ginzberg_legends_en/039_methuselah.html,Gutenberg #1493/1494/2881/2882 (Legends of the Jews)
ginzberg_legends_en:040,Louis Ginzberg,en,ginzberg_legends_en,040,,THE BIRTH OF NOAH,corpus/ginzberg_legends_en/040_the-birth-of-noah.html,Gutenberg #1493/1494/2881/2882 (Legends of the Jews)
ginzberg_legends_en:041,Louis Ginzberg,en,ginzberg_legends_en,041,,THE PUNISHMENT OF THE FALLEN ANGELS,corpus/ginzberg_legends_en/041_the-punishment-of-the-fallen-angels.html,Gutenberg #1493/1494/2881/2882 (Legends of the Jews)
ginzberg_legends_en:042,Louis Ginzberg,en,ginzberg_legends_en,042,,THE GENERATION OF THE DELUGE,corpus/ginzberg_legends_en/042_the-generation-of-the-deluge.html,Gutenberg #1493/1494/2881/2882 (Legends of the Jews)
ginzberg_legends_en:043,Louis Ginzberg,en,ginzberg_legends_en,043,,THE HOLY BOOK,corpus/ginzberg_legends_en/043_the-holy-book.html,Gutenberg #1493/1494/2881/2882 (Legends of the Jews)
ginzberg_legends_en:044,Louis Ginzberg,en,ginzberg_legends_en,044,,THE INMATES OF THE ARK,corpus/ginzberg_legends_en/044_the-inmates-of-the-ark.html,Gutenberg #1493/1494/2881/2882 (Legends of the Jews)
ginzberg_legends_en:045,Louis Ginzberg,en,ginzberg_legends_en,045,,THE FLOOD,corpus/ginzberg_legends_en/045_the-flood.html,Gutenberg #1493/1494/2881/2882 (Legends of the Jews)
ginzberg_legends_en:046,Louis Ginzberg,en,ginzberg_legends_en,046,,NOAH LEAVES THE ARK,corpus/ginzberg_legends_en/046_noah-leaves-the-ark.html,Gutenberg #1493/1494/2881/2882 (Legends of the Jews)
ginzberg_legends_en:047,Louis Ginzberg,en,ginzberg_legends_en,047,,THE CURSE OF DRUNKENNESS,corpus/ginzberg_legends_en/047_the-curse-of-drunkenness.html,Gutenberg #1493/1494/2881/2882 (Legends of the Jews)
ginzberg_legends_en:048,Louis Ginzberg,en,ginzberg_legends_en,048,,NOAH'S DESCENDANTS SPREAD ABROAD,corpus/ginzberg_legends_en/048_noahs-descendants-spread-abroad.html,Gutenberg #1493/1494/2881/2882 (Legends of the Jews)
ginzberg_legends_en:049,Louis Ginzberg,en,ginzberg_legends_en,049,,THE DEPRAVITY OF MANKIND,corpus/ginzberg_legends_en/049_the-depravity-of-mankind.html,Gutenberg #1493/1494/2881/2882 (Legends of the Jews)
ginzberg_legends_en:050,Louis Ginzberg,en,ginzberg_legends_en,050,,NIMROD,corpus/ginzberg_legends_en/050_nimrod.html,Gutenberg #1493/1494/2881/2882 (Legends of the Jews)
ginzberg_legends_en:051,Louis Ginzberg,en,ginzberg_legends_en,051,,THE TOWER OF BABEL,corpus/ginzberg_legends_en/051_the-tower-of-babel.html,Gutenberg #1493/1494/2881/2882 (Legends of the Jews)
ginzberg_legends_en:052,Louis Ginzberg,en,ginzberg_legends_en,052,,THE WICKED GENERATIONS,corpus/ginzberg_legends_en/052_the-wicked-generations.html,Gutenberg #1493/1494/2881/2882 (Legends of the Jews)
ginzberg_legends_en:053,Louis Ginzberg,en,ginzberg_legends_en,053,,THE BIRTH OF ABRAHAM,corpus/ginzberg_legends_en/053_the-birth-of-abraham.html,Gutenberg #1493/1494/2881/2882 (Legends of the Jews)
ginzberg_legends_en:054,Louis Ginzberg,en,ginzberg_legends_en,054,,THE BABE PROCLAIMS GOD,corpus/ginzberg_legends_en/054_the-babe-proclaims-god.html,Gutenberg #1493/1494/2881/2882 (Legends of the Jews)
ginzberg_legends_en:055,Louis Ginzberg,en,ginzberg_legends_en,055,,ABRAHAM'S FIRST APPEARANCE IN PUBLIC,corpus/ginzberg_legends_en/055_abrahams-first-appearance-in-public.html,Gutenberg #1493/1494/2881/2882 (Legends of the Jews)
ginzberg_legends_en:056,Louis Ginzberg,en,ginzberg_legends_en,056,,THE PREACHER OF THE TRUE FAITH,corpus/ginzberg_legends_en/056_the-preacher-of-the-true-faith.html,Gutenberg #1493/1494/2881/2882 (Legends of the Jews)
ginzberg_legends_en:057,Louis Ginzberg,en,ginzberg_legends_en,057,,IN THE FIERY FURNACE,corpus/ginzberg_legends_en/057_in-the-fiery-furnace.html,Gutenberg #1493/1494/2881/2882 (Legends of the Jews)
ginzberg_legends_en:058,Louis Ginzberg,en,ginzberg_legends_en,058,,ABRAHAM EMIGRATES TO HARAN,corpus/ginzberg_legends_en/058_abraham-emigrates-to-haran.html,Gutenberg #1493/1494/2881/2882 (Legends of the Jews)
ginzberg_legends_en:059,Louis Ginzberg,en,ginzberg_legends_en,059,,THE STAR IN THE EAST,corpus/ginzberg_legends_en/059_the-star-in-the-east.html,Gutenberg #1493/1494/2881/2882 (Legends of the Jews)
ginzberg_legends_en:060,Louis Ginzberg,en,ginzberg_legends_en,060,,THE TRUE BELIEVER,corpus/ginzberg_legends_en/060_the-true-believer.html,Gutenberg #1493/1494/2881/2882 (Legends of the Jews)
ginzberg_legends_en:061,Louis Ginzberg,en,ginzberg_legends_en,061,,THE ICONOCLAST,corpus/ginzberg_legends_en/061_the-iconoclast.html,Gutenberg #1493/1494/2881/2882 (Legends of the Jews)
ginzberg_legends_en:062,Louis Ginzberg,en,ginzberg_legends_en,062,,ABRAHAM IN CANAAN,corpus/ginzberg_legends_en/062_abraham-in-canaan.html,Gutenberg #1493/1494/2881/2882 (Legends of the Jews)
ginzberg_legends_en:063,Louis Ginzberg,en,ginzberg_legends_en,063,,HIS SOJOURN IN EGYPT,corpus/ginzberg_legends_en/063_his-sojourn-in-egypt.html,Gutenberg #1493/1494/2881/2882 (Legends of the Jews)
ginzberg_legends_en:064,Louis Ginzberg,en,ginzberg_legends_en,064,,THE FIRST PHARAOH,corpus/ginzberg_legends_en/064_the-first-pharaoh.html,Gutenberg #1493/1494/2881/2882 (Legends of the Jews)
ginzberg_legends_en:065,Louis Ginzberg,en,ginzberg_legends_en,065,,THE WAR OF THE KINGS,corpus/ginzberg_legends_en/065_the-war-of-the-kings.html,Gutenberg #1493/1494/2881/2882 (Legends of the Jews)
ginzberg_legends_en:066,Louis Ginzberg,en,ginzberg_legends_en,066,,THE COVENANT OF THE PIECES,corpus/ginzberg_legends_en/066_the-covenant-of-the-pieces.html,Gutenberg #1493/1494/2881/2882 (Legends of the Jews)
ginzberg_legends_en:067,Louis Ginzberg,en,ginzberg_legends_en,067,,THE BIRTH OF ISHMAEL,corpus/ginzberg_legends_en/067_the-birth-of-ishmael.html,Gutenberg #1493/1494/2881/2882 (Legends of the Jews)
ginzberg_legends_en:068,Louis Ginzberg,en,ginzberg_legends_en,068,,THE VISIT OF THE ANGELS,corpus/ginzberg_legends_en/068_the-visit-of-the-angels.html,Gutenberg #1493/1494/2881/2882 (Legends of the Jews)
ginzberg_legends_en:069,Louis Ginzberg,en,ginzberg_legends_en,069,,THE CITIES OF SIN,corpus/ginzberg_legends_en/069_the-cities-of-sin.html,Gutenberg #1493/1494/2881/2882 (Legends of the Jews)
ginzberg_legends_en:070,Louis Ginzberg,en,ginzberg_legends_en,070,,ABRAHAM PLEADS FOR THE SINNERS,corpus/ginzberg_legends_en/070_abraham-pleads-for-the-sinners.html,Gutenberg #1493/1494/2881/2882 (Legends of the Jews)
ginzberg_legends_en:071,Louis Ginzberg,en,ginzberg_legends_en,071,,THE DESTRUCTION OF THE SINFUL CITIES,corpus/ginzberg_legends_en/071_the-destruction-of-the-sinful-cities.html,Gutenberg #1493/1494/2881/2882 (Legends of the Jews)
ginzberg_legends_en:072,Louis Ginzberg,en,ginzberg_legends_en,072,,AMONG THE PHILISTINES,corpus/ginzberg_legends_en/072_among-the-philistines.html,Gutenberg #1493/1494/2881/2882 (Legends of the Jews)
ginzberg_legends_en:073,Louis Ginzberg,en,ginzberg_legends_en,073,,THE BIRTH OF ISAAC,corpus/ginzberg_legends_en/073_the-birth-of-isaac.html,Gutenberg #1493/1494/2881/2882 (Legends of the Jews)
ginzberg_legends_en:074,Louis Ginzberg,en,ginzberg_legends_en,074,,ISHMAEL CAST OFF,corpus/ginzberg_legends_en/074_ishmael-cast-off.html,Gutenberg #1493/1494/2881/2882 (Legends of the Jews)
ginzberg_legends_en:075,Louis Ginzberg,en,ginzberg_legends_en,075,,THE TWO WIVES OF ISHMAEL,corpus/ginzberg_legends_en/075_the-two-wives-of-ishmael.html,Gutenberg #1493/1494/2881/2882 (Legends of the Jews)
ginzberg_legends_en:076,Louis Ginzberg,en,ginzberg_legends_en,076,,THE COVENANT WITH ABIMELECH,corpus/ginzberg_legends_en/076_the-covenant-with-abimelech.html,Gutenberg #1493/1494/2881/2882 (Legends of the Jews)
ginzberg_legends_en:077,Louis Ginzberg,en,ginzberg_legends_en,077,,SATAN ACCUSES ABRAHAM,corpus/ginzberg_legends_en/077_satan-accuses-abraham.html,Gutenberg #1493/1494/2881/2882 (Legends of the Jews)
ginzberg_legends_en:078,Louis Ginzberg,en,ginzberg_legends_en,078,,THE JOURNEY TO MORIAH,corpus/ginzberg_legends_en/078_the-journey-to-moriah.html,Gutenberg #1493/1494/2881/2882 (Legends of the Jews)
ginzberg_legends_en:079,Louis Ginzberg,en,ginzberg_legends_en,079,,THE 'AKEDAH,corpus/ginzberg_legends_en/079_the-akedah.html,Gutenberg #1493/1494/2881/2882 (Legends of the Jews)
ginzberg_legends_en:080,Louis Ginzberg,en,ginzberg_legends_en,080,,THE DEATH AND BURIAL OF SARAH,corpus/ginzberg_legends_en/080_the-death-and-burial-of-sarah.html,Gutenberg #1493/1494/2881/2882 (Legends of the Jews)
ginzberg_legends_en:081,Louis Ginzberg,en,ginzberg_legends_en,081,,ELIEZER'S MISSION,corpus/ginzberg_legends_en/081_eliezers-mission.html,Gutenberg #1493/1494/2881/2882 (Legends of the Jews)
ginzberg_legends_en:082,Louis Ginzberg,en,ginzberg_legends_en,082,,THE WOOING OF REBEKAH,corpus/ginzberg_legends_en/082_the-wooing-of-rebekah.html,Gutenberg #1493/1494/2881/2882 (Legends of the Jews)
ginzberg_legends_en:083,Louis Ginzberg,en,ginzberg_legends_en,083,,THE LAST YEARS OF ABRAHAM,corpus/ginzberg_legends_en/083_the-last-years-of-abraham.html,Gutenberg #1493/1494/2881/2882 (Legends of the Jews)
ginzberg_legends_en:084,Louis Ginzberg,en,ginzberg_legends_en,084,,A HERALD OF DEATH,corpus/ginzberg_legends_en/084_a-herald-of-death.html,Gutenberg #1493/1494/2881/2882 (Legends of the Jews)
ginzberg_legends_en:085,Louis Ginzberg,en,ginzberg_legends_en,085,,ABRAHAM VIEWS EARTH AND HEAVEN,corpus/ginzberg_legends_en/085_abraham-views-earth-and-heaven.html,Gutenberg #1493/1494/2881/2882 (Legends of the Jews)
ginzberg_legends_en:086,Louis Ginzberg,en,ginzberg_legends_en,086,,THE PATRON OF HEBRON,corpus/ginzberg_legends_en/086_the-patron-of-hebron.html,Gutenberg #1493/1494/2881/2882 (Legends of the Jews)
ginzberg_legends_en:087,Louis Ginzberg,en,ginzberg_legends_en,087,,THE BIRTH OF ESAU AND JACOB,corpus/ginzberg_legends_en/087_the-birth-of-esau-and-jacob.html,Gutenberg #1493/1494/2881/2882 (Legends of the Jews)
ginzberg_legends_en:088,Louis Ginzberg,en,ginzberg_legends_en,088,,THE FAVORITE OF ABRAHAM,corpus/ginzberg_legends_en/088_the-favorite-of-abraham.html,Gutenberg #1493/1494/2881/2882 (Legends of the Jews)
ginzberg_legends_en:089,Louis Ginzberg,en,ginzberg_legends_en,089,,THE SALE OF THE BIRTHRIGHT,corpus/ginzberg_legends_en/089_the-sale-of-the-birthright.html,Gutenberg #1493/1494/2881/2882 (Legends of the Jews)
ginzberg_legends_en:090,Louis Ginzberg,en,ginzberg_legends_en,090,,ISAAC WITH THE PHILISTINES,corpus/ginzberg_legends_en/090_isaac-with-the-philistines.html,Gutenberg #1493/1494/2881/2882 (Legends of the Jews)
ginzberg_legends_en:091,Louis Ginzberg,en,ginzberg_legends_en,091,,ISAAC BLESSES JACOB,corpus/ginzberg_legends_en/091_isaac-blesses-jacob.html,Gutenberg #1493/1494/2881/2882 (Legends of the Jews)
ginzberg_legends_en:092,Louis Ginzberg,en,ginzberg_legends_en,092,,ESAU'S TRUE CHARACTER REVEALED,corpus/ginzberg_legends_en/092_esaus-true-character-revealed.html,Gutenberg #1493/1494/2881/2882 (Legends of the Jews)
ginzberg_legends_en:093,Louis Ginzberg,en,ginzberg_legends_en,093,,JACOB LEAVES HIS FATHER'S HOUSE,corpus/ginzberg_legends_en/093_jacob-leaves-his-fathers-house.html,Gutenberg #1493/1494/2881/2882 (Legends of the Jews)
ginzberg_legends_en:094,Louis Ginzberg,en,ginzberg_legends_en,094,,JACOB PURSUED BY ELIPHAZ AND ESAU,corpus/ginzberg_legends_en/094_jacob-pursued-by-eliphaz-and-esau.html,Gutenberg #1493/1494/2881/2882 (Legends of the Jews)
ginzberg_legends_en:095,Louis Ginzberg,en,ginzberg_legends_en,095,,THE DAY OF MIRACLES,corpus/ginzberg_legends_en/095_the-day-of-miracles.html,Gutenberg #1493/1494/2881/2882 (Legends of the Jews)
ginzberg_legends_en:096,Louis Ginzberg,en,ginzberg_legends_en,096,,JACOB WITH LABAN,corpus/ginzberg_legends_en/096_jacob-with-laban.html,Gutenberg #1493/1494/2881/2882 (Legends of the Jews)
ginzberg_legends_en:097,Louis Ginzberg,en,ginzberg_legends_en,097,,THE MARRIAGE OF JACOB,corpus/ginzberg_legends_en/097_the-marriage-of-jacob.html,Gutenberg #1493/1494/2881/2882 (Legends of the Jews)
ginzberg_legends_en:098,Louis Ginzberg,en,ginzberg_legends_en,098,,THE BIRTH OF JACOB'S CHILDREN,corpus/ginzberg_legends_en/098_the-birth-of-jacobs-children.html,Gutenberg #1493/1494/2881/2882 (Legends of the Jews)
ginzberg_legends_en:099,Louis Ginzberg,en,ginzberg_legends_en,099,,JACOB FLEES BEFORE LABAN,corpus/ginzberg_legends_en/099_jacob-flees-before-laban.html,Gutenberg #1493/1494/2881/2882 (Legends of the Jews)
ginzberg_legends_en:100,Louis Ginzberg,en,ginzberg_legends_en,100,,THE COVENANT WITH LABAN,corpus/ginzberg_legends_en/100_the-covenant-with-laban.html,Gutenberg #1493/1494/2881/2882 (Legends of the Jews)
ginzberg_legends_en:101,Louis Ginzberg,en,ginzberg_legends_en,101,,JACOB AND ESAU PREPARE TO MEET,corpus/ginzberg_legends_en/101_jacob-and-esau-prepare-to-meet.html,Gutenberg #1493/1494/2881/2882 (Legends of the Jews)
ginzberg_legends_en:102,Louis Ginzberg,en,ginzberg_legends_en,102,,JACOB WRESTLES WITH THE ANGEL,corpus/ginzberg_legends_en/102_jacob-wrestles-with-the-angel.html,Gutenberg #1493/1494/2881/2882 (Legends of the Jews)
ginzberg_legends_en:103,Louis Ginzberg,en,ginzberg_legends_en,103,,THE MEETING BETWEEN ESAU AND JACOB,corpus/ginzberg_legends_en/103_the-meeting-between-esau-and-jacob.html,Gutenberg #1493/1494/2881/2882 (Legends of the Jews)
ginzberg_legends_en:104,Louis Ginzberg,en,ginzberg_legends_en,104,,THE OUTRAGE AT SHECHEM,corpus/ginzberg_legends_en/104_the-outrage-at-shechem.html,Gutenberg #1493/1494/2881/2882 (Legends of the Jews)
ginzberg_legends_en:105,Louis Ginzberg,en,ginzberg_legends_en,105,,A WAR FRUSTRATED,corpus/ginzberg_legends_en/105_a-war-frustrated.html,Gutenberg #1493/1494/2881/2882 (Legends of the Jews)
ginzberg_legends_en:106,Louis Ginzberg,en,ginzberg_legends_en,106,,THE WAR WITH THE NINEVITES,corpus/ginzberg_legends_en/106_the-war-with-the-ninevites.html,Gutenberg #1493/1494/2881/2882 (Legends of the Jews)
ginzberg_legends_en:107,Louis Ginzberg,en,ginzberg_legends_en,107,,THE WAR WITH THE AMORITES,corpus/ginzberg_legends_en/107_the-war-with-the-amorites.html,Gutenberg #1493/1494/2881/2882 (Legends of the Jews)
ginzberg_legends_en:108,Louis Ginzberg,en,ginzberg_legends_en,108,,ISAAC BLESSES LEVI AND JUDAH,corpus/ginzberg_legends_en/108_isaac-blesses-levi-and-judah.html,Gutenberg #1493/1494/2881/2882 (Legends of the Jews)
ginzberg_legends_en:109,Louis Ginzberg,en,ginzberg_legends_en,109,,JOY AND SORROW IN THE HOUSE OF JACOB,corpus/ginzberg_legends_en/109_joy-and-sorrow-in-the-house-of-jacob.html,Gutenberg #1493/1494/2881/2882 (Legends of the Jews)
ginzberg_legends_en:110,Louis Ginzberg,en,ginzberg_legends_en,110,,ESAU'S CAMPAIGN AGAINST JACOB,corpus/ginzberg_legends_en/110_esaus-campaign-against-jacob.html,Gutenberg #1493/1494/2881/2882 (Legends of the Jews)
ginzberg_legends_en:111,Louis Ginzberg,en,ginzberg_legends_en,111,,THE DESCENDANTS OF ESAU,corpus/ginzberg_legends_en/111_the-descendants-of-esau.html,Gutenberg #1493/1494/2881/2882 (Legends of the Jews)
ginzberg_legends_en:112,Louis Ginzberg,en,ginzberg_legends_en,112,,THE FAVORITE SON,corpus/ginzberg_legends_en/112_the-favorite-son.html,Gutenberg #1493/1494/2881/2882 (Legends of the Jews)
ginzberg_legends_en:113,Louis Ginzberg,en,ginzberg_legends_en,113,,JOSEPH HATED BY HIS BRETHREN,corpus/ginzberg_legends_en/113_joseph-hated-by-his-brethren.html,Gutenberg #1493/1494/2881/2882 (Legends of the Jews)
ginzberg_legends_en:114,Louis Ginzberg,en,ginzberg_legends_en,114,,JOSEPH CAST INTO THE PIT,corpus/ginzberg_legends_en/114_joseph-cast-into-the-pit.html,Gutenberg #1493/1494/2881/2882 (Legends of the Jews)
ginzberg_legends_en:115,Louis Ginzberg,en,ginzberg_legends_en,115,,THE SALE,corpus/ginzberg_legends_en/115_the-sale.html,Gutenberg #1493/1494/2881/2882 (Legends of the Jews)
ginzberg_legends_en:116,Louis Ginzberg,en,ginzberg_legends_en,116,,JOSEPH'S THREE MASTERS,corpus/ginzberg_legends_en/116_josephs-three-masters.html,Gutenberg #1493/1494/2881/2882 (Legends of the Jews)
ginzberg_legends_en:117,Louis Ginzberg,en,ginzberg_legends_en,117,,JOSEPH'S COAT BROUGHT TO HIS FATHER,corpus/ginzberg_legends_en/117_josephs-coat-brought-to-his-father.html,Gutenberg #1493/1494/2881/2882 (Legends of the Jews)
ginzberg_legends_en:118,Louis Ginzberg,en,ginzberg_legends_en,118,,JUDAH AND HIS SONS,corpus/ginzberg_legends_en/118_judah-and-his-sons.html,Gutenberg #1493/1494/2881/2882 (Legends of the Jews)
ginzberg_legends_en:119,Louis Ginzberg,en,ginzberg_legends_en,119,,THE WIVES OF THE SONS OF JACOB,corpus/ginzberg_legends_en/119_the-wives-of-the-sons-of-jacob.html,Gutenberg #1493/1494/2881/2882 (Legends of the Jews)
ginzberg_legends_en:120,Louis Ginzberg,en,ginzberg_legends_en,120,,JOSEPH THE SLAVE OF POTIPHAR,corpus/ginzberg_legends_en/120_joseph-the-slave-of-potiphar.html,Gutenberg #1493/1494/2881/2882 (Legends of the Jews)
ginzberg_legends_en:121,Louis Ginzberg,en,ginzberg_legends_en,121,,JOSEPH AND ZULEIKA,corpus/ginzberg_legends_en/121_joseph-and-zuleika.html,Gutenberg #1493/1494/2881/2882 (Legends of the Jews)
ginzberg_legends_en:122,Louis Ginzberg,en,ginzberg_legends_en,122,,JOSEPH RESISTS TEMPTATION,corpus/ginzberg_legends_en/122_joseph-resists-temptation.html,Gutenberg #1493/1494/2881/2882 (Legends of the Jews)
ginzberg_legends_en:123,Louis Ginzberg,en,ginzberg_legends_en,123,,JOSEPH IN PRISON,corpus/ginzberg_legends_en/123_joseph-in-prison.html,Gutenberg #1493/1494/2881/2882 (Legends of the Jews)
ginzberg_legends_en:124,Louis Ginzberg,en,ginzberg_legends_en,124,,PHARAOH'S DREAMS,corpus/ginzberg_legends_en/124_pharaohs-dreams.html,Gutenberg #1493/1494/2881/2882 (Legends of the Jews)
ginzberg_legends_en:125,Louis Ginzberg,en,ginzberg_legends_en,125,,JOSEPH BEFORE PHARAOH,corpus/ginzberg_legends_en/125_joseph-before-pharaoh.html,Gutenberg #1493/1494/2881/2882 (Legends of the Jews)
ginzberg_legends_en:126,Louis Ginzberg,en,ginzberg_legends_en,126,,THE RULER OF EGYPT,corpus/ginzberg_legends_en/126_the-ruler-of-egypt.html,Gutenberg #1493/1494/2881/2882 (Legends of the Jews)
ginzberg_legends_en:127,Louis Ginzberg,en,ginzberg_legends_en,127,,JOSEPH'S BRETHREN IN EGYPT,corpus/ginzberg_legends_en/127_josephs-brethren-in-egypt.html,Gutenberg #1493/1494/2881/2882 (Legends of the Jews)
ginzberg_legends_en:128,Louis Ginzberg,en,ginzberg_legends_en,128,,JOSEPH MEETS HIS BRETHREN,corpus/ginzberg_legends_en/128_joseph-meets-his-brethren.html,Gutenberg #1493/1494/2881/2882 (Legends of the Jews)
ginzberg_legends_en:129,Louis Ginzberg,en,ginzberg_legends_en,129,,THE SECOND JOURNEY TO EGYPT,corpus/ginzberg_legends_en/129_the-second-journey-to-egypt.html,Gutenberg #1493/1494/2881/2882 (Legends of the Jews)
ginzberg_legends_en:130,Louis Ginzberg,en,ginzberg_legends_en,130,,JOSEPH AND BENJAMIN,corpus/ginzberg_legends_en/130_joseph-and-benjamin.html,Gutenberg #1493/1494/2881/2882 (Legends of the Jews)
ginzberg_legends_en:131,Louis Ginzberg,en,ginzberg_legends_en,131,,THE THIEF CAUGHT,corpus/ginzberg_legends_en/131_the-thief-caught.html,Gutenberg #1493/1494/2881/2882 (Legends of the Jews)
ginzberg_legends_en:132,Louis Ginzberg,en,ginzberg_legends_en,132,,JUDAH PLEADS AND THREATENS.,corpus/ginzberg_legends_en/132_judah-pleads-and-threatens.html,Gutenberg #1493/1494/2881/2882 (Legends of the Jews)
ginzberg_legends_en:133,Louis Ginzberg,en,ginzberg_legends_en,133,,JOSEPH MAKES HIMSELF KNOWN,corpus/ginzberg_legends_en/133_joseph-makes-himself-known.html,Gutenberg #1493/1494/2881/2882 (Legends of the Jews)
ginzberg_legends_en:134,Louis Ginzberg,en,ginzberg_legends_en,134,,JACOB RECEIVES THE GLAD TIDINGS,corpus/ginzberg_legends_en/134_jacob-receives-the-glad-tidings.html,Gutenberg #1493/1494/2881/2882 (Legends of the Jews)
ginzberg_legends_en:135,Louis Ginzberg,en,ginzberg_legends_en,135,,JACOB ARRIVES IN EGYPT,corpus/ginzberg_legends_en/135_jacob-arrives-in-egypt.html,Gutenberg #1493/1494/2881/2882 (Legends of the Jews)
ginzberg_legends_en:136,Louis Ginzberg,en,ginzberg_legends_en,136,,JOSEPH'S KINDNESS AND GENEROSITY,corpus/ginzberg_legends_en/136_josephs-kindness-and-generosity.html,Gutenberg #1493/1494/2881/2882 (Legends of the Jews)
ginzberg_legends_en:137,Louis Ginzberg,en,ginzberg_legends_en,137,,JACOB'S LAST WISH,corpus/ginzberg_legends_en/137_jacobs-last-wish.html,Gutenberg #1493/1494/2881/2882 (Legends of the Jews)
ginzberg_legends_en:138,Louis Ginzberg,en,ginzberg_legends_en,138,,THE BLESSING OF EPHRAIM AND MANASSEH,corpus/ginzberg_legends_en/138_the-blessing-of-ephraim-and-manasseh.html,Gutenberg #1493/1494/2881/2882 (Legends of the Jews)
ginzberg_legends_en:139,Louis Ginzberg,en,ginzberg_legends_en,139,,THE BLESSING OF THE TWELVE TRIBES,corpus/ginzberg_legends_en/139_the-blessing-of-the-twelve-tribes.html,Gutenberg #1493/1494/2881/2882 (Legends of the Jews)
ginzberg_legends_en:140,Louis Ginzberg,en,ginzberg_legends_en,140,,THE DEATH OF JACOB,corpus/ginzberg_legends_en/140_the-death-of-jacob.html,Gutenberg #1493/1494/2881/2882 (Legends of the Jews)
ginzberg_legends_en:141,Louis Ginzberg,en,ginzberg_legends_en,141,,THE SONS OF JACOB AT WAR WITH THE SONS OF ESAU,corpus/ginzberg_legends_en/141_the-sons-of-jacob-at-war-with-the-sons-of-esau.html,Gutenberg #1493/1494/2881/2882 (Legends of the Jews)
ginzberg_legends_en:142,Louis Ginzberg,en,ginzberg_legends_en,142,,ZEPHO KING OF KITTIM,corpus/ginzberg_legends_en/142_zepho-king-of-kittim.html,Gutenberg #1493/1494/2881/2882 (Legends of the Jews)
ginzberg_legends_en:143,Louis Ginzberg,en,ginzberg_legends_en,143,,THE NATIONS AT WAR,corpus/ginzberg_legends_en/143_the-nations-at-war.html,Gutenberg #1493/1494/2881/2882 (Legends of the Jews)
ginzberg_legends_en:144,Louis Ginzberg,en,ginzberg_legends_en,144,,JOSEPH'S MAGNANIMITY,corpus/ginzberg_legends_en/144_josephs-magnanimity.html,Gutenberg #1493/1494/2881/2882 (Legends of the Jews)
ginzberg_legends_en:145,Louis Ginzberg,en,ginzberg_legends_en,145,,ASENATH,corpus/ginzberg_legends_en/145_asenath.html,Gutenberg #1493/1494/2881/2882 (Legends of the Jews)
ginzberg_legends_en:146,Louis Ginzberg,en,ginzberg_legends_en,146,,THE MARRIAGE OF JOSEPH,corpus/ginzberg_legends_en/146_the-marriage-of-joseph.html,Gutenberg #1493/1494/2881/2882 (Legends of the Jews)
ginzberg_legends_en:147,Louis Ginzberg,en,ginzberg_legends_en,147,,KIND AND UNKIND BRETHREN,corpus/ginzberg_legends_en/147_kind-and-unkind-brethren.html,Gutenberg #1493/1494/2881/2882 (Legends of the Jews)
ginzberg_legends_en:148,Louis Ginzberg,en,ginzberg_legends_en,148,,TREACHERY PUNISHED,corpus/ginzberg_legends_en/148_treachery-punished.html,Gutenberg #1493/1494/2881/2882 (Legends of the Jews)
ginzberg_legends_en:149,Louis Ginzberg,en,ginzberg_legends_en,149,,THE DEATH AND BURIAL OF JOSEPH,corpus/ginzberg_legends_en/149_the-death-and-burial-of-joseph.html,Gutenberg #1493/1494/2881/2882 (Legends of the Jews)
ginzberg_legends_en:150,Louis Ginzberg,en,ginzberg_legends_en,150,,SIGNIFICANT NAMES,corpus/ginzberg_legends_en/150_significant-names.html,Gutenberg #1493/1494/2881/2882 (Legends of the Jews)
ginzberg_legends_en:151,Louis Ginzberg,en,ginzberg_legends_en,151,,REUBEN'S TESTAMENT,corpus/ginzberg_legends_en/151_reubens-testament.html,Gutenberg #1493/1494/2881/2882 (Legends of the Jews)
ginzberg_legends_en:152,Louis Ginzberg,en,ginzberg_legends_en,152,,SIMON'S ADMONITION AGAINST ENVY,corpus/ginzberg_legends_en/152_simons-admonition-against-envy.html,Gutenberg #1493/1494/2881/2882 (Legends of the Jews)
ginzberg_legends_en:153,Louis Ginzberg,en,ginzberg_legends_en,153,,THE ASCENSION OF LEVI,corpus/ginzberg_legends_en/153_the-ascension-of-levi.html,Gutenberg #1493/1494/2881/2882 (Legends of the Jews)
ginzberg_legends_en:154,Louis Ginzberg,en,ginzberg_legends_en,154,,JUDAH WARNS AGAINST GREED AND UNCHASTITY,corpus/ginzberg_legends_en/154_judah-warns-against-greed-and-unchastity.html,Gutenberg #1493/1494/2881/2882 (Legends of the Jews)
ginzberg_legends_en:155,Louis Ginzberg,en,ginzberg_legends_en,155,,ISSACHAR'S SINGLENESS OF HEART,corpus/ginzberg_legends_en/155_issachars-singleness-of-heart.html,Gutenberg #1493/1494/2881/2882 (Legends of the Jews)
ginzberg_legends_en:156,Louis Ginzberg,en,ginzberg_legends_en,156,,ZEBULON EXHORTS UNTO COMPASSION,corpus/ginzberg_legends_en/156_zebulon-exhorts-unto-compassion.html,Gutenberg #1493/1494/2881/2882 (Legends of the Jews)
ginzberg_legends_en:157,Louis Ginzberg,en,ginzberg_legends_en,157,,DAN'S CONFESSION,corpus/ginzberg_legends_en/157_dans-confession.html,Gutenberg #1493/1494/2881/2882 (Legends of the Jews)
ginzberg_legends_en:158,Louis Ginzberg,en,ginzberg_legends_en,158,,NAPHTALI'S DREAMS OF THE DIVISION OF THE TRIBES,corpus/ginzberg_legends_en/158_naphtalis-dreams-of-the-division-of-the-tribes.html,Gutenberg #1493/1494/2881/2882 (Legends of the Jews)
ginzberg_legends_en:159,Louis Ginzberg,en,ginzberg_legends_en,159,,GAD'S HATRED,corpus/ginzberg_legends_en/159_gads-hatred.html,Gutenberg #1493/1494/2881/2882 (Legends of the Jews)
ginzberg_legends_en:160,Louis Ginzberg,en,ginzberg_legends_en,160,,ASHER'S LAST WORDS,corpus/ginzberg_legends_en/160_ashers-last-words.html,Gutenberg #1493/1494/2881/2882 (Legends of the Jews)
ginzberg_legends_en:161,Louis Ginzberg,en,ginzberg_legends_en,161,,BENJAMIN EXTOLS JOSEPH,corpus/ginzberg_legends_en/161_benjamin-extols-joseph.html,Gutenberg #1493/1494/2881/2882 (Legends of the Jews)
ginzberg_legends_en:162,Louis Ginzberg,en,ginzberg_legends_en,162,,JOB AND THE PATRIARCHS,corpus/ginzberg_legends_en/162_job-and-the-patriarchs.html,Gutenberg #1493/1494/2881/2882 (Legends of the Jews)
ginzberg_legends_en:163,Louis Ginzberg,en,ginzberg_legends_en,163,,JOB'S WEALTH AND BENEFACTIONS,corpus/ginzberg_legends_en/163_jobs-wealth-and-benefactions.html,Gutenberg #1493/1494/2881/2882 (Legends of the Jews)
ginzberg_legends_en:164,Louis Ginzberg,en,ginzberg_legends_en,164,,SATAN AND JOB,corpus/ginzberg_legends_en/164_satan-and-job.html,Gutenberg #1493/1494/2881/2882 (Legends of the Jews)
ginzberg_legends_en:165,Louis Ginzberg,en,ginzberg_legends_en,165,,JOB'S SUFFERING,corpus/ginzberg_legends_en/165_jobs-suffering.html,Gutenberg #1493/1494/2881/2882 (Legends of the Jews)
ginzberg_legends_en:166,Louis Ginzberg,en,ginzberg_legends_en,166,,THE FOUR FRIENDS,corpus/ginzberg_legends_en/166_the-four-friends.html,Gutenberg #1493/1494/2881/2882 (Legends of the Jews)
ginzberg_legends_en:167,Louis Ginzberg,en,ginzberg_legends_en,167,,JOB RESTORED,corpus/ginzberg_legends_en/167_job-restored.html,Gutenberg #1493/1494/2881/2882 (Legends of the Jews)
ginzberg_legends_en:168,Louis Ginzberg,en,ginzberg_legends_en,168,,THE BEGINNING OF THE EGYPTIAN BONDAGE,corpus/ginzberg_legends_en/168_the-beginning-of-the-egyptian-bondage.html,Gutenberg #1493/1494/2881/2882 (Legends of the Jews)
ginzberg_legends_en:169,Louis Ginzberg,en,ginzberg_legends_en,169,,PHARAOH'S CUNNING,corpus/ginzberg_legends_en/169_pharaohs-cunning.html,Gutenberg #1493/1494/2881/2882 (Legends of the Jews)
ginzberg_legends_en:170,Louis Ginzberg,en,ginzberg_legends_en,170,,THE PIOUS MIDWIVES,corpus/ginzberg_legends_en/170_the-pious-midwives.html,Gutenberg #1493/1494/2881/2882 (Legends of the Jews)
ginzberg_legends_en:171,Louis Ginzberg,en,ginzberg_legends_en,171,,THE THREE COUNSELLORS,corpus/ginzberg_legends_en/171_the-three-counsellors.html,Gutenberg #1493/1494/2881/2882 (Legends of the Jews)
ginzberg_legends_en:172,Louis Ginzberg,en,ginzberg_legends_en,172,,THE SLAUGHTER OF THE INNOCENTS,corpus/ginzberg_legends_en/172_the-slaughter-of-the-innocents.html,Gutenberg #1493/1494/2881/2882 (Legends of the Jews)
ginzberg_legends_en:173,Louis Ginzberg,en,ginzberg_legends_en,173,,THE PARENTS OF MOSES,corpus/ginzberg_legends_en/173_the-parents-of-moses.html,Gutenberg #1493/1494/2881/2882 (Legends of the Jews)
ginzberg_legends_en:174,Louis Ginzberg,en,ginzberg_legends_en,174,,THE BIRTH OF MOSES,corpus/ginzberg_legends_en/174_the-birth-of-moses.html,Gutenberg #1493/1494/2881/2882 (Legends of the Jews)
ginzberg_legends_en:175,Louis Ginzberg,en,ginzberg_legends_en,175,,MOSES RESCUED FROM THE WATER,corpus/ginzberg_legends_en/175_moses-rescued-from-the-water.html,Gutenberg #1493/1494/2881/2882 (Legends of the Jews)
ginzberg_legends_en:176,Louis Ginzberg,en,ginzberg_legends_en,176,,THE INFANCY OF MOSES,corpus/ginzberg_legends_en/176_the-infancy-of-moses.html,Gutenberg #1493/1494/2881/2882 (Legends of the Jews)
ginzberg_legends_en:177,Louis Ginzberg,en,ginzberg_legends_en,177,,MOSES RESCUED BY GABRIEL,corpus/ginzberg_legends_en/177_moses-rescued-by-gabriel.html,Gutenberg #1493/1494/2881/2882 (Legends of the Jews)
ginzberg_legends_en:178,Louis Ginzberg,en,ginzberg_legends_en,178,,THE YOUTH OF MOSES,corpus/ginzberg_legends_en/178_the-youth-of-moses.html,Gutenberg #1493/1494/2881/2882 (Legends of the Jews)
ginzberg_legends_en:179,Louis Ginzberg,en,ginzberg_legends_en,179,,THE FLIGHT,corpus/ginzberg_legends_en/179_the-flight.html,Gutenberg #1493/1494/2881/2882 (Legends of the Jews)
ginzberg_legends_en:180,Louis Ginzberg,en,ginzberg_legends_en,180,,THE KING OF ETHIOPIA,corpus/ginzberg_legends_en/180_the-king-of-ethiopia.html,Gutenberg #1493/1494/2881/2882 (Legends of the Jews)
ginzberg_legends_en:181,Louis Ginzberg,en,ginzberg_legends_en,181,,JETHRO,corpus/ginzberg_legends_en/181_jethro.html,Gutenberg #1493/1494/2881/2882 (Legends of the Jews)
ginzberg_legends_en:182,Louis Ginzberg,en,ginzberg_legends_en,182,,MOSES MARRIES ZIPPORAH,corpus/ginzberg_legends_en/182_moses-marries-zipporah.html,Gutenberg #1493/1494/2881/2882 (Legends of the Jews)
ginzberg_legends_en:183,Louis Ginzberg,en,ginzberg_legends_en,183,,A BLOODY REMEDY,corpus/ginzberg_legends_en/183_a-bloody-remedy.html,Gutenberg #1493/1494/2881/2882 (Legends of the Jews)
ginzberg_legends_en:184,Louis Ginzberg,en,ginzberg_legends_en,184,,THE FAITHFUL SHEPHERD,corpus/ginzberg_legends_en/184_the-faithful-shepherd.html,Gutenberg #1493/1494/2881/2882 (Legends of the Jews)
ginzberg_legends_en:185,Louis Ginzberg,en,ginzberg_legends_en,185,,THE BURNING THORN-BUSH,corpus/ginzberg_legends_en/185_the-burning-thorn-bush.html,Gutenberg #1493/1494/2881/2882 (Legends of the Jews)
ginzberg_legends_en:186,Louis Ginzberg,en,ginzberg_legends_en,186,,THE ASCENSION OF MOSES,corpus/ginzberg_legends_en/186_the-ascension-of-moses.html,Gutenberg #1493/1494/2881/2882 (Legends of the Jews)
ginzberg_legends_en:187,Louis Ginzberg,en,ginzberg_legends_en,187,,MOSES VISITS PARADISE AND HELL,corpus/ginzberg_legends_en/187_moses-visits-paradise-and-hell.html,Gutenberg #1493/1494/2881/2882 (Legends of the Jews)
ginzberg_legends_en:188,Louis Ginzberg,en,ginzberg_legends_en,188,,MOSES DECLINES THE MISSION,corpus/ginzberg_legends_en/188_moses-declines-the-mission.html,Gutenberg #1493/1494/2881/2882 (Legends of the Jews)
ginzberg_legends_en:189,Louis Ginzberg,en,ginzberg_legends_en,189,,MOSES PUNISHED FOR HIS STUBBORNNESS,corpus/ginzberg_legends_en/189_moses-punished-for-his-stubbornness.html,Gutenberg #1493/1494/2881/2882 (Legends of the Jews)
ginzberg_legends_en:190,Louis Ginzberg,en,ginzberg_legends_en,190,,THE RETURN TO EGYPT,corpus/ginzberg_legends_en/190_the-return-to-egypt.html,Gutenberg #1493/1494/2881/2882 (Legends of the Jews)
ginzberg_legends_en:191,Louis Ginzberg,en,ginzberg_legends_en,191,,MOSES AND AARON BEFORE PHARAOH,corpus/ginzberg_legends_en/191_moses-and-aaron-before-pharaoh.html,Gutenberg #1493/1494/2881/2882 (Legends of the Jews)
ginzberg_legends_en:192,Louis Ginzberg,en,ginzberg_legends_en,192,,THE SUFFERING INCREASES,corpus/ginzberg_legends_en/192_the-suffering-increases.html,Gutenberg #1493/1494/2881/2882 (Legends of the Jews)
ginzberg_legends_en:193,Louis Ginzberg,en,ginzberg_legends_en,193,,MEASURE FOR MEASURE,corpus/ginzberg_legends_en/193_measure-for-measure.html,Gutenberg #1493/1494/2881/2882 (Legends of the Jews)
ginzberg_legends_en:194,Louis Ginzberg,en,ginzberg_legends_en,194,,THE PLAGUES BROUGHT THROUGH AARON,corpus/ginzberg_legends_en/194_the-plagues-brought-through-aaron.html,Gutenberg #1493/1494/2881/2882 (Legends of the Jews)
ginzberg_legends_en:195,Louis Ginzberg,en,ginzberg_legends_en,195,,THE PLAGUES BROUGHT THROUGH MOSES,corpus/ginzberg_legends_en/195_the-plagues-brought-through-moses.html,Gutenberg #1493/1494/2881/2882 (Legends of the Jews)
ginzberg_legends_en:196,Louis Ginzberg,en,ginzberg_legends_en,196,,THE FIRST PASSOVER,corpus/ginzberg_legends_en/196_the-first-passover.html,Gutenberg #1493/1494/2881/2882 (Legends of the Jews)
ginzberg_legends_en:197,Louis Ginzberg,en,ginzberg_legends_en,197,,THE SMITING OF THE FIRST-BORN,corpus/ginzberg_legends_en/197_the-smiting-of-the-first-born.html,Gutenberg #1493/1494/2881/2882 (Legends of the Jews)
ginzberg_legends_en:198,Louis Ginzberg,en,ginzberg_legends_en,198,,THE REDEMPTION OF ISRAEL FROM EGYPTIAN BONDAGE,corpus/ginzberg_legends_en/198_the-redemption-of-israel-from-egyptian-bondage.html,Gutenberg #1493/1494/2881/2882 (Legends of the Jews)
ginzberg_legends_en:199,Louis Ginzberg,en,ginzberg_legends_en,199,,THE EXODUS,corpus/ginzberg_legends_en/199_the-exodus.html,Gutenberg #1493/1494/2881/2882 (Legends of the Jews)
ginzberg_legends_en:200,Louis Ginzberg,en,ginzberg_legends_en,200,,THE LONG ROUTE,corpus/ginzberg_legends_en/200_the-long-route.html,Gutenberg #1493/1494/2881/2882 (Legends of the Jews)
ginzberg_legends_en:201,Louis Ginzberg,en,ginzberg_legends_en,201,,PHARAOH PURSUES THE HEBREWS,corpus/ginzberg_legends_en/201_pharaoh-pursues-the-hebrews.html,Gutenberg #1493/1494/2881/2882 (Legends of the Jews)
ginzberg_legends_en:202,Louis Ginzberg,en,ginzberg_legends_en,202,,THE SEA DIVIDED,corpus/ginzberg_legends_en/202_the-sea-divided.html,Gutenberg #1493/1494/2881/2882 (Legends of the Jews)
ginzberg_legends_en:203,Louis Ginzberg,en,ginzberg_legends_en,203,,THE PASSAGE THROUGH THE RED SEA,corpus/ginzberg_legends_en/203_the-passage-through-the-red-sea.html,Gutenberg #1493/1494/2881/2882 (Legends of the Jews)
ginzberg_legends_en:204,Louis Ginzberg,en,ginzberg_legends_en,204,,THE DESTRUCTION OF THE EGYPTIANS,corpus/ginzberg_legends_en/204_the-destruction-of-the-egyptians.html,Gutenberg #1493/1494/2881/2882 (Legends of the Jews)
ginzberg_legends_en:205,Louis Ginzberg,en,ginzberg_legends_en,205,,THE SONG AT THE SEA,corpus/ginzberg_legends_en/205_the-song-at-the-sea.html,Gutenberg #1493/1494/2881/2882 (Legends of the Jews)
ginzberg_legends_en:206,Louis Ginzberg,en,ginzberg_legends_en,206,,THE AWFUL DESERT,corpus/ginzberg_legends_en/206_the-awful-desert.html,Gutenberg #1493/1494/2881/2882 (Legends of the Jews)
ginzberg_legends_en:207,Louis Ginzberg,en,ginzberg_legends_en,207,,THE HEAVENLY FOOD,corpus/ginzberg_legends_en/207_the-heavenly-food.html,Gutenberg #1493/1494/2881/2882 (Legends of the Jews)
ginzberg_legends_en:208,Louis Ginzberg,en,ginzberg_legends_en,208,,THE GATHERING OF THE MANNA,corpus/ginzberg_legends_en/208_the-gathering-of-the-manna.html,Gutenberg #1493/1494/2881/2882 (Legends of the Jews)
ginzberg_legends_en:209,Louis Ginzberg,en,ginzberg_legends_en,209,,MIRIAM'S WELL,corpus/ginzberg_legends_en/209_miriams-well.html,Gutenberg #1493/1494/2881/2882 (Legends of the Jews)
ginzberg_legends_en:210,Louis Ginzberg,en,ginzberg_legends_en,210,,AMALEK'S WAR AGAINST ISRAEL,corpus/ginzberg_legends_en/210_amaleks-war-against-israel.html,Gutenberg #1493/1494/2881/2882 (Legends of the Jews)
ginzberg_legends_en:211,Louis Ginzberg,en,ginzberg_legends_en,211,,AMALEK DEFEATED,corpus/ginzberg_legends_en/211_amalek-defeated.html,Gutenberg #1493/1494/2881/2882 (Legends of the Jews)
ginzberg_legends_en:212,Louis Ginzberg,en,ginzberg_legends_en,212,,JETHRO,corpus/ginzberg_legends_en/212_jethro.html,Gutenberg #1493/1494/2881/2882 (Legends of the Jews)
ginzberg_legends_en:213,Louis Ginzberg,en,ginzberg_legends_en,213,,THE INSTALLATION OF ELDERS,corpus/ginzberg_legends_en/213_the-installation-of-elders.html,Gutenberg #1493/1494/2881/2882 (Legends of the Jews)
ginzberg_legends_en:214,Louis Ginzberg,en,ginzberg_legends_en,214,,JETHRO REWARDED,corpus/ginzberg_legends_en/214_jethro-rewarded.html,Gutenberg #1493/1494/2881/2882 (Legends of the Jews)
ginzberg_legends_en:215,Louis Ginzberg,en,ginzberg_legends_en,215,,THE TIME IS AT HAND,corpus/ginzberg_legends_en/215_the-time-is-at-hand.html,Gutenberg #1493/1494/2881/2882 (Legends of the Jews)
ginzberg_legends_en:216,Louis Ginzberg,en,ginzberg_legends_en,216,,THE GENTILES REFUSE THE TORAH,corpus/ginzberg_legends_en/216_the-gentiles-refuse-the-torah.html,Gutenberg #1493/1494/2881/2882 (Legends of the Jews)
ginzberg_legends_en:217,Louis Ginzberg,en,ginzberg_legends_en,217,,THE CONTEST OF THE MOUNTAINS,corpus/ginzberg_legends_en/217_the-contest-of-the-mountains.html,Gutenberg #1493/1494/2881/2882 (Legends of the Jews)
ginzberg_legends_en:218,Louis Ginzberg,en,ginzberg_legends_en,218,,THE TORAH OFFERED TO ISRAEL,corpus/ginzberg_legends_en/218_the-torah-offered-to-israel.html,Gutenberg #1493/1494/2881/2882 (Legends of the Jews)
ginzberg_legends_en:219,Louis Ginzberg,en,ginzberg_legends_en,219,,ISRAEL PREPARES FOR THE REVELATION,corpus/ginzberg_legends_en/219_israel-prepares-for-the-revelation.html,Gutenberg #1493/1494/2881/2882 (Legends of the Jews)
ginzberg_legends_en:220,Louis Ginzberg,en,ginzberg_legends_en,220,,THE REVELATION ON MOUNT SINAI,corpus/ginzberg_legends_en/220_the-revelation-on-mount-sinai.html,Gutenberg #1493/1494/2881/2882 (Legends of the Jews)
ginzberg_legends_en:221,Louis Ginzberg,en,ginzberg_legends_en,221,,THE FIRST COMMANDMENT,corpus/ginzberg_legends_en/221_the-first-commandment.html,Gutenberg #1493/1494/2881/2882 (Legends of the Jews)
ginzberg_legends_en:222,Louis Ginzberg,en,ginzberg_legends_en,222,,THE OTHER COMMANDMENTS REVEALED ON SINAI,corpus/ginzberg_legends_en/222_the-other-commandments-revealed-on-sinai.html,Gutenberg #1493/1494/2881/2882 (Legends of the Jews)
ginzberg_legends_en:223,Louis Ginzberg,en,ginzberg_legends_en,223,,THE UNITY OF THE TEN COMMANDMENTS,corpus/ginzberg_legends_en/223_the-unity-of-the-ten-commandments.html,Gutenberg #1493/1494/2881/2882 (Legends of the Jews)
ginzberg_legends_en:224,Louis Ginzberg,en,ginzberg_legends_en,224,,MOSES CHOSEN AS INTERMEDIATOR,corpus/ginzberg_legends_en/224_moses-chosen-as-intermediator.html,Gutenberg #1493/1494/2881/2882 (Legends of the Jews)
ginzberg_legends_en:225,Louis Ginzberg,en,ginzberg_legends_en,225,,MOSES AND THE ANGELS STRIVE FOR THE TORAH,corpus/ginzberg_legends_en/225_moses-and-the-angels-strive-for-the-torah.html,Gutenberg #1493/1494/2881/2882 (Legends of the Jews)
ginzberg_legends_en:226,Louis Ginzberg,en,ginzberg_legends_en,226,,MOSES RECEIVES THE TORAH,corpus/ginzberg_legends_en/226_moses-receives-the-torah.html,Gutenberg #1493/1494/2881/2882 (Legends of the Jews)
ginzberg_legends_en:227,Louis Ginzberg,en,ginzberg_legends_en,227,,THE GOLDEN CALF,corpus/ginzberg_legends_en/227_the-golden-calf.html,Gutenberg #1493/1494/2881/2882 (Legends of the Jews)
ginzberg_legends_en:228,Louis Ginzberg,en,ginzberg_legends_en,228,,MOSES BLAMED FOR ISRAEL'S SIN,corpus/ginzberg_legends_en/228_moses-blamed-for-israels-sin.html,Gutenberg #1493/1494/2881/2882 (Legends of the Jews)
ginzberg_legends_en:229,Louis Ginzberg,en,ginzberg_legends_en,229,,THE PUNISHMENT OF THE SINNERS,corpus/ginzberg_legends_en/229_the-punishment-of-the-sinners.html,Gutenberg #1493/1494/2881/2882 (Legends of the Jews)
ginzberg_legends_en:230,Louis Ginzberg,en,ginzberg_legends_en,230,,MOSES INTERCEDES FOR THE PEOPLE,corpus/ginzberg_legends_en/230_moses-intercedes-for-the-people.html,Gutenberg #1493/1494/2881/2882 (Legends of the Jews)
ginzberg_legends_en:231,Louis Ginzberg,en,ginzberg_legends_en,231,,THE INSCRUTABLE WAYS OF THE LORD,corpus/ginzberg_legends_en/231_the-inscrutable-ways-of-the-lord.html,Gutenberg #1493/1494/2881/2882 (Legends of the Jews)
ginzberg_legends_en:232,Louis Ginzberg,en,ginzberg_legends_en,232,,THE THIRTEEN ATTRIBUTES OF GOD,corpus/ginzberg_legends_en/232_the-thirteen-attributes-of-god.html,Gutenberg #1493/1494/2881/2882 (Legends of the Jews)
ginzberg_legends_en:233,Louis Ginzberg,en,ginzberg_legends_en,233,,THE SECOND TABLES,corpus/ginzberg_legends_en/233_the-second-tables.html,Gutenberg #1493/1494/2881/2882 (Legends of the Jews)
ginzberg_legends_en:234,Louis Ginzberg,en,ginzberg_legends_en,234,,THE CENSUS OF THE PEOPLE,corpus/ginzberg_legends_en/234_the-census-of-the-people.html,Gutenberg #1493/1494/2881/2882 (Legends of the Jews)
ginzberg_legends_en:235,Louis Ginzberg,en,ginzberg_legends_en,235,,THE ERECTION OF THE TABERNACLE COMMANDED,corpus/ginzberg_legends_en/235_the-erection-of-the-tabernacle-commanded.html,Gutenberg #1493/1494/2881/2882 (Legends of the Jews)
ginzberg_legends_en:236,Louis Ginzberg,en,ginzberg_legends_en,236,,THE MATERIALS FOR THE CONSTRUCTION OF THE TABERNACLE,corpus/ginzberg_legends_en/236_the-materials-for-the-construction-of-the-tabernacle.html,Gutenberg #1493/1494/2881/2882 (Legends of the Jews)
ginzberg_legends_en:237,Louis Ginzberg,en,ginzberg_legends_en,237,,BEZALEL,corpus/ginzberg_legends_en/237_bezalel.html,Gutenberg #1493/1494/2881/2882 (Legends of the Jews)
ginzberg_legends_en:238,Louis Ginzberg,en,ginzberg_legends_en,238,,THE ARK WITH THE CHERUBIM,corpus/ginzberg_legends_en/238_the-ark-with-the-cherubim.html,Gutenberg #1493/1494/2881/2882 (Legends of the Jews)
ginzberg_legends_en:239,Louis Ginzberg,en,ginzberg_legends_en,239,,THE TABLE AND THE CANDLESTICK,corpus/ginzberg_legends_en/239_the-table-and-the-candlestick.html,Gutenberg #1493/1494/2881/2882 (Legends of the Jews)
ginzberg_legends_en:240,Louis Ginzberg,en,ginzberg_legends_en,240,,THE ALTAR,corpus/ginzberg_legends_en/240_the-altar.html,Gutenberg #1493/1494/2881/2882 (Legends of the Jews)
ginzberg_legends_en:241,Louis Ginzberg,en,ginzberg_legends_en,241,,THE SYMBOLICAL SIGNIFICANCE OF THE TABERNACLE,corpus/ginzberg_legends_en/241_the-symbolical-significance-of-the-tabernacle.html,Gutenberg #1493/1494/2881/2882 (Legends of the Jews)
ginzberg_legends_en:242,Louis Ginzberg,en,ginzberg_legends_en,242,,THE PRIESTLY ROBES,corpus/ginzberg_legends_en/242_the-priestly-robes.html,Gutenberg #1493/1494/2881/2882 (Legends of the Jews)
ginzberg_legends_en:243,Louis Ginzberg,en,ginzberg_legends_en,243,,THE STONES IN THE BREASTPLATE,corpus/ginzberg_legends_en/243_the-stones-in-the-breastplate.html,Gutenberg #1493/1494/2881/2882 (Legends of the Jews)
ginzberg_legends_en:244,Louis Ginzberg,en,ginzberg_legends_en,244,,THE COMPLETION OF THE TABERNACLE,corpus/ginzberg_legends_en/244_the-completion-of-the-tabernacle.html,Gutenberg #1493/1494/2881/2882 (Legends of the Jews)
ginzberg_legends_en:245,Louis Ginzberg,en,ginzberg_legends_en,245,,THE SETTING UP OF THE TABERNACLE,corpus/ginzberg_legends_en/245_the-setting-up-of-the-tabernacle.html,Gutenberg #1493/1494/2881/2882 (Legends of the Jews)
ginzberg_legends_en:246,Louis Ginzberg,en,ginzberg_legends_en,246,,THE CONSECRATION OF THE PRIESTS,corpus/ginzberg_legends_en/246_the-consecration-of-the-priests.html,Gutenberg #1493/1494/2881/2882 (Legends of the Jews)
ginzberg_legends_en:247,Louis Ginzberg,en,ginzberg_legends_en,247,,THE DAY OF THE TEN CROWNS,corpus/ginzberg_legends_en/247_the-day-of-the-ten-crowns.html,Gutenberg #1493/1494/2881/2882 (Legends of the Jews)
ginzberg_legends_en:248,Louis Ginzberg,en,ginzberg_legends_en,248,,THE INTERRUPTED JOY,corpus/ginzberg_legends_en/248_the-interrupted-joy.html,Gutenberg #1493/1494/2881/2882 (Legends of the Jews)
ginzberg_legends_en:249,Louis Ginzberg,en,ginzberg_legends_en,249,,THE GIFTS OF THE PRINCES,corpus/ginzberg_legends_en/249_the-gifts-of-the-princes.html,Gutenberg #1493/1494/2881/2882 (Legends of the Jews)
ginzberg_legends_en:250,Louis Ginzberg,en,ginzberg_legends_en,250,,THE REVELATIONS IN THE TABERNACLE,corpus/ginzberg_legends_en/250_the-revelations-in-the-tabernacle.html,Gutenberg #1493/1494/2881/2882 (Legends of the Jews)
ginzberg_legends_en:251,Louis Ginzberg,en,ginzberg_legends_en,251,,THE CLEANSING OF THE CAMP,corpus/ginzberg_legends_en/251_the-cleansing-of-the-camp.html,Gutenberg #1493/1494/2881/2882 (Legends of the Jews)
ginzberg_legends_en:252,Louis Ginzberg,en,ginzberg_legends_en,252,,THE LIGHTING OF THE CANDLESTICK,corpus/ginzberg_legends_en/252_the-lighting-of-the-candlestick.html,Gutenberg #1493/1494/2881/2882 (Legends of the Jews)
ginzberg_legends_en:253,Louis Ginzberg,en,ginzberg_legends_en,253,,THE TWELVE PRINCES OF THE TRIBES,corpus/ginzberg_legends_en/253_the-twelve-princes-of-the-tribes.html,Gutenberg #1493/1494/2881/2882 (Legends of the Jews)
ginzberg_legends_en:254,Louis Ginzberg,en,ginzberg_legends_en,254,,THE CENSUS OF THE LEVITES,corpus/ginzberg_legends_en/254_the-census-of-the-levites.html,Gutenberg #1493/1494/2881/2882 (Legends of the Jews)
ginzberg_legends_en:255,Louis Ginzberg,en,ginzberg_legends_en,255,,THE FOUR DIVISIONS OF THE LEVITES,corpus/ginzberg_legends_en/255_the-four-divisions-of-the-levites.html,Gutenberg #1493/1494/2881/2882 (Legends of the Jews)
ginzberg_legends_en:256,Louis Ginzberg,en,ginzberg_legends_en,256,,THE FOUR STANDARDS,corpus/ginzberg_legends_en/256_the-four-standards.html,Gutenberg #1493/1494/2881/2882 (Legends of the Jews)
ginzberg_legends_en:257,Louis Ginzberg,en,ginzberg_legends_en,257,,THE CAMP,corpus/ginzberg_legends_en/257_the-camp.html,Gutenberg #1493/1494/2881/2882 (Legends of the Jews)
ginzberg_legends_en:258,Louis Ginzberg,en,ginzberg_legends_en,258,,THE BLASPHEMER AND THE SABBATH-BREAKER,corpus/ginzberg_legends_en/258_the-blasphemer-and-the-sabbath-breaker.html,Gutenberg #1493/1494/2881/2882 (Legends of the Jews)
ginzberg_legends_en:259,Louis Ginzberg,en,ginzberg_legends_en,259,,THE UNGRATEFUL MULTITUDE,corpus/ginzberg_legends_en/259_the-ungrateful-multitude.html,Gutenberg #1493/1494/2881/2882 (Legends of the Jews)
ginzberg_legends_en:260,Louis Ginzberg,en,ginzberg_legends_en,260,,THE FLESH-POTS OF EGYPT,corpus/ginzberg_legends_en/260_the-flesh-pots-of-egypt.html,Gutenberg #1493/1494/2881/2882 (Legends of the Jews)
ginzberg_legends_en:261,Louis Ginzberg,en,ginzberg_legends_en,261,,THE APPOINTMENT OF THE SEVENTY ELDERS,corpus/ginzberg_legends_en/261_the-appointment-of-the-seventy-elders.html,Gutenberg #1493/1494/2881/2882 (Legends of the Jews)
ginzberg_legends_en:262,Louis Ginzberg,en,ginzberg_legends_en,262,,ELDAD AND MEDAD,corpus/ginzberg_legends_en/262_eldad-and-medad.html,Gutenberg #1493/1494/2881/2882 (Legends of the Jews)
ginzberg_legends_en:263,Louis Ginzberg,en,ginzberg_legends_en,263,,THE QUAILS,corpus/ginzberg_legends_en/263_the-quails.html,Gutenberg #1493/1494/2881/2882 (Legends of the Jews)
ginzberg_legends_en:264,Louis Ginzberg,en,ginzberg_legends_en,264,,AARON AND MIRIAM SLANDER MOSES,corpus/ginzberg_legends_en/264_aaron-and-miriam-slander-moses.html,Gutenberg #1493/1494/2881/2882 (Legends of the Jews)
ginzberg_legends_en:265,Louis Ginzberg,en,ginzberg_legends_en,265,,MIRIAM'S PUNISHMENT,corpus/ginzberg_legends_en/265_miriams-punishment.html,Gutenberg #1493/1494/2881/2882 (Legends of the Jews)
ginzberg_legends_en:266,Louis Ginzberg,en,ginzberg_legends_en,266,,THE SENDING OF THE SPIES,corpus/ginzberg_legends_en/266_the-sending-of-the-spies.html,Gutenberg #1493/1494/2881/2882 (Legends of the Jews)
ginzberg_legends_en:267,Louis Ginzberg,en,ginzberg_legends_en,267,,SIGNIFICANT NAMES,corpus/ginzberg_legends_en/267_significant-names.html,Gutenberg #1493/1494/2881/2882 (Legends of the Jews)
ginzberg_legends_en:268,Louis Ginzberg,en,ginzberg_legends_en,268,,THE SPIES IN PALESTINE,corpus/ginzberg_legends_en/268_the-spies-in-palestine.html,Gutenberg #1493/1494/2881/2882 (Legends of the Jews)
ginzberg_legends_en:269,Louis Ginzberg,en,ginzberg_legends_en,269,,THE SLANDEROUS REPORT,corpus/ginzberg_legends_en/269_the-slanderous-report.html,Gutenberg #1493/1494/2881/2882 (Legends of the Jews)
ginzberg_legends_en:270,Louis Ginzberg,en,ginzberg_legends_en,270,,THE NIGHT OF TEARS,corpus/ginzberg_legends_en/270_the-night-of-tears.html,Gutenberg #1493/1494/2881/2882 (Legends of the Jews)
ginzberg_legends_en:271,Louis Ginzberg,en,ginzberg_legends_en,271,,INGRATITUDE PUNISHED,corpus/ginzberg_legends_en/271_ingratitude-punished.html,Gutenberg #1493/1494/2881/2882 (Legends of the Jews)
ginzberg_legends_en:272,Louis Ginzberg,en,ginzberg_legends_en,272,,THE YEARS OF DISFAVOR,corpus/ginzberg_legends_en/272_the-years-of-disfavor.html,Gutenberg #1493/1494/2881/2882 (Legends of the Jews)
ginzberg_legends_en:273,Louis Ginzberg,en,ginzberg_legends_en,273,,THE REBELLION OF KORAH,corpus/ginzberg_legends_en/273_the-rebellion-of-korah.html,Gutenberg #1493/1494/2881/2882 (Legends of the Jews)
ginzberg_legends_en:274,Louis Ginzberg,en,ginzberg_legends_en,274,,KORAH ABUSES MOSES AND THE TORAH,corpus/ginzberg_legends_en/274_korah-abuses-moses-and-the-torah.html,Gutenberg #1493/1494/2881/2882 (Legends of the Jews)
ginzberg_legends_en:275,Louis Ginzberg,en,ginzberg_legends_en,275,,MOSES PLEADS IN VAIN WITH KORAH,corpus/ginzberg_legends_en/275_moses-pleads-in-vain-with-korah.html,Gutenberg #1493/1494/2881/2882 (Legends of the Jews)
ginzberg_legends_en:276,Louis Ginzberg,en,ginzberg_legends_en,276,,KORAH AND HIS HORDE PUNISHED,corpus/ginzberg_legends_en/276_korah-and-his-horde-punished.html,Gutenberg #1493/1494/2881/2882 (Legends of the Jews)
ginzberg_legends_en:277,Louis Ginzberg,en,ginzberg_legends_en,277,,ON AND THE THREE SONS OF KORAH SAVED,corpus/ginzberg_legends_en/277_on-and-the-three-sons-of-korah-saved.html,Gutenberg #1493/1494/2881/2882 (Legends of the Jews)
ginzberg_legends_en:278,Louis Ginzberg,en,ginzberg_legends_en,278,,ISRAEL CONVINCED OF AARON'S PRIESTHOOD,corpus/ginzberg_legends_en/278_israel-convinced-of-aarons-priesthood.html,Gutenberg #1493/1494/2881/2882 (Legends of the Jews)
ginzberg_legends_en:279,Louis Ginzberg,en,ginzberg_legends_en,279,,THE WATERS OF MERIBAH,corpus/ginzberg_legends_en/279_the-waters-of-meribah.html,Gutenberg #1493/1494/2881/2882 (Legends of the Jews)
ginzberg_legends_en:280,Louis Ginzberg,en,ginzberg_legends_en,280,,MOSES' ANGER CAUSES HIS DOOM,corpus/ginzberg_legends_en/280_moses-anger-causes-his-doom.html,Gutenberg #1493/1494/2881/2882 (Legends of the Jews)
ginzberg_legends_en:281,Louis Ginzberg,en,ginzberg_legends_en,281,,EDOM'S UNBROTHERLY ATTITUDE TOWARD ISRAEL,corpus/ginzberg_legends_en/281_edoms-unbrotherly-attitude-toward-israel.html,Gutenberg #1493/1494/2881/2882 (Legends of the Jews)
ginzberg_legends_en:282,Louis Ginzberg,en,ginzberg_legends_en,282,,THE THREE SHEPHERDS,corpus/ginzberg_legends_en/282_the-three-shepherds.html,Gutenberg #1493/1494/2881/2882 (Legends of the Jews)
ginzberg_legends_en:283,Louis Ginzberg,en,ginzberg_legends_en,283,,PREPARING AARON FOR IMPENDING DEATH,corpus/ginzberg_legends_en/283_preparing-aaron-for-impending-death.html,Gutenberg #1493/1494/2881/2882 (Legends of the Jews)
ginzberg_legends_en:284,Louis Ginzberg,en,ginzberg_legends_en,284,,AARON'S DEATH,corpus/ginzberg_legends_en/284_aarons-death.html,Gutenberg #1493/1494/2881/2882 (Legends of the Jews)
ginzberg_legends_en:285,Louis Ginzberg,en,ginzberg_legends_en,285,,THE GENERAL MOURNING FOR AARON,corpus/ginzberg_legends_en/285_the-general-mourning-for-aaron.html,Gutenberg #1493/1494/2881/2882 (Legends of the Jews)
ginzberg_legends_en:286,Louis Ginzberg,en,ginzberg_legends_en,286,,THE FALSE FRIENDS,corpus/ginzberg_legends_en/286_the-false-friends.html,Gutenberg #1493/1494/2881/2882 (Legends of the Jews)
ginzberg_legends_en:287,Louis Ginzberg,en,ginzberg_legends_en,287,,THE BRAZEN SERPENT,corpus/ginzberg_legends_en/287_the-brazen-serpent.html,Gutenberg #1493/1494/2881/2882 (Legends of the Jews)
ginzberg_legends_en:288,Louis Ginzberg,en,ginzberg_legends_en,288,,AT ARNON,corpus/ginzberg_legends_en/288_at-arnon.html,Gutenberg #1493/1494/2881/2882 (Legends of the Jews)
ginzberg_legends_en:289,Louis Ginzberg,en,ginzberg_legends_en,289,,"SIHON, THE KING OF THE AMORITES",corpus/ginzberg_legends_en/289_sihon-the-king-of-the-amorites.html,Gutenberg #1493/1494/2881/2882 (Legends of the Jews)
ginzberg_legends_en:290,Louis Ginzberg,en,ginzberg_legends_en,290,,THE GIANT OG,corpus/ginzberg_legends_en/290_the-giant-og.html,Gutenberg #1493/1494/2881/2882 (Legends of the Jews)
ginzberg_legends_en:291,Louis Ginzberg,en,ginzberg_legends_en,291,,MOSES' SPEECH OF ADMONITION,corpus/ginzberg_legends_en/291_moses-speech-of-admonition.html,Gutenberg #1493/1494/2881/2882 (Legends of the Jews)
ginzberg_legends_en:292,Louis Ginzberg,en,ginzberg_legends_en,292,,"BALAK, KING OF MOAB",corpus/ginzberg_legends_en/292_balak-king-of-moab.html,Gutenberg #1493/1494/2881/2882 (Legends of the Jews)
ginzberg_legends_en:293,Louis Ginzberg,en,ginzberg_legends_en,293,,"BALAAM, THE HEATHEN PROPHET",corpus/ginzberg_legends_en/293_balaam-the-heathen-prophet.html,Gutenberg #1493/1494/2881/2882 (Legends of the Jews)
ginzberg_legends_en:294,Louis Ginzberg,en,ginzberg_legends_en,294,,BALAK'S MESSENGERS TO BALAAM,corpus/ginzberg_legends_en/294_balaks-messengers-to-balaam.html,Gutenberg #1493/1494/2881/2882 (Legends of the Jews)
ginzberg_legends_en:295,Louis Ginzberg,en,ginzberg_legends_en,295,,BALAAM ACCEPTS BALAK'S INVITATION,corpus/ginzberg_legends_en/295_balaam-accepts-balaks-invitation.html,Gutenberg #1493/1494/2881/2882 (Legends of the Jews)
ginzberg_legends_en:296,Louis Ginzberg,en,ginzberg_legends_en,296,,BALAAM'S ASS,corpus/ginzberg_legends_en/296_balaams-ass.html,Gutenberg #1493/1494/2881/2882 (Legends of the Jews)
ginzberg_legends_en:297,Louis Ginzberg,en,ginzberg_legends_en,297,,BALAAM RUNS INTO HIS OWN DESTRUCTION,corpus/ginzberg_legends_en/297_balaam-runs-into-his-own-destruction.html,Gutenberg #1493/1494/2881/2882 (Legends of the Jews)
ginzberg_legends_en:298,Louis Ginzberg,en,ginzberg_legends_en,298,,BALAAM WITH BALAK,corpus/ginzberg_legends_en/298_balaam-with-balak.html,Gutenberg #1493/1494/2881/2882 (Legends of the Jews)
ginzberg_legends_en:299,Louis Ginzberg,en,ginzberg_legends_en,299,,BALAAM'S SACRIFICES REFUSED,corpus/ginzberg_legends_en/299_balaams-sacrifices-refused.html,Gutenberg #1493/1494/2881/2882 (Legends of the Jews)
ginzberg_legends_en:300,Louis Ginzberg,en,ginzberg_legends_en,300,,BALAAM EXTOLS ISRAEL,corpus/ginzberg_legends_en/300_balaam-extols-israel.html,Gutenberg #1493/1494/2881/2882 (Legends of the Jews)
ginzberg_legends_en:301,Louis Ginzberg,en,ginzberg_legends_en,301,,BALAAM'S HOPES DISAPPOINTED,corpus/ginzberg_legends_en/301_balaams-hopes-disappointed.html,Gutenberg #1493/1494/2881/2882 (Legends of the Jews)
ginzberg_legends_en:302,Louis Ginzberg,en,ginzberg_legends_en,302,,CURSES TURNED TO BLESSINGS,corpus/ginzberg_legends_en/302_curses-turned-to-blessings.html,Gutenberg #1493/1494/2881/2882 (Legends of the Jews)
ginzberg_legends_en:303,Louis Ginzberg,en,ginzberg_legends_en,303,,BALAAM'S WICKED COUNSEL,corpus/ginzberg_legends_en/303_balaams-wicked-counsel.html,Gutenberg #1493/1494/2881/2882 (Legends of the Jews)
ginzberg_legends_en:304,Louis Ginzberg,en,ginzberg_legends_en,304,,"PHINEHAS, ZEALOUS FOR GOD",corpus/ginzberg_legends_en/304_phinehas-zealous-for-god.html,Gutenberg #1493/1494/2881/2882 (Legends of the Jews)
ginzberg_legends_en:305,Louis Ginzberg,en,ginzberg_legends_en,305,,TWELVE MIRACLES,corpus/ginzberg_legends_en/305_twelve-miracles.html,Gutenberg #1493/1494/2881/2882 (Legends of the Jews)
ginzberg_legends_en:306,Louis Ginzberg,en,ginzberg_legends_en,306,,PHINEHAS REWARDED,corpus/ginzberg_legends_en/306_phinehas-rewarded.html,Gutenberg #1493/1494/2881/2882 (Legends of the Jews)
ginzberg_legends_en:307,Louis Ginzberg,en,ginzberg_legends_en,307,,THE DAUGHTERS OF ZELOPHEHAD,corpus/ginzberg_legends_en/307_the-daughters-of-zelophehad.html,Gutenberg #1493/1494/2881/2882 (Legends of the Jews)
ginzberg_legends_en:308,Louis Ginzberg,en,ginzberg_legends_en,308,,THE APPOINTMENT OF JOSHUA,corpus/ginzberg_legends_en/308_the-appointment-of-joshua.html,Gutenberg #1493/1494/2881/2882 (Legends of the Jews)
ginzberg_legends_en:309,Louis Ginzberg,en,ginzberg_legends_en,309,,MOSES' LEGACY TO JOSHUA,corpus/ginzberg_legends_en/309_moses-legacy-to-joshua.html,Gutenberg #1493/1494/2881/2882 (Legends of the Jews)
ginzberg_legends_en:310,Louis Ginzberg,en,ginzberg_legends_en,310,,MOSES' LAST CAMPAIGN,corpus/ginzberg_legends_en/310_moses-last-campaign.html,Gutenberg #1493/1494/2881/2882 (Legends of the Jews)
ginzberg_legends_en:311,Louis Ginzberg,en,ginzberg_legends_en,311,,THE COMPLETE ANNIHILATION OF MIDIAN,corpus/ginzberg_legends_en/311_the-complete-annihilation-of-midian.html,Gutenberg #1493/1494/2881/2882 (Legends of the Jews)
ginzberg_legends_en:312,Louis Ginzberg,en,ginzberg_legends_en,312,,THE GRUESOME END OF BALAAM,corpus/ginzberg_legends_en/312_the-gruesome-end-of-balaam.html,Gutenberg #1493/1494/2881/2882 (Legends of the Jews)
ginzberg_legends_en:313,Louis Ginzberg,en,ginzberg_legends_en,313,,THE VICTORIOUS RETURN FROM THE WAR,corpus/ginzberg_legends_en/313_the-victorious-return-from-the-war.html,Gutenberg #1493/1494/2881/2882 (Legends of the Jews)
ginzberg_legends_en:314,Louis Ginzberg,en,ginzberg_legends_en,314,,WEALTH THAT BRINGETH DESTRUCTION,corpus/ginzberg_legends_en/314_wealth-that-bringeth-destruction.html,Gutenberg #1493/1494/2881/2882 (Legends of the Jews)
ginzberg_legends_en:315,Louis Ginzberg,en,ginzberg_legends_en,315,,MOSES' DEATH IRREVOCABLY DOOMED,corpus/ginzberg_legends_en/315_moses-death-irrevocably-doomed.html,Gutenberg #1493/1494/2881/2882 (Legends of the Jews)
ginzberg_legends_en:316,Louis Ginzberg,en,ginzberg_legends_en,316,,MOSES' PRAYER FOR SUSPENSION OF JUDGMENT,corpus/ginzberg_legends_en/316_moses-prayer-for-suspension-of-judgment.html,Gutenberg #1493/1494/2881/2882 (Legends of the Jews)
ginzberg_legends_en:317,Louis Ginzberg,en,ginzberg_legends_en,317,,GOD TRIES TO COMFORT MOSES CONCERNING HIS DEATH,corpus/ginzberg_legends_en/317_god-tries-to-comfort-moses-concerning-his-death.html,Gutenberg #1493/1494/2881/2882 (Legends of the Jews)
ginzberg_legends_en:318,Louis Ginzberg,en,ginzberg_legends_en,318,,THE INTERCESSIONS FOR MOSES,corpus/ginzberg_legends_en/318_the-intercessions-for-moses.html,Gutenberg #1493/1494/2881/2882 (Legends of the Jews)
ginzberg_legends_en:319,Louis Ginzberg,en,ginzberg_legends_en,319,,MOSES SERVES JOSHUA,corpus/ginzberg_legends_en/319_moses-serves-joshua.html,Gutenberg #1493/1494/2881/2882 (Legends of the Jews)
ginzberg_legends_en:320,Louis Ginzberg,en,ginzberg_legends_en,320,,THE LAST DAY OF MOSES' LIFE,corpus/ginzberg_legends_en/320_the-last-day-of-moses-life.html,Gutenberg #1493/1494/2881/2882 (Legends of the Jews)
ginzberg_legends_en:321,Louis Ginzberg,en,ginzberg_legends_en,321,,MOSES BEHOLDS THE FUTURE,corpus/ginzberg_legends_en/321_moses-beholds-the-future.html,Gutenberg #1493/1494/2881/2882 (Legends of the Jews)
ginzberg_legends_en:322,Louis Ginzberg,en,ginzberg_legends_en,322,,MOSES MEETS THE MESSIAH IN HEAVEN,corpus/ginzberg_legends_en/322_moses-meets-the-messiah-in-heaven.html,Gutenberg #1493/1494/2881/2882 (Legends of the Jews)
ginzberg_legends_en:323,Louis Ginzberg,en,ginzberg_legends_en,323,,THE LAST HOURS OF MOSES,corpus/ginzberg_legends_en/323_the-last-hours-of-moses.html,Gutenberg #1493/1494/2881/2882 (Legends of the Jews)
ginzberg_legends_en:324,Louis Ginzberg,en,ginzberg_legends_en,324,,THE BLESSING OF MOSES,corpus/ginzberg_legends_en/324_the-blessing-of-moses.html,Gutenberg #1493/1494/2881/2882 (Legends of the Jews)
ginzberg_legends_en:325,Louis Ginzberg,en,ginzberg_legends_en,325,,MOSES PRAYS FOR DEATH,corpus/ginzberg_legends_en/325_moses-prays-for-death.html,Gutenberg #1493/1494/2881/2882 (Legends of the Jews)
ginzberg_legends_en:326,Louis Ginzberg,en,ginzberg_legends_en,326,,SAMAEL CHASTISED BY MOSES,corpus/ginzberg_legends_en/326_samael-chastised-by-moses.html,Gutenberg #1493/1494/2881/2882 (Legends of the Jews)
ginzberg_legends_en:327,Louis Ginzberg,en,ginzberg_legends_en,327,,GOD KISSES MOSES' SOUL,corpus/ginzberg_legends_en/327_god-kisses-moses-soul.html,Gutenberg #1493/1494/2881/2882 (Legends of the Jews)
ginzberg_legends_en:328,Louis Ginzberg,en,ginzberg_legends_en,328,,THE MOURNING FOR MOSES,corpus/ginzberg_legends_en/328_the-mourning-for-moses.html,Gutenberg #1493/1494/2881/2882 (Legends of the Jews)
ginzberg_legends_en:329,Louis Ginzberg,en,ginzberg_legends_en,329,,SAMAEL'S VAIN SEARCH,corpus/ginzberg_legends_en/329_samaels-vain-search.html,Gutenberg #1493/1494/2881/2882 (Legends of the Jews)
ginzberg_legends_en:330,Louis Ginzberg,en,ginzberg_legends_en,330,,MOSES EXCELS ALL PIOUS MEN,corpus/ginzberg_legends_en/330_moses-excels-all-pious-men.html,Gutenberg #1493/1494/2881/2882 (Legends of the Jews)
ginzberg_legends_en:331,Louis Ginzberg,en,ginzberg_legends_en,331,,THE SERVANT OF MOSES,corpus/ginzberg_legends_en/331_the-servant-of-moses.html,Gutenberg #1493/1494/2881/2882 (Legends of the Jews)
ginzberg_legends_en:332,Louis Ginzberg,en,ginzberg_legends_en,332,,ENTERING THE PROMISED LAND,corpus/ginzberg_legends_en/332_entering-the-promised-land.html,Gutenberg #1493/1494/2881/2882 (Legends of the Jews)
ginzberg_legends_en:333,Louis Ginzberg,en,ginzberg_legends_en,333,,CONQUEST OF THE LAND,corpus/ginzberg_legends_en/333_conquest-of-the-land.html,Gutenberg #1493/1494/2881/2882 (Legends of the Jews)
ginzberg_legends_en:334,Louis Ginzberg,en,ginzberg_legends_en,334,,THE SUN OBEYS JOSHUA,corpus/ginzberg_legends_en/334_the-sun-obeys-joshua.html,Gutenberg #1493/1494/2881/2882 (Legends of the Jews)
ginzberg_legends_en:335,Louis Ginzberg,en,ginzberg_legends_en,335,,WAR WITH THE ARMENIANS,corpus/ginzberg_legends_en/335_war-with-the-armenians.html,Gutenberg #1493/1494/2881/2882 (Legends of the Jews)
ginzberg_legends_en:336,Louis Ginzberg,en,ginzberg_legends_en,336,,ALLOTMENT OF THE LAND,corpus/ginzberg_legends_en/336_allotment-of-the-land.html,Gutenberg #1493/1494/2881/2882 (Legends of the Jews)
ginzberg_legends_en:337,Louis Ginzberg,en,ginzberg_legends_en,337,,THE FIRST JUDGE,corpus/ginzberg_legends_en/337_the-first-judge.html,Gutenberg #1493/1494/2881/2882 (Legends of the Jews)
ginzberg_legends_en:338,Louis Ginzberg,en,ginzberg_legends_en,338,,CAMPAIGNS OF KENAZ,corpus/ginzberg_legends_en/338_campaigns-of-kenaz.html,Gutenberg #1493/1494/2881/2882 (Legends of the Jews)
ginzberg_legends_en:339,Louis Ginzberg,en,ginzberg_legends_en,339,,OTHNIEL,corpus/ginzberg_legends_en/339_othniel.html,Gutenberg #1493/1494/2881/2882 (Legends of the Jews)
ginzberg_legends_en:340,Louis Ginzberg,en,ginzberg_legends_en,340,,BOAZ AND RUTH,corpus/ginzberg_legends_en/340_boaz-and-ruth.html,Gutenberg #1493/1494/2881/2882 (Legends of the Jews)
ginzberg_legends_en:341,Louis Ginzberg,en,ginzberg_legends_en,341,,DEBORAH,corpus/ginzberg_legends_en/341_deborah.html,Gutenberg #1493/1494/2881/2882 (Legends of the Jews)
ginzberg_legends_en:342,Louis Ginzberg,en,ginzberg_legends_en,342,,GIDEON,corpus/ginzberg_legends_en/342_gideon.html,Gutenberg #1493/1494/2881/2882 (Legends of the Jews)
ginzberg_legends_en:343,Louis Ginzberg,en,ginzberg_legends_en,343,,JEPHTHAH,corpus/ginzberg_legends_en/343_jephthah.html,Gutenberg #1493/1494/2881/2882 (Legends of the Jews)
ginzberg_legends_en:344,Louis Ginzberg,en,ginzberg_legends_en,344,,SAMSON,corpus/ginzberg_legends_en/344_samson.html,Gutenberg #1493/1494/2881/2882 (Legends of the Jews)
ginzberg_legends_en:345,Louis Ginzberg,en,ginzberg_legends_en,345,,THE CRIME OF THE BENJAMITES,corpus/ginzberg_legends_en/345_the-crime-of-the-benjamites.html,Gutenberg #1493/1494/2881/2882 (Legends of the Jews)
ginzberg_legends_en:346,Louis Ginzberg,en,ginzberg_legends_en,346,,ELKANAH AND HANNAH,corpus/ginzberg_legends_en/346_elkanah-and-hannah.html,Gutenberg #1493/1494/2881/2882 (Legends of the Jews)
ginzberg_legends_en:347,Louis Ginzberg,en,ginzberg_legends_en,347,,THE YOUTH OF SAMUEL,corpus/ginzberg_legends_en/347_the-youth-of-samuel.html,Gutenberg #1493/1494/2881/2882 (Legends of the Jews)
ginzberg_legends_en:348,Louis Ginzberg,en,ginzberg_legends_en,348,,ELI AND HIS SONS,corpus/ginzberg_legends_en/348_eli-and-his-sons.html,Gutenberg #1493/1494/2881/2882 (Legends of the Jews)
ginzberg_legends_en:349,Louis Ginzberg,en,ginzberg_legends_en,349,,THE ACTIVITIES OF SAMUEL,corpus/ginzberg_legends_en/349_the-activities-of-samuel.html,Gutenberg #1493/1494/2881/2882 (Legends of the Jews)
ginzberg_legends_en:350,Louis Ginzberg,en,ginzberg_legends_en,350,,THE REIGN OF SAUL,corpus/ginzberg_legends_en/350_the-reign-of-saul.html,Gutenberg #1493/1494/2881/2882 (Legends of the Jews)
ginzberg_legends_en:351,Louis Ginzberg,en,ginzberg_legends_en,351,,THE COURT OF SAUL,corpus/ginzberg_legends_en/351_the-court-of-saul.html,Gutenberg #1493/1494/2881/2882 (Legends of the Jews)
ginzberg_legends_en:352,Louis Ginzberg,en,ginzberg_legends_en,352,,DAVID'S BIRTH AND DESCENT,corpus/ginzberg_legends_en/352_davids-birth-and-descent.html,Gutenberg #1493/1494/2881/2882 (Legends of the Jews)
ginzberg_legends_en:353,Louis Ginzberg,en,ginzberg_legends_en,353,,ANOINTED KING,corpus/ginzberg_legends_en/353_anointed-king.html,Gutenberg #1493/1494/2881/2882 (Legends of the Jews)
ginzberg_legends_en:354,Louis Ginzberg,en,ginzberg_legends_en,354,,ENCOUNTER WITH GOLIATH,corpus/ginzberg_legends_en/354_encounter-with-goliath.html,Gutenberg #1493/1494/2881/2882 (Legends of the Jews)
ginzberg_legends_en:355,Louis Ginzberg,en,ginzberg_legends_en,355,,PURSUED BY SAUL,corpus/ginzberg_legends_en/355_pursued-by-saul.html,Gutenberg #1493/1494/2881/2882 (Legends of the Jews)
ginzberg_legends_en:356,Louis Ginzberg,en,ginzberg_legends_en,356,,WARS,corpus/ginzberg_legends_en/356_wars.html,Gutenberg #1493/1494/2881/2882 (Legends of the Jews)
ginzberg_legends_en:357,Louis Ginzberg,en,ginzberg_legends_en,357,,AHITHOPHEL,corpus/ginzberg_legends_en/357_ahithophel.html,Gutenberg #1493/1494/2881/2882 (Legends of the Jews)
ginzberg_legends_en:358,Louis Ginzberg,en,ginzberg_legends_en,358,,JOAB,corpus/ginzberg_legends_en/358_joab.html,Gutenberg #1493/1494/2881/2882 (Legends of the Jews)
ginzberg_legends_en:359,Louis Ginzberg,en,ginzberg_legends_en,359,,DAVID'S PIETY AND HIS SIN,corpus/ginzberg_legends_en/359_davids-piety-and-his-sin.html,Gutenberg #1493/1494/2881/2882 (Legends of the Jews)
ginzberg_legends_en:360,Louis Ginzberg,en,ginzberg_legends_en,360,,ABSALOM'S REBELLION,corpus/ginzberg_legends_en/360_absaloms-rebellion.html,Gutenberg #1493/1494/2881/2882 (Legends of the Jews)
ginzberg_legends_en:361,Louis Ginzberg,en,ginzberg_legends_en,361,,DAVID'S ATONEMENT,corpus/ginzberg_legends_en/361_davids-atonement.html,Gutenberg #1493/1494/2881/2882 (Legends of the Jews)
ginzberg_legends_en:362,Louis Ginzberg,en,ginzberg_legends_en,362,,VISITATIONS,corpus/ginzberg_legends_en/362_visitations.html,Gutenberg #1493/1494/2881/2882 (Legends of the Jews)
ginzberg_legends_en:363,Louis Ginzberg,en,ginzberg_legends_en,363,,THE DEATH OF DAVID,corpus/ginzberg_legends_en/363_the-death-of-david.html,Gutenberg #1493/1494/2881/2882 (Legends of the Jews)
ginzberg_legends_en:364,Louis Ginzberg,en,ginzberg_legends_en,364,,DAVID IN PARADISE,corpus/ginzberg_legends_en/364_david-in-paradise.html,Gutenberg #1493/1494/2881/2882 (Legends of the Jews)
ginzberg_legends_en:365,Louis Ginzberg,en,ginzberg_legends_en,365,,THE FAMILY OF DAVID,corpus/ginzberg_legends_en/365_the-family-of-david.html,Gutenberg #1493/1494/2881/2882 (Legends of the Jews)
ginzberg_legends_en:366,Louis Ginzberg,en,ginzberg_legends_en,366,,HIS TOMB,corpus/ginzberg_legends_en/366_his-tomb.html,Gutenberg #1493/1494/2881/2882 (Legends of the Jews)
ginzberg_legends_en:367,Louis Ginzberg,en,ginzberg_legends_en,367,,SOLOMON PUNISHES JOAB,corpus/ginzberg_legends_en/367_solomon-punishes-joab.html,Gutenberg #1493/1494/2881/2882 (Legends of the Jews)
ginzberg_legends_en:368,Louis Ginzberg,en,ginzberg_legends_en,368,,THE MARRIAGE OF SOLOMON,corpus/ginzberg_legends_en/368_the-marriage-of-solomon.html,Gutenberg #1493/1494/2881/2882 (Legends of the Jews)
ginzberg_legends_en:369,Louis Ginzberg,en,ginzberg_legends_en,369,,HIS WISDOM,corpus/ginzberg_legends_en/369_his-wisdom.html,Gutenberg #1493/1494/2881/2882 (Legends of the Jews)
ginzberg_legends_en:370,Louis Ginzberg,en,ginzberg_legends_en,370,,THE QUEEN OF SHEBA,corpus/ginzberg_legends_en/370_the-queen-of-sheba.html,Gutenberg #1493/1494/2881/2882 (Legends of the Jews)
ginzberg_legends_en:371,Louis Ginzberg,en,ginzberg_legends_en,371,,SOLOMON MASTER OF THE DEMONS,corpus/ginzberg_legends_en/371_solomon-master-of-the-demons.html,Gutenberg #1493/1494/2881/2882 (Legends of the Jews)
ginzberg_legends_en:372,Louis Ginzberg,en,ginzberg_legends_en,372,,THE BUILDING OF THE TEMPLE,corpus/ginzberg_legends_en/372_the-building-of-the-temple.html,Gutenberg #1493/1494/2881/2882 (Legends of the Jews)
ginzberg_legends_en:373,Louis Ginzberg,en,ginzberg_legends_en,373,,THE THRONE OF SOLOMON,corpus/ginzberg_legends_en/373_the-throne-of-solomon.html,Gutenberg #1493/1494/2881/2882 (Legends of the Jews)
ginzberg_legends_en:374,Louis Ginzberg,en,ginzberg_legends_en,374,,THE HIPPODROME,corpus/ginzberg_legends_en/374_the-hippodrome.html,Gutenberg #1493/1494/2881/2882 (Legends of the Jews)
ginzberg_legends_en:375,Louis Ginzberg,en,ginzberg_legends_en,375,,LESSONS IN HUMILITY,corpus/ginzberg_legends_en/375_lessons-in-humility.html,Gutenberg #1493/1494/2881/2882 (Legends of the Jews)
ginzberg_legends_en:376,Louis Ginzberg,en,ginzberg_legends_en,376,,ASMODEUS,corpus/ginzberg_legends_en/376_asmodeus.html,Gutenberg #1493/1494/2881/2882 (Legends of the Jews)
ginzberg_legends_en:377,Louis Ginzberg,en,ginzberg_legends_en,377,,SOLOMON AS BEGGAR,corpus/ginzberg_legends_en/377_solomon-as-beggar.html,Gutenberg #1493/1494/2881/2882 (Legends of the Jews)
ginzberg_legends_en:378,Louis Ginzberg,en,ginzberg_legends_en,378,,THE COURT OF SOLOMON,corpus/ginzberg_legends_en/378_the-court-of-solomon.html,Gutenberg #1493/1494/2881/2882 (Legends of the Jews)
ginzberg_legends_en:379,Louis Ginzberg,en,ginzberg_legends_en,379,,THE DIVISION OF THE KINGDOM,corpus/ginzberg_legends_en/379_the-division-of-the-kingdom.html,Gutenberg #1493/1494/2881/2882 (Legends of the Jews)
ginzberg_legends_en:380,Louis Ginzberg,en,ginzberg_legends_en,380,,JEROBOAM,corpus/ginzberg_legends_en/380_jeroboam.html,Gutenberg #1493/1494/2881/2882 (Legends of the Jews)
ginzberg_legends_en:381,Louis Ginzberg,en,ginzberg_legends_en,381,,THE TWO ABIJAHS,corpus/ginzberg_legends_en/381_the-two-abijahs.html,Gutenberg #1493/1494/2881/2882 (Legends of the Jews)
ginzberg_legends_en:382,Louis Ginzberg,en,ginzberg_legends_en,382,,ASA,corpus/ginzberg_legends_en/382_asa.html,Gutenberg #1493/1494/2881/2882 (Legends of the Jews)
ginzberg_legends_en:383,Louis Ginzberg,en,ginzberg_legends_en,383,,JEHOSHAPHAT AND AHAB,corpus/ginzberg_legends_en/383_jehoshaphat-and-ahab.html,Gutenberg #1493/1494/2881/2882 (Legends of the Jews)
ginzberg_legends_en:384,Louis Ginzberg,en,ginzberg_legends_en,384,,JEZEBEL,corpus/ginzberg_legends_en/384_jezebel.html,Gutenberg #1493/1494/2881/2882 (Legends of the Jews)
ginzberg_legends_en:385,Louis Ginzberg,en,ginzberg_legends_en,385,,JORAM OF ISRAEL,corpus/ginzberg_legends_en/385_joram-of-israel.html,Gutenberg #1493/1494/2881/2882 (Legends of the Jews)
ginzberg_legends_en:386,Louis Ginzberg,en,ginzberg_legends_en,386,,ELIJAH BEFORE HIS TRANSLATION,corpus/ginzberg_legends_en/386_elijah-before-his-translation.html,Gutenberg #1493/1494/2881/2882 (Legends of the Jews)
ginzberg_legends_en:387,Louis Ginzberg,en,ginzberg_legends_en,387,,AFTER HIS TRANSLATION,corpus/ginzberg_legends_en/387_after-his-translation.html,Gutenberg #1493/1494/2881/2882 (Legends of the Jews)
ginzberg_legends_en:388,Louis Ginzberg,en,ginzberg_legends_en,388,,CENSOR AND AVENGER,corpus/ginzberg_legends_en/388_censor-and-avenger.html,Gutenberg #1493/1494/2881/2882 (Legends of the Jews)
ginzberg_legends_en:389,Louis Ginzberg,en,ginzberg_legends_en,389,,INTERCOURSE WITH THE SAGES,corpus/ginzberg_legends_en/389_intercourse-with-the-sages.html,Gutenberg #1493/1494/2881/2882 (Legends of the Jews)
ginzberg_legends_en:390,Louis Ginzberg,en,ginzberg_legends_en,390,,GOD'S JUSTICE VINDICATED,corpus/ginzberg_legends_en/390_gods-justice-vindicated.html,Gutenberg #1493/1494/2881/2882 (Legends of the Jews)
ginzberg_legends_en:391,Louis Ginzberg,en,ginzberg_legends_en,391,,ELIJAH AND THE ANGEL OF DEATH,corpus/ginzberg_legends_en/391_elijah-and-the-angel-of-death.html,Gutenberg #1493/1494/2881/2882 (Legends of the Jews)
ginzberg_legends_en:392,Louis Ginzberg,en,ginzberg_legends_en,392,,TEACHER OF THE KABBALAH,corpus/ginzberg_legends_en/392_teacher-of-the-kabbalah.html,Gutenberg #1493/1494/2881/2882 (Legends of the Jews)
ginzberg_legends_en:393,Louis Ginzberg,en,ginzberg_legends_en,393,,FORERUNNER OF THE MESSIAH,corpus/ginzberg_legends_en/393_forerunner-of-the-messiah.html,Gutenberg #1493/1494/2881/2882 (Legends of the Jews)
ginzberg_legends_en:394,Louis Ginzberg,en,ginzberg_legends_en,394,,ELISHA THE DISCIPLE OF ELIJAH,corpus/ginzberg_legends_en/394_elisha-the-disciple-of-elijah.html,Gutenberg #1493/1494/2881/2882 (Legends of the Jews)
ginzberg_legends_en:395,Louis Ginzberg,en,ginzberg_legends_en,395,,THE SHUNAMMITE,corpus/ginzberg_legends_en/395_the-shunammite.html,Gutenberg #1493/1494/2881/2882 (Legends of the Jews)
ginzberg_legends_en:396,Louis Ginzberg,en,ginzberg_legends_en,396,,GEHAZI,corpus/ginzberg_legends_en/396_gehazi.html,Gutenberg #1493/1494/2881/2882 (Legends of the Jews)
ginzberg_legends_en:397,Louis Ginzberg,en,ginzberg_legends_en,397,,THE FLIGHT OF JONAH,corpus/ginzberg_legends_en/397_the-flight-of-jonah.html,Gutenberg #1493/1494/2881/2882 (Legends of the Jews)
ginzberg_legends_en:398,Louis Ginzberg,en,ginzberg_legends_en,398,,JONAH IN THE WHALE,corpus/ginzberg_legends_en/398_jonah-in-the-whale.html,Gutenberg #1493/1494/2881/2882 (Legends of the Jews)
ginzberg_legends_en:399,Louis Ginzberg,en,ginzberg_legends_en,399,,THE REPENTANCE OF NINEVEH,corpus/ginzberg_legends_en/399_the-repentance-of-nineveh.html,Gutenberg #1493/1494/2881/2882 (Legends of the Jews)
ginzberg_legends_en:400,Louis Ginzberg,en,ginzberg_legends_en,400,,JOASH,corpus/ginzberg_legends_en/400_joash.html,Gutenberg #1493/1494/2881/2882 (Legends of the Jews)
ginzberg_legends_en:401,Louis Ginzberg,en,ginzberg_legends_en,401,,THREE GREAT PROPHETS,corpus/ginzberg_legends_en/401_three-great-prophets.html,Gutenberg #1493/1494/2881/2882 (Legends of the Jews)
ginzberg_legends_en:402,Louis Ginzberg,en,ginzberg_legends_en,402,,THE TWO KINGDOMS CHASTISED,corpus/ginzberg_legends_en/402_the-two-kingdoms-chastised.html,Gutenberg #1493/1494/2881/2882 (Legends of the Jews)
ginzberg_legends_en:403,Louis Ginzberg,en,ginzberg_legends_en,403,,HEZEKIAH,corpus/ginzberg_legends_en/403_hezekiah.html,Gutenberg #1493/1494/2881/2882 (Legends of the Jews)
ginzberg_legends_en:404,Louis Ginzberg,en,ginzberg_legends_en,404,,MIRACLES WROUGHT FOR HEZEKIAH,corpus/ginzberg_legends_en/404_miracles-wrought-for-hezekiah.html,Gutenberg #1493/1494/2881/2882 (Legends of the Jews)
ginzberg_legends_en:405,Louis Ginzberg,en,ginzberg_legends_en,405,,MANASSEH,corpus/ginzberg_legends_en/405_manasseh.html,Gutenberg #1493/1494/2881/2882 (Legends of the Jews)
ginzberg_legends_en:406,Louis Ginzberg,en,ginzberg_legends_en,406,,JOSIAH AND HIS SUCCESSORS,corpus/ginzberg_legends_en/406_josiah-and-his-successors.html,Gutenberg #1493/1494/2881/2882 (Legends of the Jews)
ginzberg_legends_en:407,Louis Ginzberg,en,ginzberg_legends_en,407,,ZEDEKIAH,corpus/ginzberg_legends_en/407_zedekiah.html,Gutenberg #1493/1494/2881/2882 (Legends of the Jews)
ginzberg_legends_en:408,Louis Ginzberg,en,ginzberg_legends_en,408,,JEREMIAH,corpus/ginzberg_legends_en/408_jeremiah.html,Gutenberg #1493/1494/2881/2882 (Legends of the Jews)
ginzberg_legends_en:409,Louis Ginzberg,en,ginzberg_legends_en,409,,NEBUCHADNEZZAR,corpus/ginzberg_legends_en/409_nebuchadnezzar.html,Gutenberg #1493/1494/2881/2882 (Legends of the Jews)
ginzberg_legends_en:410,Louis Ginzberg,en,ginzberg_legends_en,410,,THE CAPTURE OF JERUSALEM,corpus/ginzberg_legends_en/410_the-capture-of-jerusalem.html,Gutenberg #1493/1494/2881/2882 (Legends of the Jews)
ginzberg_legends_en:411,Louis Ginzberg,en,ginzberg_legends_en,411,,THE GREAT LAMENT,corpus/ginzberg_legends_en/411_the-great-lament.html,Gutenberg #1493/1494/2881/2882 (Legends of the Jews)
ginzberg_legends_en:412,Louis Ginzberg,en,ginzberg_legends_en,412,,JEREMIAH'S JOURNEY TO BABYLON,corpus/ginzberg_legends_en/412_jeremiahs-journey-to-babylon.html,Gutenberg #1493/1494/2881/2882 (Legends of the Jews)
ginzberg_legends_en:413,Louis Ginzberg,en,ginzberg_legends_en,413,,TRANSPORTATION OF THE CAPTIVES,corpus/ginzberg_legends_en/413_transportation-of-the-captives.html,Gutenberg #1493/1494/2881/2882 (Legends of the Jews)
ginzberg_legends_en:414,Louis Ginzberg,en,ginzberg_legends_en,414,,THE SONS OF MOSES,corpus/ginzberg_legends_en/414_the-sons-of-moses.html,Gutenberg #1493/1494/2881/2882 (Legends of the Jews)
ginzberg_legends_en:415,Louis Ginzberg,en,ginzberg_legends_en,415,,EBED-MELECH,corpus/ginzberg_legends_en/415_ebed-melech.html,Gutenberg #1493/1494/2881/2882 (Legends of the Jews)
ginzberg_legends_en:416,Louis Ginzberg,en,ginzberg_legends_en,416,,THE TEMPLE VESSELS,corpus/ginzberg_legends_en/416_the-temple-vessels.html,Gutenberg #1493/1494/2881/2882 (Legends of the Jews)
ginzberg_legends_en:417,Louis Ginzberg,en,ginzberg_legends_en,417,,BARUCH,corpus/ginzberg_legends_en/417_baruch.html,Gutenberg #1493/1494/2881/2882 (Legends of the Jews)
ginzberg_legends_en:418,Louis Ginzberg,en,ginzberg_legends_en,418,,THE TOMBS OF BARUCH AND EZEKIEL,corpus/ginzberg_legends_en/418_the-tombs-of-baruch-and-ezekiel.html,Gutenberg #1493/1494/2881/2882 (Legends of the Jews)
ginzberg_legends_en:419,Louis Ginzberg,en,ginzberg_legends_en,419,,DANIEL,corpus/ginzberg_legends_en/419_daniel.html,Gutenberg #1493/1494/2881/2882 (Legends of the Jews)
ginzberg_legends_en:420,Louis Ginzberg,en,ginzberg_legends_en,420,,THE THREE MEN IN THE FURNACE,corpus/ginzberg_legends_en/420_the-three-men-in-the-furnace.html,Gutenberg #1493/1494/2881/2882 (Legends of the Jews)
ginzberg_legends_en:421,Louis Ginzberg,en,ginzberg_legends_en,421,,EZEKIEL REVIVES THE DEAD,corpus/ginzberg_legends_en/421_ezekiel-revives-the-dead.html,Gutenberg #1493/1494/2881/2882 (Legends of the Jews)
ginzberg_legends_en:422,Louis Ginzberg,en,ginzberg_legends_en,422,,NEBUCHADNEZZAR A BEAST,corpus/ginzberg_legends_en/422_nebuchadnezzar-a-beast.html,Gutenberg #1493/1494/2881/2882 (Legends of the Jews)
ginzberg_legends_en:423,Louis Ginzberg,en,ginzberg_legends_en,423,,HIRAM,corpus/ginzberg_legends_en/423_hiram.html,Gutenberg #1493/1494/2881/2882 (Legends of the Jews)
ginzberg_legends_en:424,Louis Ginzberg,en,ginzberg_legends_en,424,,THE FALSE PROPHETS,corpus/ginzberg_legends_en/424_the-false-prophets.html,Gutenberg #1493/1494/2881/2882 (Legends of the Jews)
ginzberg_legends_en:425,Louis Ginzberg,en,ginzberg_legends_en,425,,DANIEL'S PIETY,corpus/ginzberg_legends_en/425_daniels-piety.html,Gutenberg #1493/1494/2881/2882 (Legends of the Jews)
ginzberg_legends_en:426,Louis Ginzberg,en,ginzberg_legends_en,426,,BELSHAZZAR'S FEAST,corpus/ginzberg_legends_en/426_belshazzars-feast.html,Gutenberg #1493/1494/2881/2882 (Legends of the Jews)
ginzberg_legends_en:427,Louis Ginzberg,en,ginzberg_legends_en,427,,DANIEL UNDER THE PERSIAN KINGS,corpus/ginzberg_legends_en/427_daniel-under-the-persian-kings.html,Gutenberg #1493/1494/2881/2882 (Legends of the Jews)
ginzberg_legends_en:428,Louis Ginzberg,en,ginzberg_legends_en,428,,THE GRAVE OF DANIEL,corpus/ginzberg_legends_en/428_the-grave-of-daniel.html,Gutenberg #1493/1494/2881/2882 (Legends of the Jews)
ginzberg_legends_en:429,Louis Ginzberg,en,ginzberg_legends_en,429,,ZERUBBABEL,corpus/ginzberg_legends_en/429_zerubbabel.html,Gutenberg #1493/1494/2881/2882 (Legends of the Jews)
ginzberg_legends_en:430,Louis Ginzberg,en,ginzberg_legends_en,430,,EZRA,corpus/ginzberg_legends_en/430_ezra.html,Gutenberg #1493/1494/2881/2882 (Legends of the Jews)
ginzberg_legends_en:431,Louis Ginzberg,en,ginzberg_legends_en,431,,THE MEN OF THE GREAT ASSEMBLY,corpus/ginzberg_legends_en/431_the-men-of-the-great-assembly.html,Gutenberg #1493/1494/2881/2882 (Legends of the Jews)
ginzberg_legends_en:432,Louis Ginzberg,en,ginzberg_legends_en,432,,THE FEAST FOR THE GRANDEES,corpus/ginzberg_legends_en/432_the-feast-for-the-grandees.html,Gutenberg #1493/1494/2881/2882 (Legends of the Jews)
ginzberg_legends_en:433,Louis Ginzberg,en,ginzberg_legends_en,433,,THE FESTIVITIES IN SHUSHAN,corpus/ginzberg_legends_en/433_the-festivities-in-shushan.html,Gutenberg #1493/1494/2881/2882 (Legends of the Jews)
ginzberg_legends_en:434,Louis Ginzberg,en,ginzberg_legends_en,434,,VASTHI'S BANQUET,corpus/ginzberg_legends_en/434_vasthis-banquet.html,Gutenberg #1493/1494/2881/2882 (Legends of the Jews)
ginzberg_legends_en:435,Louis Ginzberg,en,ginzberg_legends_en,435,,THE FATE OF VASHTI,corpus/ginzberg_legends_en/435_the-fate-of-vashti.html,Gutenberg #1493/1494/2881/2882 (Legends of the Jews)
ginzberg_legends_en:436,Louis Ginzberg,en,ginzberg_legends_en,436,,THE FOLLIES OF AHASUERUS,corpus/ginzberg_legends_en/436_the-follies-of-ahasuerus.html,Gutenberg #1493/1494/2881/2882 (Legends of the Jews)
ginzberg_legends_en:437,Louis Ginzberg,en,ginzberg_legends_en,437,,MORDECAI,corpus/ginzberg_legends_en/437_mordecai.html,Gutenberg #1493/1494/2881/2882 (Legends of the Jews)
ginzberg_legends_en:438,Louis Ginzberg,en,ginzberg_legends_en,438,,ESTHER'S BEAUTY AND PIETY,corpus/ginzberg_legends_en/438_esthers-beauty-and-piety.html,Gutenberg #1493/1494/2881/2882 (Legends of the Jews)
ginzberg_legends_en:439,Louis Ginzberg,en,ginzberg_legends_en,439,,THE CONSPIRACY,corpus/ginzberg_legends_en/439_the-conspiracy.html,Gutenberg #1493/1494/2881/2882 (Legends of the Jews)
ginzberg_legends_en:440,Louis Ginzberg,en,ginzberg_legends_en,440,,HAMAN THE JEW-BAITER,corpus/ginzberg_legends_en/440_haman-the-jew-baiter.html,Gutenberg #1493/1494/2881/2882 (Legends of the Jews)
ginzberg_legends_en:441,Louis Ginzberg,en,ginzberg_legends_en,441,,MORDECAI'S PRIDE,corpus/ginzberg_legends_en/441_mordecais-pride.html,Gutenberg #1493/1494/2881/2882 (Legends of the Jews)
ginzberg_legends_en:442,Louis Ginzberg,en,ginzberg_legends_en,442,,CASTING THE LOTS,corpus/ginzberg_legends_en/442_casting-the-lots.html,Gutenberg #1493/1494/2881/2882 (Legends of the Jews)
ginzberg_legends_en:443,Louis Ginzberg,en,ginzberg_legends_en,443,,THE DENUNCIATION OF THE JEWS,corpus/ginzberg_legends_en/443_the-denunciation-of-the-jews.html,Gutenberg #1493/1494/2881/2882 (Legends of the Jews)
ginzberg_legends_en:444,Louis Ginzberg,en,ginzberg_legends_en,444,,THE DECREE OF ANNIHILATION,corpus/ginzberg_legends_en/444_the-decree-of-annihilation.html,Gutenberg #1493/1494/2881/2882 (Legends of the Jews)
ginzberg_legends_en:445,Louis Ginzberg,en,ginzberg_legends_en,445,,SATAN INDICTS THE JEWS,corpus/ginzberg_legends_en/445_satan-indicts-the-jews.html,Gutenberg #1493/1494/2881/2882 (Legends of the Jews)
ginzberg_legends_en:446,Louis Ginzberg,en,ginzberg_legends_en,446,,THE DREAM OF MORDECAI FULFILLED,corpus/ginzberg_legends_en/446_the-dream-of-mordecai-fulfilled.html,Gutenberg #1493/1494/2881/2882 (Legends of the Jews)
ginzberg_legends_en:447,Louis Ginzberg,en,ginzberg_legends_en,447,,THE PRAYER OF ESTHER,corpus/ginzberg_legends_en/447_the-prayer-of-esther.html,Gutenberg #1493/1494/2881/2882 (Legends of the Jews)
ginzberg_legends_en:448,Louis Ginzberg,en,ginzberg_legends_en,448,,ESTHER INTERCEDES,corpus/ginzberg_legends_en/448_esther-intercedes.html,Gutenberg #1493/1494/2881/2882 (Legends of the Jews)
ginzberg_legends_en:449,Louis Ginzberg,en,ginzberg_legends_en,449,,THE DISTURBED NIGHT,corpus/ginzberg_legends_en/449_the-disturbed-night.html,Gutenberg #1493/1494/2881/2882 (Legends of the Jews)
ginzberg_legends_en:450,Louis Ginzberg,en,ginzberg_legends_en,450,,THE FALL OF HAMAN,corpus/ginzberg_legends_en/450_the-fall-of-haman.html,Gutenberg #1493/1494/2881/2882 (Legends of the Jews)
ginzberg_legends_en:451,Louis Ginzberg,en,ginzberg_legends_en,451,,THE EDICT OF THE KING,corpus/ginzberg_legends_en/451_the-edict-of-the-king.html,Gutenberg #1493/1494/2881/2882 (Legends of the Jews)
isaacs_en:001,Abram S. Isaacs,en,isaacs_en,001,,The Faust of the Talmud,corpus/isaacs_en/001_the-faust-of-the-talmud.html,"archive.org OCR (Stories from the Rabbis, 1893)"
isaacs_en:002,Abram S. Isaacs,en,isaacs_en,002,,The Wooing of the Princess,corpus/isaacs_en/002_the-wooing-of-the-princess.html,"archive.org OCR (Stories from the Rabbis, 1893)"
isaacs_en:003,Abram S. Isaacs,en,isaacs_en,003,,The Rip Van Winkle of the Talmud,corpus/isaacs_en/003_the-rip-van-winkle-of-the-talmud.html,"archive.org OCR (Stories from the Rabbis, 1893)"
isaacs_en:004,Abram S. Isaacs,en,isaacs_en,004,,Rabbinical Romance,corpus/isaacs_en/004_rabbinical-romance.html,"archive.org OCR (Stories from the Rabbis, 1893)"
isaacs_en:005,Abram S. Isaacs,en,isaacs_en,005,,The Shepherd's Wife,corpus/isaacs_en/005_the-shepherds-wife.html,"archive.org OCR (Stories from the Rabbis, 1893)"
isaacs_en:006,Abram S. Isaacs,en,isaacs_en,006,,The Repentant Rabbi,corpus/isaacs_en/006_the-repentant-rabbi.html,"archive.org OCR (Stories from the Rabbis, 1893)"
isaacs_en:007,Abram S. Isaacs,en,isaacs_en,007,,The Inheritance,corpus/isaacs_en/007_the-inheritance.html,"archive.org OCR (Stories from the Rabbis, 1893)"
isaacs_en:008,Abram S. Isaacs,en,isaacs_en,008,,Elijah in the Legends,corpus/isaacs_en/008_elijah-in-the-legends.html,"archive.org OCR (Stories from the Rabbis, 1893)"
isaacs_en:009,Abram S. Isaacs,en,isaacs_en,009,,When Solomon was King,corpus/isaacs_en/009_when-solomon-was-king.html,"archive.org OCR (Stories from the Rabbis, 1893)"
isaacs_en:010,Abram S. Isaacs,en,isaacs_en,010,,Rabbinical Humor,corpus/isaacs_en/010_rabbinical-humor.html,"archive.org OCR (Stories from the Rabbis, 1893)"
isaacs_en:011,Abram S. Isaacs,en,isaacs_en,011,,The Munchausen of the Talmud,corpus/isaacs_en/011_the-munchausen-of-the-talmud.html,"archive.org OCR (Stories from the Rabbis, 1893)"
isaacs_en:012,Abram S. Isaacs,en,isaacs_en,012,,The Rabbi's Dream,corpus/isaacs_en/012_the-rabbis-dream.html,"archive.org OCR (Stories from the Rabbis, 1893)"
isaacs_en:013,Abram S. Isaacs,en,isaacs_en,013,,The Gift that Blessed,corpus/isaacs_en/013_the-gift-that-blessed.html,"archive.org OCR (Stories from the Rabbis, 1893)"
isaacs_en:014,Abram S. Isaacs,en,isaacs_en,014,,In the Sweat of Thy Brow,corpus/isaacs_en/014_in-the-sweat-of-thy-brow.html,"archive.org OCR (Stories from the Rabbis, 1893)"
isaacs_en:015,Abram S. Isaacs,en,isaacs_en,015,,A Four-Leaved Clover,corpus/isaacs_en/015_a-four-leaved-clover.html,"archive.org OCR (Stories from the Rabbis, 1893)"
isaacs_en:016,Abram S. Isaacs,en,isaacs_en,016,,The Expiation,corpus/isaacs_en/016_the-expiation.html,"archive.org OCR (Stories from the Rabbis, 1893)"
isaacs_en:017,Abram S. Isaacs,en,isaacs_en,017,,A String of Pearls,corpus/isaacs_en/017_a-string-of-pearls.html,"archive.org OCR (Stories from the Rabbis, 1893)"
rapaport_en:001,Samuel Rapaport,en,rapaport_en,001,,Alexander of Macedon,corpus/rapaport_en/001_alexander-of-macedon.html,"archive.org OCR (Tales and Maxims from the Midrash, 1907)"
rapaport_en:002,Samuel Rapaport,en,rapaport_en,002,,Demons,corpus/rapaport_en/002_demons.html,"archive.org OCR (Tales and Maxims from the Midrash, 1907)"
rapaport_en:003,Samuel Rapaport,en,rapaport_en,003,,"Ashmedai, the King of Demons",corpus/rapaport_en/003_ashmedai-the-king-of-demons.html,"archive.org OCR (Tales and Maxims from the Midrash, 1907)"
rapaport_en:004,Samuel Rapaport,en,rapaport_en,004,,Messiah,corpus/rapaport_en/004_messiah.html,"archive.org OCR (Tales and Maxims from the Midrash, 1907)"
rapaport_en:005,Samuel Rapaport,en,rapaport_en,005,,Genesis Rabba,corpus/rapaport_en/005_genesis-rabba.html,"archive.org OCR (Tales and Maxims from the Midrash, 1907)"
rapaport_en:006,Samuel Rapaport,en,rapaport_en,006,,Exodus Rabba,corpus/rapaport_en/006_exodus-rabba.html,"archive.org OCR (Tales and Maxims from the Midrash, 1907)"
rapaport_en:007,Samuel Rapaport,en,rapaport_en,007,,Leviticus Rabba,corpus/rapaport_en/007_leviticus-rabba.html,"archive.org OCR (Tales and Maxims from the Midrash, 1907)"
rapaport_en:008,Samuel Rapaport,en,rapaport_en,008,,Numbers Rabba,corpus/rapaport_en/008_numbers-rabba.html,"archive.org OCR (Tales and Maxims from the Midrash, 1907)"
rapaport_en:009,Samuel Rapaport,en,rapaport_en,009,,Deuteronomy Rabba,corpus/rapaport_en/009_deuteronomy-rabba.html,"archive.org OCR (Tales and Maxims from the Midrash, 1907)"
rapaport_en:010,Samuel Rapaport,en,rapaport_en,010,,Midrash Ruth,corpus/rapaport_en/010_midrash-ruth.html,"archive.org OCR (Tales and Maxims from the Midrash, 1907)"
rapaport_en:011,Samuel Rapaport,en,rapaport_en,011,,Midrash Song of Songs,corpus/rapaport_en/011_midrash-song-of-songs.html,"archive.org OCR (Tales and Maxims from the Midrash, 1907)"
rapaport_en:012,Samuel Rapaport,en,rapaport_en,012,,Midrash Ecclesiastes,corpus/rapaport_en/012_midrash-ecclesiastes.html,"archive.org OCR (Tales and Maxims from the Midrash, 1907)"
rapaport_en:013,Samuel Rapaport,en,rapaport_en,013,,Midrash Lamentations,corpus/rapaport_en/013_midrash-lamentations.html,"archive.org OCR (Tales and Maxims from the Midrash, 1907)"
rapaport_en:014,Samuel Rapaport,en,rapaport_en,014,,Midrash Esther,corpus/rapaport_en/014_midrash-esther.html,"archive.org OCR (Tales and Maxims from the Midrash, 1907)"
rapaport_en:015,Samuel Rapaport,en,rapaport_en,015,,Midrash Psalms,corpus/rapaport_en/015_midrash-psalms.html,"archive.org OCR (Tales and Maxims from the Midrash, 1907)"
rapaport_en:016,Samuel Rapaport,en,rapaport_en,016,,Midrash Proverbs,corpus/rapaport_en/016_midrash-proverbs.html,"archive.org OCR (Tales and Maxims from the Midrash, 1907)"
rapaport_en:017,Samuel Rapaport,en,rapaport_en,017,,Midrash Samuel,corpus/rapaport_en/017_midrash-samuel.html,"archive.org OCR (Tales and Maxims from the Midrash, 1907)"
rapaport_en:018,Samuel Rapaport,en,rapaport_en,018,,Midrash Tanchumah (Yelamdinu),corpus/rapaport_en/018_midrash-tanchumah-yelamdinu.html,"archive.org OCR (Tales and Maxims from the Midrash, 1907)"
weinreich_en:001,Various (YIVO zamlers),en,weinreich_en,001,,Naked Truth and Resplendent Parable,corpus/weinreich_en/001_naked-truth-and-resplendent-parable.html,Weinreich/YIVO 1988 (stub)
weinreich_en:002,Various (YIVO zamlers),en,weinreich_en,002,,"A Bit of Herring, a Pinch of Salt, and a Morsel of Bread",corpus/weinreich_en/002_a-bit-of-herring-a-pinch-of-salt-and-a-morsel-of-bread.html,Weinreich/YIVO 1988 (stub)
weinreich_en:003,Various (YIVO zamlers),en,weinreich_en,003,,Things Can Always Get Worse,corpus/weinreich_en/003_things-can-always-get-worse.html,Weinreich/YIVO 1988 (stub)
weinreich_en:004,Various (YIVO zamlers),en,weinreich_en,004,,The Luck That Snored,corpus/weinreich_en/004_the-luck-that-snored.html,Weinreich/YIVO 1988 (stub)
weinreich_en:005,Various (YIVO zamlers),en,weinreich_en,005,,The Fever and the Flea,corpus/weinreich_en/005_the-fever-and-the-flea.html,Weinreich/YIVO 1988 (stub)
weinreich_en:006,Various (YIVO zamlers),en,weinreich_en,006,,Why Dogs Chase Cats and Cats Chase Mice,corpus/weinreich_en/006_why-dogs-chase-cats-and-cats-chase-mice.html,Weinreich/YIVO 1988 (stub)
weinreich_en:007,Various (YIVO zamlers),en,weinreich_en,007,,Wisdom or Luck?,corpus/weinreich_en/007_wisdom-or-luck.html,Weinreich/YIVO 1988 (stub)
weinreich_en:008,Various (YIVO zamlers),en,weinreich_en,008,,Pleasing All the World,corpus/weinreich_en/008_pleasing-all-the-world.html,Weinreich/YIVO 1988 (stub)
weinreich_en:009,Various (YIVO zamlers),en,weinreich_en,009,,Poverty Grows and Grows,corpus/weinreich_en/009_poverty-grows-and-grows.html,Weinreich/YIVO 1988 (stub)
weinreich_en:010,Various (YIVO zamlers),en,weinreich_en,010,,The Sacrifice of Isaac and the Caretaker of Brisk,corpus/weinreich_en/010_the-sacrifice-of-isaac-and-the-caretaker-of-brisk.html,Weinreich/YIVO 1988 (stub)
weinreich_en:011,Various (YIVO zamlers),en,weinreich_en,011,,The Treasure at Home,corpus/weinreich_en/011_the-treasure-at-home.html,Weinreich/YIVO 1988 (stub)
weinreich_en:012,Various (YIVO zamlers),en,weinreich_en,012,,A Fable of a Bird and Her Chicks,corpus/weinreich_en/012_a-fable-of-a-bird-and-her-chicks.html,Weinreich/YIVO 1988 (stub)
weinreich_en:013,Various (YIVO zamlers),en,weinreich_en,013,,Letting In the Light,corpus/weinreich_en/013_letting-in-the-light.html,Weinreich/YIVO 1988 (stub)
weinreich_en:014,Various (YIVO zamlers),en,weinreich_en,014,,Bad Luck,corpus/weinreich_en/014_bad-luck.html,Weinreich/YIVO 1988 (stub)
weinreich_en:015,Various (YIVO zamlers),en,weinreich_en,015,,A Nonsense Tale,corpus/weinreich_en/015_a-nonsense-tale.html,Weinreich/YIVO 1988 (stub)
weinreich_en:016,Various (YIVO zamlers),en,weinreich_en,016,,A Purim Tale,corpus/weinreich_en/016_a-purim-tale.html,Weinreich/YIVO 1988 (stub)
weinreich_en:017,Various (YIVO zamlers),en,weinreich_en,017,,A Tale of Two Brothers,corpus/weinreich_en/017_a-tale-of-two-brothers.html,Weinreich/YIVO 1988 (stub)
weinreich_en:018,Various (YIVO zamlers),en,weinreich_en,018,,The Foolish Youth and Elijah the Prophet,corpus/weinreich_en/018_the-foolish-youth-and-elijah-the-prophet.html,Weinreich/YIVO 1988 (stub)
weinreich_en:019,Various (YIVO zamlers),en,weinreich_en,019,,The King's Lost Daughter,corpus/weinreich_en/019_the-kings-lost-daughter.html,Weinreich/YIVO 1988 (stub)
weinreich_en:020,Various (YIVO zamlers),en,weinreich_en,020,,The Magic Fish and the Wishing Ring,corpus/weinreich_en/020_the-magic-fish-and-the-wishing-ring.html,Weinreich/YIVO 1988 (stub)
weinreich_en:021,Various (YIVO zamlers),en,weinreich_en,021,,The Hunchbacks and the Dancing Demons,corpus/weinreich_en/021_the-hunchbacks-and-the-dancing-demons.html,Weinreich/YIVO 1988 (stub)
weinreich_en:022,Various (YIVO zamlers),en,weinreich_en,022,,The Princess of the Third Pumpkin,corpus/weinreich_en/022_the-princess-of-the-third-pumpkin.html,Weinreich/YIVO 1988 (stub)
weinreich_en:023,Various (YIVO zamlers),en,weinreich_en,023,,Stones and Bones Rattle in My Belly,corpus/weinreich_en/023_stones-and-bones-rattle-in-my-belly.html,Weinreich/YIVO 1988 (stub)
weinreich_en:024,Various (YIVO zamlers),en,weinreich_en,024,,Sore Khone at the Tip of the Church Tower,corpus/weinreich_en/024_sore-khone-at-the-tip-of-the-church-tower.html,Weinreich/YIVO 1988 (stub)
weinreich_en:025,Various (YIVO zamlers),en,weinreich_en,025,,Little Bean,corpus/weinreich_en/025_little-bean.html,Weinreich/YIVO 1988 (stub)
weinreich_en:026,Various (YIVO zamlers),en,weinreich_en,026,,A Topsy-Turvy Tale,corpus/weinreich_en/026_a-topsy-turvy-tale.html,Weinreich/YIVO 1988 (stub)
weinreich_en:027,Various (YIVO zamlers),en,weinreich_en,027,,Clever Khashinke and Foolish Bashinke,corpus/weinreich_en/027_clever-khashinke-and-foolish-bashinke.html,Weinreich/YIVO 1988 (stub)
weinreich_en:028,Various (YIVO zamlers),en,weinreich_en,028,,The Granny Bear,corpus/weinreich_en/028_the-granny-bear.html,Weinreich/YIVO 1988 (stub)
weinreich_en:029,Various (YIVO zamlers),en,weinreich_en,029,,Moyshele and Sheyndele,corpus/weinreich_en/029_moyshele-and-sheyndele.html,Weinreich/YIVO 1988 (stub)
weinreich_en:030,Various (YIVO zamlers),en,weinreich_en,030,,Next Time That's What I'll Say,corpus/weinreich_en/030_next-time-thats-what-ill-say.html,Weinreich/YIVO 1988 (stub)
weinreich_en:031,Various (YIVO zamlers),en,weinreich_en,031,,The Naughty Little Girl,corpus/weinreich_en/031_the-naughty-little-girl.html,Weinreich/YIVO 1988 (stub)
weinreich_en:032,Various (YIVO zamlers),en,weinreich_en,032,,The Orphan Boy Who Won the Bride,corpus/weinreich_en/032_the-orphan-boy-who-won-the-bride.html,Weinreich/YIVO 1988 (stub)
weinreich_en:033,Various (YIVO zamlers),en,weinreich_en,033,,Forty Hares and a Princess,corpus/weinreich_en/033_forty-hares-and-a-princess.html,Weinreich/YIVO 1988 (stub)
weinreich_en:034,Various (YIVO zamlers),en,weinreich_en,034,,Hang the Moon on My Palace Roof,corpus/weinreich_en/034_hang-the-moon-on-my-palace-roof.html,Weinreich/YIVO 1988 (stub)
weinreich_en:035,Various (YIVO zamlers),en,weinreich_en,035,,The Sorcerer's Apprentice,corpus/weinreich_en/035_the-sorcerers-apprentice.html,Weinreich/YIVO 1988 (stub)
weinreich_en:036,Various (YIVO zamlers),en,weinreich_en,036,,The Beggar King and the Melamed,corpus/weinreich_en/036_the-beggar-king-and-the-melamed.html,Weinreich/YIVO 1988 (stub)
weinreich_en:037,Various (YIVO zamlers),en,weinreich_en,037,,Of Nettles and Roses,corpus/weinreich_en/037_of-nettles-and-roses.html,Weinreich/YIVO 1988 (stub)
weinreich_en:038,Various (YIVO zamlers),en,weinreich_en,038,,The Demon and Sosye,corpus/weinreich_en/038_the-demon-and-sosye.html,Weinreich/YIVO 1988 (stub)
weinreich_en:039,Various (YIVO zamlers),en,weinreich_en,039,,How Much Do You Love Me?,corpus/weinreich_en/039_how-much-do-you-love-me.html,Weinreich/YIVO 1988 (stub)
weinreich_en:040,Various (YIVO zamlers),en,weinreich_en,040,,The Master Thief,corpus/weinreich_en/040_the-master-thief.html,Weinreich/YIVO 1988 (stub)
weinreich_en:041,Various (YIVO zamlers),en,weinreich_en,041,,The Orphan Boys,corpus/weinreich_en/041_the-orphan-boys.html,Weinreich/YIVO 1988 (stub)
weinreich_en:042,Various (YIVO zamlers),en,weinreich_en,042,,Two Brothers Who Went to the Devil,corpus/weinreich_en/042_two-brothers-who-went-to-the-devil.html,Weinreich/YIVO 1988 (stub)
weinreich_en:043,Various (YIVO zamlers),en,weinreich_en,043,,The Snake Bridegroom,corpus/weinreich_en/043_the-snake-bridegroom.html,Weinreich/YIVO 1988 (stub)
weinreich_en:044,Various (YIVO zamlers),en,weinreich_en,044,,The Merchant's Son and the Demons,corpus/weinreich_en/044_the-merchants-son-and-the-demons.html,Weinreich/YIVO 1988 (stub)
weinreich_en:045,Various (YIVO zamlers),en,weinreich_en,045,,"The Ram, the Basket, and the Stick",corpus/weinreich_en/045_the-ram-the-basket-and-the-stick.html,Weinreich/YIVO 1988 (stub)
weinreich_en:046,Various (YIVO zamlers),en,weinreich_en,046,,The Golden Feather,corpus/weinreich_en/046_the-golden-feather.html,Weinreich/YIVO 1988 (stub)
weinreich_en:047,Various (YIVO zamlers),en,weinreich_en,047,,The Tale of a Stingy Woman,corpus/weinreich_en/047_the-tale-of-a-stingy-woman.html,Weinreich/YIVO 1988 (stub)
weinreich_en:048,Various (YIVO zamlers),en,weinreich_en,048,,The Wheat Poured In at the Door,corpus/weinreich_en/048_the-wheat-poured-in-at-the-door.html,Weinreich/YIVO 1988 (stub)
weinreich_en:049,Various (YIVO zamlers),en,weinreich_en,049,,In Heaven and Hell,corpus/weinreich_en/049_in-heaven-and-hell.html,Weinreich/YIVO 1988 (stub)
weinreich_en:050,Various (YIVO zamlers),en,weinreich_en,050,,The Miracle of the Tree,corpus/weinreich_en/050_the-miracle-of-the-tree.html,Weinreich/YIVO 1988 (stub)
weinreich_en:051,Various (YIVO zamlers),en,weinreich_en,051,,The Poor Man's Ruble,corpus/weinreich_en/051_the-poor-mans-ruble.html,Weinreich/YIVO 1988 (stub)
weinreich_en:052,Various (YIVO zamlers),en,weinreich_en,052,,Blood and Water,corpus/weinreich_en/052_blood-and-water.html,Weinreich/YIVO 1988 (stub)
weinreich_en:053,Various (YIVO zamlers),en,weinreich_en,053,,A Letter to God,corpus/weinreich_en/053_a-letter-to-god.html,Weinreich/YIVO 1988 (stub)
weinreich_en:054,Various (YIVO zamlers),en,weinreich_en,054,,The Seven Good Years,corpus/weinreich_en/054_the-seven-good-years.html,Weinreich/YIVO 1988 (stub)
weinreich_en:055,Various (YIVO zamlers),en,weinreich_en,055,,Set a Trap for Another,corpus/weinreich_en/055_set-a-trap-for-another.html,Weinreich/YIVO 1988 (stub)
weinreich_en:056,Various (YIVO zamlers),en,weinreich_en,056,,A Sukkos Tale,corpus/weinreich_en/056_a-sukkos-tale.html,Weinreich/YIVO 1988 (stub)
weinreich_en:057,Various (YIVO zamlers),en,weinreich_en,057,,Only Eleven Little Fish,corpus/weinreich_en/057_only-eleven-little-fish.html,Weinreich/YIVO 1988 (stub)
weinreich_en:058,Various (YIVO zamlers),en,weinreich_en,058,,A Passover Tale,corpus/weinreich_en/058_a-passover-tale.html,Weinreich/YIVO 1988 (stub)
weinreich_en:059,Various (YIVO zamlers),en,weinreich_en,059,,A Shocking Tale of a Viceroy,corpus/weinreich_en/059_a-shocking-tale-of-a-viceroy.html,Weinreich/YIVO 1988 (stub)
weinreich_en:060,Various (YIVO zamlers),en,weinreich_en,060,,The Leper Boy and Elijah the Prophet,corpus/weinreich_en/060_the-leper-boy-and-elijah-the-prophet.html,Weinreich/YIVO 1988 (stub)
weinreich_en:061,Various (YIVO zamlers),en,weinreich_en,061,,A Tragic Tale,corpus/weinreich_en/061_a-tragic-tale.html,Weinreich/YIVO 1988 (stub)
weinreich_en:062,Various (YIVO zamlers),en,weinreich_en,062,,Upon Me,corpus/weinreich_en/062_upon-me.html,Weinreich/YIVO 1988 (stub)
weinreich_en:063,Various (YIVO zamlers),en,weinreich_en,063,,The Ballad of the Faithful Wife,corpus/weinreich_en/063_the-ballad-of-the-faithful-wife.html,Weinreich/YIVO 1988 (stub)
weinreich_en:064,Various (YIVO zamlers),en,weinreich_en,064,,The Iron Chest,corpus/weinreich_en/064_the-iron-chest.html,Weinreich/YIVO 1988 (stub)
weinreich_en:065,Various (YIVO zamlers),en,weinreich_en,065,,Water Wouldn't Hurt,corpus/weinreich_en/065_water-wouldnt-hurt.html,Weinreich/YIVO 1988 (stub)
weinreich_en:066,Various (YIVO zamlers),en,weinreich_en,066,,Holding On to One-Quarter of My World,corpus/weinreich_en/066_holding-on-to-one-quarter-of-my-world.html,Weinreich/YIVO 1988 (stub)
weinreich_en:067,Various (YIVO zamlers),en,weinreich_en,067,,The Poor Rabbi and His Three Daughters,corpus/weinreich_en/067_the-poor-rabbi-and-his-three-daughters.html,Weinreich/YIVO 1988 (stub)
weinreich_en:068,Various (YIVO zamlers),en,weinreich_en,068,,A Riddle Tale,corpus/weinreich_en/068_a-riddle-tale.html,Weinreich/YIVO 1988 (stub)
weinreich_en:069,Various (YIVO zamlers),en,weinreich_en,069,,Then Where's the Cat?,corpus/weinreich_en/069_then-wheres-the-cat.html,Weinreich/YIVO 1988 (stub)
weinreich_en:070,Various (YIVO zamlers),en,weinreich_en,070,,The Best for My Wife,corpus/weinreich_en/070_the-best-for-my-wife.html,Weinreich/YIVO 1988 (stub)
weinreich_en:071,Various (YIVO zamlers),en,weinreich_en,071,,Another Riddle Tale,corpus/weinreich_en/071_another-riddle-tale.html,Weinreich/YIVO 1988 (stub)
weinreich_en:072,Various (YIVO zamlers),en,weinreich_en,072,,Good Manners and Foolish Khushim,corpus/weinreich_en/072_good-manners-and-foolish-khushim.html,Weinreich/YIVO 1988 (stub)
weinreich_en:073,Various (YIVO zamlers),en,weinreich_en,073,,Khushim and His Bride,corpus/weinreich_en/073_khushim-and-his-bride.html,Weinreich/YIVO 1988 (stub)
weinreich_en:074,Various (YIVO zamlers),en,weinreich_en,074,,The Tale of a Leaf from the Tree of Knowledge,corpus/weinreich_en/074_the-tale-of-a-leaf-from-the-tree-of-knowledge.html,Weinreich/YIVO 1988 (stub)
weinreich_en:075,Various (YIVO zamlers),en,weinreich_en,075,,Reb Hershele and the Goose Leg,corpus/weinreich_en/075_reb-hershele-and-the-goose-leg.html,Weinreich/YIVO 1988 (stub)
weinreich_en:076,Various (YIVO zamlers),en,weinreich_en,076,,Hershele Ostropolyer and the Sabbath Caftan,corpus/weinreich_en/076_hershele-ostropolyer-and-the-sabbath-caftan.html,Weinreich/YIVO 1988 (stub)
weinreich_en:077,Various (YIVO zamlers),en,weinreich_en,077,,The Angel Spills the Jar of Fools,corpus/weinreich_en/077_the-angel-spills-the-jar-of-fools.html,Weinreich/YIVO 1988 (stub)
weinreich_en:078,Various (YIVO zamlers),en,weinreich_en,078,,The Hill Pushed Away,corpus/weinreich_en/078_the-hill-pushed-away.html,Weinreich/YIVO 1988 (stub)
weinreich_en:079,Various (YIVO zamlers),en,weinreich_en,079,,How Khelmites Lighted Up the Night,corpus/weinreich_en/079_how-khelmites-lighted-up-the-night.html,Weinreich/YIVO 1988 (stub)
weinreich_en:080,Various (YIVO zamlers),en,weinreich_en,080,,The Melamed's Trunk,corpus/weinreich_en/080_the-melameds-trunk.html,Weinreich/YIVO 1988 (stub)
weinreich_en:081,Various (YIVO zamlers),en,weinreich_en,081,,The Rolling Stone,corpus/weinreich_en/081_the-rolling-stone.html,Weinreich/YIVO 1988 (stub)
weinreich_en:082,Various (YIVO zamlers),en,weinreich_en,082,,The Missed Moment of Redemption,corpus/weinreich_en/082_the-missed-moment-of-redemption.html,Weinreich/YIVO 1988 (stub)
weinreich_en:083,Various (YIVO zamlers),en,weinreich_en,083,,The Mekarev Rebbe Gets Even with a Stingy Woman,corpus/weinreich_en/083_the-mekarev-rebbe-gets-even-with-a-stingy-woman.html,Weinreich/YIVO 1988 (stub)
weinreich_en:084,Various (YIVO zamlers),en,weinreich_en,084,,The Happy Pair and the Baal Shem Tov,corpus/weinreich_en/084_the-happy-pair-and-the-baal-shem-tov.html,Weinreich/YIVO 1988 (stub)
weinreich_en:085,Various (YIVO zamlers),en,weinreich_en,085,,The Fleet-Footed Tomeshef Rebbe,corpus/weinreich_en/085_the-fleet-footed-tomeshef-rebbe.html,Weinreich/YIVO 1988 (stub)
weinreich_en:086,Various (YIVO zamlers),en,weinreich_en,086,,The Right Order Is Important,corpus/weinreich_en/086_the-right-order-is-important.html,Weinreich/YIVO 1988 (stub)
weinreich_en:087,Various (YIVO zamlers),en,weinreich_en,087,,Reb Khaim Urbakh Rocks a Cradle on Yom Kippur,corpus/weinreich_en/087_reb-khaim-urbakh-rocks-a-cradle-on-yom-kippur.html,Weinreich/YIVO 1988 (stub)
weinreich_en:088,Various (YIVO zamlers),en,weinreich_en,088,,The Miracle of the Dry Well,corpus/weinreich_en/088_the-miracle-of-the-dry-well.html,Weinreich/YIVO 1988 (stub)
weinreich_en:089,Various (YIVO zamlers),en,weinreich_en,089,,The Reincarnation of Queen Esther,corpus/weinreich_en/089_the-reincarnation-of-queen-esther.html,Weinreich/YIVO 1988 (stub)
weinreich_en:090,Various (YIVO zamlers),en,weinreich_en,090,,The Penitent and the Rebbe of Tshekhenove,corpus/weinreich_en/090_the-penitent-and-the-rebbe-of-tshekhenove.html,Weinreich/YIVO 1988 (stub)
weinreich_en:091,Various (YIVO zamlers),en,weinreich_en,091,,The Boy Who Put Two Socks on One Foot,corpus/weinreich_en/091_the-boy-who-put-two-socks-on-one-foot.html,Weinreich/YIVO 1988 (stub)
weinreich_en:092,Various (YIVO zamlers),en,weinreich_en,092,,The Power of the Mourner's Prayer,corpus/weinreich_en/092_the-power-of-the-mourners-prayer.html,Weinreich/YIVO 1988 (stub)
weinreich_en:093,Various (YIVO zamlers),en,weinreich_en,093,,The Curious Disciple,corpus/weinreich_en/093_the-curious-disciple.html,Weinreich/YIVO 1988 (stub)
weinreich_en:094,Various (YIVO zamlers),en,weinreich_en,094,,Reb Malkiel and the 702 Candles,corpus/weinreich_en/094_reb-malkiel-and-the-702-candles.html,Weinreich/YIVO 1988 (stub)
weinreich_en:095,Various (YIVO zamlers),en,weinreich_en,095,,A Modern Miracle,corpus/weinreich_en/095_a-modern-miracle.html,Weinreich/YIVO 1988 (stub)
weinreich_en:096,Various (YIVO zamlers),en,weinreich_en,096,,How Judah Halevi Entered Heaven Alive,corpus/weinreich_en/096_how-judah-halevi-entered-heaven-alive.html,Weinreich/YIVO 1988 (stub)
weinreich_en:097,Various (YIVO zamlers),en,weinreich_en,097,,Rabbi Joshua and the Emperor of Rome,corpus/weinreich_en/097_rabbi-joshua-and-the-emperor-of-rome.html,Weinreich/YIVO 1988 (stub)
weinreich_en:098,Various (YIVO zamlers),en,weinreich_en,098,,A Wonderful Legend of a Cave,corpus/weinreich_en/098_a-wonderful-legend-of-a-cave.html,Weinreich/YIVO 1988 (stub)
weinreich_en:099,Various (YIVO zamlers),en,weinreich_en,099,,Waiting for the Messiah,corpus/weinreich_en/099_waiting-for-the-messiah.html,Weinreich/YIVO 1988 (stub)
weinreich_en:100,Various (YIVO zamlers),en,weinreich_en,100,,The Torah of My Servant Moses,corpus/weinreich_en/100_the-torah-of-my-servant-moses.html,Weinreich/YIVO 1988 (stub)
weinreich_en:101,Various (YIVO zamlers),en,weinreich_en,101,,A Disputation,corpus/weinreich_en/101_a-disputation.html,Weinreich/YIVO 1988 (stub)
weinreich_en:102,Various (YIVO zamlers),en,weinreich_en,102,,He Has Only One Weakness,corpus/weinreich_en/102_he-has-only-one-weakness.html,Weinreich/YIVO 1988 (stub)
weinreich_en:103,Various (YIVO zamlers),en,weinreich_en,103,,Evening the Score,corpus/weinreich_en/103_evening-the-score.html,Weinreich/YIVO 1988 (stub)
weinreich_en:104,Various (YIVO zamlers),en,weinreich_en,104,,Reb Leybele of Mir Goes to the Marketplace,corpus/weinreich_en/104_reb-leybele-of-mir-goes-to-the-marketplace.html,Weinreich/YIVO 1988 (stub)
weinreich_en:105,Various (YIVO zamlers),en,weinreich_en,105,,Napoleon the First and the Jewish Officer,corpus/weinreich_en/105_napoleon-the-first-and-the-jewish-officer.html,Weinreich/YIVO 1988 (stub)
weinreich_en:106,Various (YIVO zamlers),en,weinreich_en,106,,Napoleon in Vilna,corpus/weinreich_en/106_napoleon-in-vilna.html,Weinreich/YIVO 1988 (stub)
weinreich_en:107,Various (YIVO zamlers),en,weinreich_en,107,,The Cantonist's Mother and Nicholas the First,corpus/weinreich_en/107_the-cantonists-mother-and-nicholas-the-first.html,Weinreich/YIVO 1988 (stub)
weinreich_en:108,Various (YIVO zamlers),en,weinreich_en,108,,Czar Nicholas Decrees the Burning of the Talmud,corpus/weinreich_en/108_czar-nicholas-decrees-the-burning-of-the-talmud.html,Weinreich/YIVO 1988 (stub)
weinreich_en:109,Various (YIVO zamlers),en,weinreich_en,109,,The Poor Man and Rothschild,corpus/weinreich_en/109_the-poor-man-and-rothschild.html,Weinreich/YIVO 1988 (stub)
weinreich_en:110,Various (YIVO zamlers),en,weinreich_en,110,,Rothschild's Shoes,corpus/weinreich_en/110_rothschilds-shoes.html,Weinreich/YIVO 1988 (stub)
weinreich_en:111,Various (YIVO zamlers),en,weinreich_en,111,,The Shoemaker and the Shretelekh,corpus/weinreich_en/111_the-shoemaker-and-the-shretelekh.html,Weinreich/YIVO 1988 (stub)
weinreich_en:112,Various (YIVO zamlers),en,weinreich_en,112,,"The Synagogue, the Church, and the Town Hall",corpus/weinreich_en/112_the-synagogue-the-church-and-the-town-hall.html,Weinreich/YIVO 1988 (stub)
weinreich_en:113,Various (YIVO zamlers),en,weinreich_en,113,,The Transmigrating Soul,corpus/weinreich_en/113_the-transmigrating-soul.html,Weinreich/YIVO 1988 (stub)
weinreich_en:114,Various (YIVO zamlers),en,weinreich_en,114,,Who's Milking the Cows?,corpus/weinreich_en/114_whos-milking-the-cows.html,Weinreich/YIVO 1988 (stub)
weinreich_en:115,Various (YIVO zamlers),en,weinreich_en,115,,The Passover Elf Helps Great-Grandmother,corpus/weinreich_en/115_the-passover-elf-helps-great-grandmother.html,Weinreich/YIVO 1988 (stub)
weinreich_en:116,Various (YIVO zamlers),en,weinreich_en,116,,The Blacksmith and the Horses with Human Hands,corpus/weinreich_en/116_the-blacksmith-and-the-horses-with-human-hands.html,Weinreich/YIVO 1988 (stub)
weinreich_en:117,Various (YIVO zamlers),en,weinreich_en,117,,The Mysterious Gold Chain,corpus/weinreich_en/117_the-mysterious-gold-chain.html,Weinreich/YIVO 1988 (stub)
weinreich_en:118,Various (YIVO zamlers),en,weinreich_en,118,,The Unquiet Grave,corpus/weinreich_en/118_the-unquiet-grave.html,Weinreich/YIVO 1988 (stub)
weinreich_en:119,Various (YIVO zamlers),en,weinreich_en,119,,The Large Stone Synagogue of Berditshev,corpus/weinreich_en/119_the-large-stone-synagogue-of-berditshev.html,Weinreich/YIVO 1988 (stub)
weinreich_en:120,Various (YIVO zamlers),en,weinreich_en,120,,The Golem of Vilna,corpus/weinreich_en/120_the-golem-of-vilna.html,Weinreich/YIVO 1988 (stub)
weinreich_en:121,Various (YIVO zamlers),en,weinreich_en,121,,The Baal Shem Tov and the Gilgl,corpus/weinreich_en/121_the-baal-shem-tov-and-the-gilgl.html,Weinreich/YIVO 1988 (stub)
weinreich_en:122,Various (YIVO zamlers),en,weinreich_en,122,,The Shretele That Took a Little Nip,corpus/weinreich_en/122_the-shretele-that-took-a-little-nip.html,Weinreich/YIVO 1988 (stub)
weinreich_en:123,Various (YIVO zamlers),en,weinreich_en,123,,The Lost Hat and the Pile of Gold,corpus/weinreich_en/123_the-lost-hat-and-the-pile-of-gold.html,Weinreich/YIVO 1988 (stub)
weinreich_en:124,Various (YIVO zamlers),en,weinreich_en,124,,The Miracle of the Beer Keg,corpus/weinreich_en/124_the-miracle-of-the-beer-keg.html,Weinreich/YIVO 1988 (stub)
weinreich_en:125,Various (YIVO zamlers),en,weinreich_en,125,,How Doves Saved a Synagogue from Fire,corpus/weinreich_en/125_how-doves-saved-a-synagogue-from-fire.html,Weinreich/YIVO 1988 (stub)
weinreich_en:126,Various (YIVO zamlers),en,weinreich_en,126,,A Cave That Leads to the Land of Israel,corpus/weinreich_en/126_a-cave-that-leads-to-the-land-of-israel.html,Weinreich/YIVO 1988 (stub)
weinreich_en:127,Various (YIVO zamlers),en,weinreich_en,127,,Late-Night Spooks,corpus/weinreich_en/127_late-night-spooks.html,Weinreich/YIVO 1988 (stub)
weinreich_en:128,Various (YIVO zamlers),en,weinreich_en,128,,The Missing Bridegroom,corpus/weinreich_en/128_the-missing-bridegroom.html,Weinreich/YIVO 1988 (stub)
weinreich_en:129,Various (YIVO zamlers),en,weinreich_en,129,,The Trustees,corpus/weinreich_en/129_the-trustees.html,Weinreich/YIVO 1988 (stub)
indian_steel_en:001,Flora Annie Steel,en,indian_steel_en,001,,SIR BUZZ,corpus/indian_steel_en/001_sir-buzz.html,"Gutenberg #6145 (Tales of the Punjab, 1894)"
indian_steel_en:002,Flora Annie Steel,en,indian_steel_en,002,,THE RAT'S WEDDING,corpus/indian_steel_en/002_the-rats-wedding.html,"Gutenberg #6145 (Tales of the Punjab, 1894)"
indian_steel_en:003,Flora Annie Steel,en,indian_steel_en,003,,THE FAITHFUL PRINCE,corpus/indian_steel_en/003_the-faithful-prince.html,"Gutenberg #6145 (Tales of the Punjab, 1894)"
indian_steel_en:004,Flora Annie Steel,en,indian_steel_en,004,,THE BEAR'S BAD BARGAIN,corpus/indian_steel_en/004_the-bears-bad-bargain.html,"Gutenberg #6145 (Tales of the Punjab, 1894)"
indian_steel_en:005,Flora Annie Steel,en,indian_steel_en,005,,PRINCE LIONHEART AND HIS THREE FRIENDS,corpus/indian_steel_en/005_prince-lionheart-and-his-three-friends.html,"Gutenberg #6145 (Tales of the Punjab, 1894)"
indian_steel_en:006,Flora Annie Steel,en,indian_steel_en,006,,THE LAMBIKIN,corpus/indian_steel_en/006_the-lambikin.html,"Gutenberg #6145 (Tales of the Punjab, 1894)"
indian_steel_en:007,Flora Annie Steel,en,indian_steel_en,007,,BOPOLÛCHÎ,corpus/indian_steel_en/007_bopol-ch.html,"Gutenberg #6145 (Tales of the Punjab, 1894)"
indian_steel_en:008,Flora Annie Steel,en,indian_steel_en,008,,PRINCESS AUBERGINE,corpus/indian_steel_en/008_princess-aubergine.html,"Gutenberg #6145 (Tales of the Punjab, 1894)"
indian_steel_en:009,Flora Annie Steel,en,indian_steel_en,009,,"VALIANT VICKY, THE BRAVE WEAVER",corpus/indian_steel_en/009_valiant-vicky-the-brave-weaver.html,"Gutenberg #6145 (Tales of the Punjab, 1894)"
indian_steel_en:010,Flora Annie Steel,en,indian_steel_en,010,,THE SON OF SEVEN MOTHERS,corpus/indian_steel_en/010_the-son-of-seven-mothers.html,"Gutenberg #6145 (Tales of the Punjab, 1894)"
indian_steel_en:011,Flora Annie Steel,en,indian_steel_en,011,,THE SPARROW AND THE CROW,corpus/indian_steel_en/011_the-sparrow-and-the-crow.html,"Gutenberg #6145 (Tales of the Punjab, 1894)"
indian_steel_en:012,Flora Annie Steel,en,indian_steel_en,012,,"THE TIGER, THE BRAHMÂN, AND THE JACKAL",corpus/indian_steel_en/012_the-tiger-the-brahm-n-and-the-jackal.html,"Gutenberg #6145 (Tales of the Punjab, 1894)"
indian_steel_en:013,Flora Annie Steel,en,indian_steel_en,013,,THE KING OF THE CROCODILES,corpus/indian_steel_en/013_the-king-of-the-crocodiles.html,"Gutenberg #6145 (Tales of the Punjab, 1894)"
indian_steel_en:014,Flora Annie Steel,en,indian_steel_en,014,,LITTLE ANKLEBONE,corpus/indian_steel_en/014_little-anklebone.html,"Gutenberg #6145 (Tales of the Punjab, 1894)"
indian_steel_en:015,Flora Annie Steel,en,indian_steel_en,015,,THE CLOSE ALLIANCE,corpus/indian_steel_en/015_the-close-alliance.html,"Gutenberg #6145 (Tales of the Punjab, 1894)"
indian_steel_en:016,Flora Annie Steel,en,indian_steel_en,016,,THE TWO BROTHERS,corpus/indian_steel_en/016_the-two-brothers.html,"Gutenberg #6145 (Tales of the Punjab, 1894)"
indian_steel_en:017,Flora Annie Steel,en,indian_steel_en,017,,THE JACKAL AND THE IGUANA,corpus/indian_steel_en/017_the-jackal-and-the-iguana.html,"Gutenberg #6145 (Tales of the Punjab, 1894)"
indian_steel_en:018,Flora Annie Steel,en,indian_steel_en,018,,THE DEATH AND BURIAL OF POOR HEN-SPARROW,corpus/indian_steel_en/018_the-death-and-burial-of-poor-hen-sparrow.html,"Gutenberg #6145 (Tales of the Punjab, 1894)"
indian_steel_en:019,Flora Annie Steel,en,indian_steel_en,019,,PRINCESS PEPPERINA,corpus/indian_steel_en/019_princess-pepperina.html,"Gutenberg #6145 (Tales of the Punjab, 1894)"
indian_steel_en:020,Flora Annie Steel,en,indian_steel_en,020,,PEASIE AND BEANSIE,corpus/indian_steel_en/020_peasie-and-beansie.html,"Gutenberg #6145 (Tales of the Punjab, 1894)"
indian_steel_en:021,Flora Annie Steel,en,indian_steel_en,021,,THE JACKAL AND THE PARTRIDGE,corpus/indian_steel_en/021_the-jackal-and-the-partridge.html,"Gutenberg #6145 (Tales of the Punjab, 1894)"
indian_steel_en:022,Flora Annie Steel,en,indian_steel_en,022,,THE SNAKE-WOMAN AND KING ALI MARDAN,corpus/indian_steel_en/022_the-snake-woman-and-king-ali-mardan.html,"Gutenberg #6145 (Tales of the Punjab, 1894)"
indian_steel_en:023,Flora Annie Steel,en,indian_steel_en,023,,THE WONDERFUL RING,corpus/indian_steel_en/023_the-wonderful-ring.html,"Gutenberg #6145 (Tales of the Punjab, 1894)"
indian_steel_en:024,Flora Annie Steel,en,indian_steel_en,024,,THE JACKAL AND THE PEA-HEN,corpus/indian_steel_en/024_the-jackal-and-the-pea-hen.html,"Gutenberg #6145 (Tales of the Punjab, 1894)"
indian_steel_en:025,Flora Annie Steel,en,indian_steel_en,025,,THE GRAIN OF CORN,corpus/indian_steel_en/025_the-grain-of-corn.html,"Gutenberg #6145 (Tales of the Punjab, 1894)"
indian_steel_en:026,Flora Annie Steel,en,indian_steel_en,026,,THE FARMER AND THE MONEY-LENDER,corpus/indian_steel_en/026_the-farmer-and-the-money-lender.html,"Gutenberg #6145 (Tales of the Punjab, 1894)"
indian_steel_en:027,Flora Annie Steel,en,indian_steel_en,027,,THE LORD OF DEATH,corpus/indian_steel_en/027_the-lord-of-death.html,"Gutenberg #6145 (Tales of the Punjab, 1894)"
indian_steel_en:028,Flora Annie Steel,en,indian_steel_en,028,,THE WRESTLERS,corpus/indian_steel_en/028_the-wrestlers.html,"Gutenberg #6145 (Tales of the Punjab, 1894)"
indian_steel_en:029,Flora Annie Steel,en,indian_steel_en,029,,"THE LEGEND OF GWÂSHBRÂRI, THE GLACIER-HEARTED QUEEN",corpus/indian_steel_en/029_the-legend-of-gw-shbr-ri-the-glacier-hearted-queen.html,"Gutenberg #6145 (Tales of the Punjab, 1894)"
indian_steel_en:030,Flora Annie Steel,en,indian_steel_en,030,,THE BARBER'S CLEVER WIFE,corpus/indian_steel_en/030_the-barbers-clever-wife.html,"Gutenberg #6145 (Tales of the Punjab, 1894)"
indian_steel_en:031,Flora Annie Steel,en,indian_steel_en,031,,THE JACKAL AND THE CROCODILE,corpus/indian_steel_en/031_the-jackal-and-the-crocodile.html,"Gutenberg #6145 (Tales of the Punjab, 1894)"
indian_steel_en:032,Flora Annie Steel,en,indian_steel_en,032,,HOW RAJA RASÂLU WAS BORN,corpus/indian_steel_en/032_how-raja-ras-lu-was-born.html,"Gutenberg #6145 (Tales of the Punjab, 1894)"
indian_steel_en:033,Flora Annie Steel,en,indian_steel_en,033,,HOW RAJA RASÂLU WENT OUT INTO THE WORLD,corpus/indian_steel_en/033_how-raja-ras-lu-went-out-into-the-world.html,"Gutenberg #6145 (Tales of the Punjab, 1894)"
indian_steel_en:034,Flora Annie Steel,en,indian_steel_en,034,,HOW RAJA RASÂLU'S FRIENDS FORSOOK HIM,corpus/indian_steel_en/034_how-raja-ras-lus-friends-forsook-him.html,"Gutenberg #6145 (Tales of the Punjab, 1894)"
indian_steel_en:035,Flora Annie Steel,en,indian_steel_en,035,,HOW RAJA RASÂLU BECAME A JÔGI,corpus/indian_steel_en/035_how-raja-ras-lu-became-a-j-gi.html,"Gutenberg #6145 (Tales of the Punjab, 1894)"
indian_steel_en:036,Flora Annie Steel,en,indian_steel_en,036,,HOW RAJA RASÂLU JOURNEYED TO THE CITY OF KING SARKAP,corpus/indian_steel_en/036_how-raja-ras-lu-journeyed-to-the-city-of-king-sarkap.html,"Gutenberg #6145 (Tales of the Punjab, 1894)"
indian_steel_en:037,Flora Annie Steel,en,indian_steel_en,037,,"HOW RAJA RASÂLU SWUNG THE SEVENTY FAIR MAIDENS, DAUGHTERS OF THE KING",corpus/indian_steel_en/037_how-raja-ras-lu-swung-the-seventy-fair-maidens-daughters-of-the-king.html,"Gutenberg #6145 (Tales of the Punjab, 1894)"
indian_steel_en:038,Flora Annie Steel,en,indian_steel_en,038,,HOW RAJA RASÂLU PLAYED CHAUPUR WITH KING SARKAP,corpus/indian_steel_en/038_how-raja-ras-lu-played-chaupur-with-king-sarkap.html,"Gutenberg #6145 (Tales of the Punjab, 1894)"
indian_steel_en:039,Flora Annie Steel,en,indian_steel_en,039,,THE KING WHO WAS FRIED,corpus/indian_steel_en/039_the-king-who-was-fried.html,"Gutenberg #6145 (Tales of the Punjab, 1894)"
indian_steel_en:040,Flora Annie Steel,en,indian_steel_en,040,,PRINCE HALF-A-SON,corpus/indian_steel_en/040_prince-half-a-son.html,"Gutenberg #6145 (Tales of the Punjab, 1894)"
indian_steel_en:041,Flora Annie Steel,en,indian_steel_en,041,,THE MOTHER AND DAUGHTER WHO WORSHIPPED THE SUN,corpus/indian_steel_en/041_the-mother-and-daughter-who-worshipped-the-sun.html,"Gutenberg #6145 (Tales of the Punjab, 1894)"
indian_steel_en:042,Flora Annie Steel,en,indian_steel_en,042,,THE RUBY PRINCE,corpus/indian_steel_en/042_the-ruby-prince.html,"Gutenberg #6145 (Tales of the Punjab, 1894)"
indian_jacobs_en:001,Joseph Jacobs,en,indian_jacobs_en,001,,The Lion and the Crane,corpus/indian_jacobs_en/001_the-lion-and-the-crane.html,"Gutenberg #7128 (Indian Fairy Tales, 1892)"
indian_jacobs_en:002,Joseph Jacobs,en,indian_jacobs_en,002,,How the Raja's Son won the Princess Labam.,corpus/indian_jacobs_en/002_how-the-rajas-son-won-the-princess-labam.html,"Gutenberg #7128 (Indian Fairy Tales, 1892)"
indian_jacobs_en:005,Joseph Jacobs,en,indian_jacobs_en,005,,The Broken Pot,corpus/indian_jacobs_en/005_the-broken-pot.html,"Gutenberg #7128 (Indian Fairy Tales, 1892)"
indian_jacobs_en:006,Joseph Jacobs,en,indian_jacobs_en,006,,The Magic Fiddle,corpus/indian_jacobs_en/006_the-magic-fiddle.html,"Gutenberg #7128 (Indian Fairy Tales, 1892)"
indian_jacobs_en:007,Joseph Jacobs,en,indian_jacobs_en,007,,The Cruel Crane Outwitted,corpus/indian_jacobs_en/007_the-cruel-crane-outwitted.html,"Gutenberg #7128 (Indian Fairy Tales, 1892)"
indian_jacobs_en:008,Joseph Jacobs,en,indian_jacobs_en,008,,Loving Laili,corpus/indian_jacobs_en/008_loving-laili.html,"Gutenberg #7128 (Indian Fairy Tales, 1892)"
indian_jacobs_en:010,Joseph Jacobs,en,indian_jacobs_en,010,,The Soothsayer's Son,corpus/indian_jacobs_en/010_the-soothsayers-son.html,"Gutenberg #7128 (Indian Fairy Tales, 1892)"
indian_jacobs_en:011,Joseph Jacobs,en,indian_jacobs_en,011,,Harisarman,corpus/indian_jacobs_en/011_harisarman.html,"Gutenberg #7128 (Indian Fairy Tales, 1892)"
indian_jacobs_en:012,Joseph Jacobs,en,indian_jacobs_en,012,,The Charmed Ring,corpus/indian_jacobs_en/012_the-charmed-ring.html,"Gutenberg #7128 (Indian Fairy Tales, 1892)"
indian_jacobs_en:013,Joseph Jacobs,en,indian_jacobs_en,013,,The Talkative Tortoise,corpus/indian_jacobs_en/013_the-talkative-tortoise.html,"Gutenberg #7128 (Indian Fairy Tales, 1892)"
indian_jacobs_en:014,Joseph Jacobs,en,indian_jacobs_en,014,,A Lac of Rupees for a Bit of Advice,corpus/indian_jacobs_en/014_a-lac-of-rupees-for-a-bit-of-advice.html,"Gutenberg #7128 (Indian Fairy Tales, 1892)"
indian_jacobs_en:015,Joseph Jacobs,en,indian_jacobs_en,015,,The Gold-giving Serpent,corpus/indian_jacobs_en/015_the-gold-giving-serpent.html,"Gutenberg #7128 (Indian Fairy Tales, 1892)"
indian_jacobs_en:017,Joseph Jacobs,en,indian_jacobs_en,017,,A Lesson for Kings,corpus/indian_jacobs_en/017_a-lesson-for-kings.html,"Gutenberg #7128 (Indian Fairy Tales, 1892)"
indian_jacobs_en:018,Joseph Jacobs,en,indian_jacobs_en,018,,Pride goeth before a Fall,corpus/indian_jacobs_en/018_pride-goeth-before-a-fall.html,"Gutenberg #7128 (Indian Fairy Tales, 1892)"
indian_jacobs_en:019,Joseph Jacobs,en,indian_jacobs_en,019,,Raja Rasalu.,corpus/indian_jacobs_en/019_raja-rasalu.html,"Gutenberg #7128 (Indian Fairy Tales, 1892)"
indian_jacobs_en:020,Joseph Jacobs,en,indian_jacobs_en,020,,The Ass in the Lion's Skin,corpus/indian_jacobs_en/020_the-ass-in-the-lions-skin.html,"Gutenberg #7128 (Indian Fairy Tales, 1892)"
indian_jacobs_en:022,Joseph Jacobs,en,indian_jacobs_en,022,,The Boy who had a Moon on his Forehead and a Star on his Chin,corpus/indian_jacobs_en/022_the-boy-who-had-a-moon-on-his-forehead-and-a-star-on-his-chin.html,"Gutenberg #7128 (Indian Fairy Tales, 1892)"
indian_jacobs_en:023,Joseph Jacobs,en,indian_jacobs_en,023,,The Prince and the Fakir,corpus/indian_jacobs_en/023_the-prince-and-the-fakir.html,"Gutenberg #7128 (Indian Fairy Tales, 1892)"
indian_jacobs_en:024,Joseph Jacobs,en,indian_jacobs_en,024,,Why the Fish Laughed.,corpus/indian_jacobs_en/024_why-the-fish-laughed.html,"Gutenberg #7128 (Indian Fairy Tales, 1892)"
indian_jacobs_en:025,Joseph Jacobs,en,indian_jacobs_en,025,,The Demon with the Matted Hair,corpus/indian_jacobs_en/025_the-demon-with-the-matted-hair.html,"Gutenberg #7128 (Indian Fairy Tales, 1892)"
indian_jacobs_en:026,Joseph Jacobs,en,indian_jacobs_en,026,,The Ivory City and its Fairy Princess,corpus/indian_jacobs_en/026_the-ivory-city-and-its-fairy-princess.html,"Gutenberg #7128 (Indian Fairy Tales, 1892)"
indian_jacobs_en:028,Joseph Jacobs,en,indian_jacobs_en,028,,How the Wicked Sons were Duped.,corpus/indian_jacobs_en/028_how-the-wicked-sons-were-duped.html,"Gutenberg #7128 (Indian Fairy Tales, 1892)"
indian_jacobs_en:029,Joseph Jacobs,en,indian_jacobs_en,029,,The Pigeon and the Crow,corpus/indian_jacobs_en/029_the-pigeon-and-the-crow.html,"Gutenberg #7128 (Indian Fairy Tales, 1892)"
indian_day_en:001,Lal Behari Day,en,indian_day_en,001,,Life’s Secret,corpus/indian_day_en/001_lifes-secret.html,"Gutenberg #38488 (Folk-Tales of Bengal, 1883)"
indian_day_en:002,Lal Behari Day,en,indian_day_en,002,,Phakir Chand,corpus/indian_day_en/002_phakir-chand.html,"Gutenberg #38488 (Folk-Tales of Bengal, 1883)"
indian_day_en:003,Lal Behari Day,en,indian_day_en,003,,The Indigent Brahman,corpus/indian_day_en/003_the-indigent-brahman.html,"Gutenberg #38488 (Folk-Tales of Bengal, 1883)"
indian_day_en:004,Lal Behari Day,en,indian_day_en,004,,The Story of the Rakshasas,corpus/indian_day_en/004_the-story-of-the-rakshasas.html,"Gutenberg #38488 (Folk-Tales of Bengal, 1883)"
indian_day_en:005,Lal Behari Day,en,indian_day_en,005,,The Story of Swet-Basanta,corpus/indian_day_en/005_the-story-of-swet-basanta.html,"Gutenberg #38488 (Folk-Tales of Bengal, 1883)"
indian_day_en:006,Lal Behari Day,en,indian_day_en,006,,The Evil Eye of Sani,corpus/indian_day_en/006_the-evil-eye-of-sani.html,"Gutenberg #38488 (Folk-Tales of Bengal, 1883)"
indian_day_en:007,Lal Behari Day,en,indian_day_en,007,,The Boy whom Seven Mothers Suckled,corpus/indian_day_en/007_the-boy-whom-seven-mothers-suckled.html,"Gutenberg #38488 (Folk-Tales of Bengal, 1883)"
indian_day_en:008,Lal Behari Day,en,indian_day_en,008,,The Story of Prince Sobur,corpus/indian_day_en/008_the-story-of-prince-sobur.html,"Gutenberg #38488 (Folk-Tales of Bengal, 1883)"
indian_day_en:009,Lal Behari Day,en,indian_day_en,009,,The Origin of Opium1,corpus/indian_day_en/009_the-origin-of-opium1.html,"Gutenberg #38488 (Folk-Tales of Bengal, 1883)"
indian_day_en:010,Lal Behari Day,en,indian_day_en,010,,Strike but Hear,corpus/indian_day_en/010_strike-but-hear.html,"Gutenberg #38488 (Folk-Tales of Bengal, 1883)"
indian_day_en:011,Lal Behari Day,en,indian_day_en,011,,The Adventures of Two Thieves and of their Sons,corpus/indian_day_en/011_the-adventures-of-two-thieves-and-of-their-sons.html,"Gutenberg #38488 (Folk-Tales of Bengal, 1883)"
indian_day_en:012,Lal Behari Day,en,indian_day_en,012,,The Ghost-Brahman,corpus/indian_day_en/012_the-ghost-brahman.html,"Gutenberg #38488 (Folk-Tales of Bengal, 1883)"
indian_day_en:013,Lal Behari Day,en,indian_day_en,013,,The Man who wished to be Perfect,corpus/indian_day_en/013_the-man-who-wished-to-be-perfect.html,"Gutenberg #38488 (Folk-Tales of Bengal, 1883)"
indian_day_en:014,Lal Behari Day,en,indian_day_en,014,,A Ghostly Wife,corpus/indian_day_en/014_a-ghostly-wife.html,"Gutenberg #38488 (Folk-Tales of Bengal, 1883)"
indian_day_en:015,Lal Behari Day,en,indian_day_en,015,,The Story of a Brahmadaitya1,corpus/indian_day_en/015_the-story-of-a-brahmadaitya1.html,"Gutenberg #38488 (Folk-Tales of Bengal, 1883)"
indian_day_en:016,Lal Behari Day,en,indian_day_en,016,,The Story of a Hiraman1,corpus/indian_day_en/016_the-story-of-a-hiraman1.html,"Gutenberg #38488 (Folk-Tales of Bengal, 1883)"
indian_day_en:017,Lal Behari Day,en,indian_day_en,017,,The Origin of Rubies,corpus/indian_day_en/017_the-origin-of-rubies.html,"Gutenberg #38488 (Folk-Tales of Bengal, 1883)"
indian_day_en:018,Lal Behari Day,en,indian_day_en,018,,The Match-making Jackal,corpus/indian_day_en/018_the-match-making-jackal.html,"Gutenberg #38488 (Folk-Tales of Bengal, 1883)"
indian_day_en:019,Lal Behari Day,en,indian_day_en,019,,The Boy with the Moon on his Forehead,corpus/indian_day_en/019_the-boy-with-the-moon-on-his-forehead.html,"Gutenberg #38488 (Folk-Tales of Bengal, 1883)"
indian_day_en:020,Lal Behari Day,en,indian_day_en,020,,The Ghost who was Afraid of being Bagged,corpus/indian_day_en/020_the-ghost-who-was-afraid-of-being-bagged.html,"Gutenberg #38488 (Folk-Tales of Bengal, 1883)"
indian_day_en:021,Lal Behari Day,en,indian_day_en,021,,The Field of Bones,corpus/indian_day_en/021_the-field-of-bones.html,"Gutenberg #38488 (Folk-Tales of Bengal, 1883)"
indian_day_en:022,Lal Behari Day,en,indian_day_en,022,,The Bald Wife,corpus/indian_day_en/022_the-bald-wife.html,"Gutenberg #38488 (Folk-Tales of Bengal, 1883)"
indian_bompas_en:001,Cecil Henry Bompas,en,indian_bompas_en,001,,Bajun and Jhore.,corpus/indian_bompas_en/001_bajun-and-jhore.html,"Gutenberg #11938 (Folklore of the Santal Parganas, 1909)"
indian_bompas_en:002,Cecil Henry Bompas,en,indian_bompas_en,002,,Anuwa and His Mother.,corpus/indian_bompas_en/002_anuwa-and-his-mother.html,"Gutenberg #11938 (Folklore of the Santal Parganas, 1909)"
indian_bompas_en:003,Cecil Henry Bompas,en,indian_bompas_en,003,,Ledha and the Leopard.,corpus/indian_bompas_en/003_ledha-and-the-leopard.html,"Gutenberg #11938 (Folklore of the Santal Parganas, 1909)"
indian_bompas_en:004,Cecil Henry Bompas,en,indian_bompas_en,004,,The Cruel Stepmother.,corpus/indian_bompas_en/004_the-cruel-stepmother.html,"Gutenberg #11938 (Folklore of the Santal Parganas, 1909)"
indian_bompas_en:005,Cecil Henry Bompas,en,indian_bompas_en,005,,Karmu and Dharmu.,corpus/indian_bompas_en/005_karmu-and-dharmu.html,"Gutenberg #11938 (Folklore of the Santal Parganas, 1909)"
indian_bompas_en:006,Cecil Henry Bompas,en,indian_bompas_en,006,,The Jealous Stepmother.,corpus/indian_bompas_en/006_the-jealous-stepmother.html,"Gutenberg #11938 (Folklore of the Santal Parganas, 1909)"
indian_bompas_en:007,Cecil Henry Bompas,en,indian_bompas_en,007,,The Pious Woman.,corpus/indian_bompas_en/007_the-pious-woman.html,"Gutenberg #11938 (Folklore of the Santal Parganas, 1909)"
indian_bompas_en:008,Cecil Henry Bompas,en,indian_bompas_en,008,,The Wise Daughter-in-Law.,corpus/indian_bompas_en/008_the-wise-daughter-in-law.html,"Gutenberg #11938 (Folklore of the Santal Parganas, 1909)"
indian_bompas_en:009,Cecil Henry Bompas,en,indian_bompas_en,009,,The Oilman and His Sons.,corpus/indian_bompas_en/009_the-oilman-and-his-sons.html,"Gutenberg #11938 (Folklore of the Santal Parganas, 1909)"
indian_bompas_en:010,Cecil Henry Bompas,en,indian_bompas_en,010,,The Girl Who Found Helpers.,corpus/indian_bompas_en/010_the-girl-who-found-helpers.html,"Gutenberg #11938 (Folklore of the Santal Parganas, 1909)"
indian_bompas_en:011,Cecil Henry Bompas,en,indian_bompas_en,011,,How to Grow Rich.,corpus/indian_bompas_en/011_how-to-grow-rich.html,"Gutenberg #11938 (Folklore of the Santal Parganas, 1909)"
indian_bompas_en:012,Cecil Henry Bompas,en,indian_bompas_en,012,,The Changed Calf.,corpus/indian_bompas_en/012_the-changed-calf.html,"Gutenberg #11938 (Folklore of the Santal Parganas, 1909)"
indian_bompas_en:013,Cecil Henry Bompas,en,indian_bompas_en,013,,The Koeri and the Barber.,corpus/indian_bompas_en/013_the-koeri-and-the-barber.html,"Gutenberg #11938 (Folklore of the Santal Parganas, 1909)"
indian_bompas_en:014,Cecil Henry Bompas,en,indian_bompas_en,014,,The Prince Who Acquired Wisdom.,corpus/indian_bompas_en/014_the-prince-who-acquired-wisdom.html,"Gutenberg #11938 (Folklore of the Santal Parganas, 1909)"
indian_bompas_en:015,Cecil Henry Bompas,en,indian_bompas_en,015,,The Monkey Boy.,corpus/indian_bompas_en/015_the-monkey-boy.html,"Gutenberg #11938 (Folklore of the Santal Parganas, 1909)"
indian_bompas_en:016,Cecil Henry Bompas,en,indian_bompas_en,016,,The Miser’s Servant.,corpus/indian_bompas_en/016_the-misers-servant.html,"Gutenberg #11938 (Folklore of the Santal Parganas, 1909)"
indian_bompas_en:017,Cecil Henry Bompas,en,indian_bompas_en,017,,Kuwar and the Raja’s Daughter.,corpus/indian_bompas_en/017_kuwar-and-the-rajas-daughter.html,"Gutenberg #11938 (Folklore of the Santal Parganas, 1909)"
indian_bompas_en:018,Cecil Henry Bompas,en,indian_bompas_en,018,,The Laughing Fish.,corpus/indian_bompas_en/018_the-laughing-fish.html,"Gutenberg #11938 (Folklore of the Santal Parganas, 1909)"
indian_bompas_en:019,Cecil Henry Bompas,en,indian_bompas_en,019,,How the Cowherd Found a Bride.,corpus/indian_bompas_en/019_how-the-cowherd-found-a-bride.html,"Gutenberg #11938 (Folklore of the Santal Parganas, 1909)"
indian_bompas_en:020,Cecil Henry Bompas,en,indian_bompas_en,020,,Kara and Guja.,corpus/indian_bompas_en/020_kara-and-guja.html,"Gutenberg #11938 (Folklore of the Santal Parganas, 1909)"
indian_bompas_en:021,Cecil Henry Bompas,en,indian_bompas_en,021,,The Magic Cow.,corpus/indian_bompas_en/021_the-magic-cow.html,"Gutenberg #11938 (Folklore of the Santal Parganas, 1909)"
indian_bompas_en:022,Cecil Henry Bompas,en,indian_bompas_en,022,,Lita and His Animals.,corpus/indian_bompas_en/022_lita-and-his-animals.html,"Gutenberg #11938 (Folklore of the Santal Parganas, 1909)"
indian_bompas_en:023,Cecil Henry Bompas,en,indian_bompas_en,023,,The Boy Who Found His Father.,corpus/indian_bompas_en/023_the-boy-who-found-his-father.html,"Gutenberg #11938 (Folklore of the Santal Parganas, 1909)"
indian_bompas_en:024,Cecil Henry Bompas,en,indian_bompas_en,024,,The Oilman’s Bullock.,corpus/indian_bompas_en/024_the-oilmans-bullock.html,"Gutenberg #11938 (Folklore of the Santal Parganas, 1909)"
indian_bompas_en:025,Cecil Henry Bompas,en,indian_bompas_en,025,,How Sabai Grass Grew.,corpus/indian_bompas_en/025_how-sabai-grass-grew.html,"Gutenberg #11938 (Folklore of the Santal Parganas, 1909)"
indian_bompas_en:026,Cecil Henry Bompas,en,indian_bompas_en,026,,The Merchant’s Son and the Raja’s Daughter.,corpus/indian_bompas_en/026_the-merchants-son-and-the-rajas-daughter.html,"Gutenberg #11938 (Folklore of the Santal Parganas, 1909)"
indian_bompas_en:027,Cecil Henry Bompas,en,indian_bompas_en,027,,The Flycatcher’s Egg.,corpus/indian_bompas_en/027_the-flycatchers-egg.html,"Gutenberg #11938 (Folklore of the Santal Parganas, 1909)"
indian_bompas_en:028,Cecil Henry Bompas,en,indian_bompas_en,028,,The Wife Who Would Not Be Beaten.,corpus/indian_bompas_en/028_the-wife-who-would-not-be-beaten.html,"Gutenberg #11938 (Folklore of the Santal Parganas, 1909)"
indian_bompas_en:029,Cecil Henry Bompas,en,indian_bompas_en,029,,Sahde Goala.,corpus/indian_bompas_en/029_sahde-goala.html,"Gutenberg #11938 (Folklore of the Santal Parganas, 1909)"
indian_bompas_en:030,Cecil Henry Bompas,en,indian_bompas_en,030,,The Raja’s Son and the Merchant’s Son.,corpus/indian_bompas_en/030_the-rajas-son-and-the-merchants-son.html,"Gutenberg #11938 (Folklore of the Santal Parganas, 1909)"
indian_bompas_en:031,Cecil Henry Bompas,en,indian_bompas_en,031,,The Poor Widow.,corpus/indian_bompas_en/031_the-poor-widow.html,"Gutenberg #11938 (Folklore of the Santal Parganas, 1909)"
indian_bompas_en:032,Cecil Henry Bompas,en,indian_bompas_en,032,,The Monkey and the Girl.,corpus/indian_bompas_en/032_the-monkey-and-the-girl.html,"Gutenberg #11938 (Folklore of the Santal Parganas, 1909)"
indian_bompas_en:033,Cecil Henry Bompas,en,indian_bompas_en,033,,Ramai and the Animals.,corpus/indian_bompas_en/033_ramai-and-the-animals.html,"Gutenberg #11938 (Folklore of the Santal Parganas, 1909)"
indian_bompas_en:034,Cecil Henry Bompas,en,indian_bompas_en,034,,The Magic Bedstead.,corpus/indian_bompas_en/034_the-magic-bedstead.html,"Gutenberg #11938 (Folklore of the Santal Parganas, 1909)"
indian_bompas_en:035,Cecil Henry Bompas,en,indian_bompas_en,035,,The Ghormuhas.,corpus/indian_bompas_en/035_the-ghormuhas.html,"Gutenberg #11938 (Folklore of the Santal Parganas, 1909)"
indian_bompas_en:036,Cecil Henry Bompas,en,indian_bompas_en,036,,The Boy Who Learnt Magic.,corpus/indian_bompas_en/036_the-boy-who-learnt-magic.html,"Gutenberg #11938 (Folklore of the Santal Parganas, 1909)"
indian_bompas_en:037,Cecil Henry Bompas,en,indian_bompas_en,037,,The Charitable Jogi.,corpus/indian_bompas_en/037_the-charitable-jogi.html,"Gutenberg #11938 (Folklore of the Santal Parganas, 1909)"
indian_bompas_en:038,Cecil Henry Bompas,en,indian_bompas_en,038,,Chote and Mote.,corpus/indian_bompas_en/038_chote-and-mote.html,"Gutenberg #11938 (Folklore of the Santal Parganas, 1909)"
indian_bompas_en:039,Cecil Henry Bompas,en,indian_bompas_en,039,,The Daydreamer.,corpus/indian_bompas_en/039_the-daydreamer.html,"Gutenberg #11938 (Folklore of the Santal Parganas, 1909)"
indian_bompas_en:040,Cecil Henry Bompas,en,indian_bompas_en,040,,The Extortionate Sentry.,corpus/indian_bompas_en/040_the-extortionate-sentry.html,"Gutenberg #11938 (Folklore of the Santal Parganas, 1909)"
indian_bompas_en:041,Cecil Henry Bompas,en,indian_bompas_en,041,,The Broken Friendship.,corpus/indian_bompas_en/041_the-broken-friendship.html,"Gutenberg #11938 (Folklore of the Santal Parganas, 1909)"
indian_bompas_en:042,Cecil Henry Bompas,en,indian_bompas_en,042,,A Story Told by a Hindu.,corpus/indian_bompas_en/042_a-story-told-by-a-hindu.html,"Gutenberg #11938 (Folklore of the Santal Parganas, 1909)"
indian_bompas_en:043,Cecil Henry Bompas,en,indian_bompas_en,043,,The Raibar and the Leopard.,corpus/indian_bompas_en/043_the-raibar-and-the-leopard.html,"Gutenberg #11938 (Folklore of the Santal Parganas, 1909)"
indian_bompas_en:044,Cecil Henry Bompas,en,indian_bompas_en,044,,The Ungrateful Snake.,corpus/indian_bompas_en/044_the-ungrateful-snake.html,"Gutenberg #11938 (Folklore of the Santal Parganas, 1909)"
indian_bompas_en:045,Cecil Henry Bompas,en,indian_bompas_en,045,,The Tiger’s Bride.,corpus/indian_bompas_en/045_the-tigers-bride.html,"Gutenberg #11938 (Folklore of the Santal Parganas, 1909)"
indian_bompas_en:046,Cecil Henry Bompas,en,indian_bompas_en,046,,The Killing of the Tiger.,corpus/indian_bompas_en/046_the-killing-of-the-tiger.html,"Gutenberg #11938 (Folklore of the Santal Parganas, 1909)"
indian_bompas_en:047,Cecil Henry Bompas,en,indian_bompas_en,047,,The Dream.,corpus/indian_bompas_en/047_the-dream.html,"Gutenberg #11938 (Folklore of the Santal Parganas, 1909)"
indian_bompas_en:048,Cecil Henry Bompas,en,indian_bompas_en,048,,The King of the Bhuyans.,corpus/indian_bompas_en/048_the-king-of-the-bhuyans.html,"Gutenberg #11938 (Folklore of the Santal Parganas, 1909)"
indian_bompas_en:049,Cecil Henry Bompas,en,indian_bompas_en,049,,The Foolish Sons.,corpus/indian_bompas_en/049_the-foolish-sons.html,"Gutenberg #11938 (Folklore of the Santal Parganas, 1909)"
indian_bompas_en:050,Cecil Henry Bompas,en,indian_bompas_en,050,,Kora and His Sister.,corpus/indian_bompas_en/050_kora-and-his-sister.html,"Gutenberg #11938 (Folklore of the Santal Parganas, 1909)"
indian_bompas_en:051,Cecil Henry Bompas,en,indian_bompas_en,051,,A Story on Caste.,corpus/indian_bompas_en/051_a-story-on-caste.html,"Gutenberg #11938 (Folklore of the Santal Parganas, 1909)"
indian_bompas_en:052,Cecil Henry Bompas,en,indian_bompas_en,052,,Tipi and Tepa.,corpus/indian_bompas_en/052_tipi-and-tepa.html,"Gutenberg #11938 (Folklore of the Santal Parganas, 1909)"
indian_bompas_en:053,Cecil Henry Bompas,en,indian_bompas_en,053,,The Child with the Ears of an Ox.,corpus/indian_bompas_en/053_the-child-with-the-ears-of-an-ox.html,"Gutenberg #11938 (Folklore of the Santal Parganas, 1909)"
indian_bompas_en:054,Cecil Henry Bompas,en,indian_bompas_en,054,,The Child Who Knew His Father.,corpus/indian_bompas_en/054_the-child-who-knew-his-father.html,"Gutenberg #11938 (Folklore of the Santal Parganas, 1909)"
indian_bompas_en:055,Cecil Henry Bompas,en,indian_bompas_en,055,,Jogeshwar’s Marriage.,corpus/indian_bompas_en/055_jogeshwars-marriage.html,"Gutenberg #11938 (Folklore of the Santal Parganas, 1909)"
indian_bompas_en:056,Cecil Henry Bompas,en,indian_bompas_en,056,,The Strong Man.,corpus/indian_bompas_en/056_the-strong-man.html,"Gutenberg #11938 (Folklore of the Santal Parganas, 1909)"
indian_bompas_en:057,Cecil Henry Bompas,en,indian_bompas_en,057,,The Raja’s Advice.,corpus/indian_bompas_en/057_the-rajas-advice.html,"Gutenberg #11938 (Folklore of the Santal Parganas, 1909)"
indian_bompas_en:058,Cecil Henry Bompas,en,indian_bompas_en,058,,The Four Jogis.,corpus/indian_bompas_en/058_the-four-jogis.html,"Gutenberg #11938 (Folklore of the Santal Parganas, 1909)"
indian_bompas_en:059,Cecil Henry Bompas,en,indian_bompas_en,059,,The Charitable Raja.,corpus/indian_bompas_en/059_the-charitable-raja.html,"Gutenberg #11938 (Folklore of the Santal Parganas, 1909)"
indian_bompas_en:060,Cecil Henry Bompas,en,indian_bompas_en,060,,A Variant.—The Wandering Raja.,corpus/indian_bompas_en/060_a-variant-the-wandering-raja.html,"Gutenberg #11938 (Folklore of the Santal Parganas, 1909)"
indian_bompas_en:061,Cecil Henry Bompas,en,indian_bompas_en,061,,The Two Wives.,corpus/indian_bompas_en/061_the-two-wives.html,"Gutenberg #11938 (Folklore of the Santal Parganas, 1909)"
indian_bompas_en:062,Cecil Henry Bompas,en,indian_bompas_en,062,,Spanling and His Uncles.,corpus/indian_bompas_en/062_spanling-and-his-uncles.html,"Gutenberg #11938 (Folklore of the Santal Parganas, 1909)"
indian_bompas_en:063,Cecil Henry Bompas,en,indian_bompas_en,063,,The Silent Wife.,corpus/indian_bompas_en/063_the-silent-wife.html,"Gutenberg #11938 (Folklore of the Santal Parganas, 1909)"
indian_bompas_en:064,Cecil Henry Bompas,en,indian_bompas_en,064,,The Dumb Shepherd.,corpus/indian_bompas_en/064_the-dumb-shepherd.html,"Gutenberg #11938 (Folklore of the Santal Parganas, 1909)"
indian_bompas_en:065,Cecil Henry Bompas,en,indian_bompas_en,065,,The Good Daughter-in-Law.,corpus/indian_bompas_en/065_the-good-daughter-in-law.html,"Gutenberg #11938 (Folklore of the Santal Parganas, 1909)"
indian_bompas_en:066,Cecil Henry Bompas,en,indian_bompas_en,066,,The Raja’s Dream.,corpus/indian_bompas_en/066_the-rajas-dream.html,"Gutenberg #11938 (Folklore of the Santal Parganas, 1909)"
indian_bompas_en:067,Cecil Henry Bompas,en,indian_bompas_en,067,,The Mongoose Boy.,corpus/indian_bompas_en/067_the-mongoose-boy.html,"Gutenberg #11938 (Folklore of the Santal Parganas, 1909)"
indian_bompas_en:068,Cecil Henry Bompas,en,indian_bompas_en,068,,The Stolen Treasure.,corpus/indian_bompas_en/068_the-stolen-treasure.html,"Gutenberg #11938 (Folklore of the Santal Parganas, 1909)"
indian_bompas_en:069,Cecil Henry Bompas,en,indian_bompas_en,069,,Dukhu and His Bonga Wife.,corpus/indian_bompas_en/069_dukhu-and-his-bonga-wife.html,"Gutenberg #11938 (Folklore of the Santal Parganas, 1909)"
indian_bompas_en:070,Cecil Henry Bompas,en,indian_bompas_en,070,,The Monkey Husband.,corpus/indian_bompas_en/070_the-monkey-husband.html,"Gutenberg #11938 (Folklore of the Santal Parganas, 1909)"
indian_bompas_en:071,Cecil Henry Bompas,en,indian_bompas_en,071,,Lakhan and the Wild Buffaloes.,corpus/indian_bompas_en/071_lakhan-and-the-wild-buffaloes.html,"Gutenberg #11938 (Folklore of the Santal Parganas, 1909)"
indian_bompas_en:072,Cecil Henry Bompas,en,indian_bompas_en,072,,The Boy with the Stag.,corpus/indian_bompas_en/072_the-boy-with-the-stag.html,"Gutenberg #11938 (Folklore of the Santal Parganas, 1909)"
indian_bompas_en:073,Cecil Henry Bompas,en,indian_bompas_en,073,,The Seven Brothers and the Bonga Girl.,corpus/indian_bompas_en/073_the-seven-brothers-and-the-bonga-girl.html,"Gutenberg #11938 (Folklore of the Santal Parganas, 1909)"
indian_bompas_en:074,Cecil Henry Bompas,en,indian_bompas_en,074,,The Tiger’s Foster Child.,corpus/indian_bompas_en/074_the-tigers-foster-child.html,"Gutenberg #11938 (Folklore of the Santal Parganas, 1909)"
indian_bompas_en:075,Cecil Henry Bompas,en,indian_bompas_en,075,,The Caterpillar Boy.,corpus/indian_bompas_en/075_the-caterpillar-boy.html,"Gutenberg #11938 (Folklore of the Santal Parganas, 1909)"
indian_bompas_en:076,Cecil Henry Bompas,en,indian_bompas_en,076,,The Monkey Nursemaid.,corpus/indian_bompas_en/076_the-monkey-nursemaid.html,"Gutenberg #11938 (Folklore of the Santal Parganas, 1909)"
indian_bompas_en:077,Cecil Henry Bompas,en,indian_bompas_en,077,,The Wife Who Could Not Keep a Secret.,corpus/indian_bompas_en/077_the-wife-who-could-not-keep-a-secret.html,"Gutenberg #11938 (Folklore of the Santal Parganas, 1909)"
indian_bompas_en:078,Cecil Henry Bompas,en,indian_bompas_en,078,,Sit and Lakhan.,corpus/indian_bompas_en/078_sit-and-lakhan.html,"Gutenberg #11938 (Folklore of the Santal Parganas, 1909)"
indian_bompas_en:079,Cecil Henry Bompas,en,indian_bompas_en,079,,The Raja Who Went To Heaven.,corpus/indian_bompas_en/079_the-raja-who-went-to-heaven.html,"Gutenberg #11938 (Folklore of the Santal Parganas, 1909)"
indian_bompas_en:080,Cecil Henry Bompas,en,indian_bompas_en,080,,Seven-Tricks and Single-Trick.,corpus/indian_bompas_en/080_seven-tricks-and-single-trick.html,"Gutenberg #11938 (Folklore of the Santal Parganas, 1909)"
indian_bompas_en:081,Cecil Henry Bompas,en,indian_bompas_en,081,,Fuljhari Raja.,corpus/indian_bompas_en/081_fuljhari-raja.html,"Gutenberg #11938 (Folklore of the Santal Parganas, 1909)"
indian_bompas_en:082,Cecil Henry Bompas,en,indian_bompas_en,082,,The Corpse of the Raja’s Son.,corpus/indian_bompas_en/082_the-corpse-of-the-rajas-son.html,"Gutenberg #11938 (Folklore of the Santal Parganas, 1909)"
indian_bompas_en:083,Cecil Henry Bompas,en,indian_bompas_en,083,,The Sham Child.,corpus/indian_bompas_en/083_the-sham-child.html,"Gutenberg #11938 (Folklore of the Santal Parganas, 1909)"
indian_bompas_en:084,Cecil Henry Bompas,en,indian_bompas_en,084,,The Sons of the Kherohuri Raja.,corpus/indian_bompas_en/084_the-sons-of-the-kherohuri-raja.html,"Gutenberg #11938 (Folklore of the Santal Parganas, 1909)"
indian_bompas_en:085,Cecil Henry Bompas,en,indian_bompas_en,085,,The Dog Bride.,corpus/indian_bompas_en/085_the-dog-bride.html,"Gutenberg #11938 (Folklore of the Santal Parganas, 1909)"
indian_bompas_en:086,Cecil Henry Bompas,en,indian_bompas_en,086,,Wealth or Wisdom.,corpus/indian_bompas_en/086_wealth-or-wisdom.html,"Gutenberg #11938 (Folklore of the Santal Parganas, 1909)"
indian_bompas_en:087,Cecil Henry Bompas,en,indian_bompas_en,087,,The Goala and the Cow.,corpus/indian_bompas_en/087_the-goala-and-the-cow.html,"Gutenberg #11938 (Folklore of the Santal Parganas, 1909)"
indian_bompas_en:088,Cecil Henry Bompas,en,indian_bompas_en,088,,The Telltale Wife.,corpus/indian_bompas_en/088_the-telltale-wife.html,"Gutenberg #11938 (Folklore of the Santal Parganas, 1909)"
indian_bompas_en:089,Cecil Henry Bompas,en,indian_bompas_en,089,,The Bridegroom Who Spoke in Riddles.,corpus/indian_bompas_en/089_the-bridegroom-who-spoke-in-riddles.html,"Gutenberg #11938 (Folklore of the Santal Parganas, 1909)"
indian_bompas_en:090,Cecil Henry Bompas,en,indian_bompas_en,090,,The Lazy Man.,corpus/indian_bompas_en/090_the-lazy-man.html,"Gutenberg #11938 (Folklore of the Santal Parganas, 1909)"
indian_bompas_en:091,Cecil Henry Bompas,en,indian_bompas_en,091,,Another Lazy Man.,corpus/indian_bompas_en/091_another-lazy-man.html,"Gutenberg #11938 (Folklore of the Santal Parganas, 1909)"
indian_bompas_en:092,Cecil Henry Bompas,en,indian_bompas_en,092,,The Widow’s Son.,corpus/indian_bompas_en/092_the-widows-son.html,"Gutenberg #11938 (Folklore of the Santal Parganas, 1909)"
indian_bompas_en:093,Cecil Henry Bompas,en,indian_bompas_en,093,,The Boy Who Was Changed into a Dog.,corpus/indian_bompas_en/093_the-boy-who-was-changed-into-a-dog.html,"Gutenberg #11938 (Folklore of the Santal Parganas, 1909)"
indian_bompas_en:094,Cecil Henry Bompas,en,indian_bompas_en,094,,Birluri and Birbanta.,corpus/indian_bompas_en/094_birluri-and-birbanta.html,"Gutenberg #11938 (Folklore of the Santal Parganas, 1909)"
indian_bompas_en:095,Cecil Henry Bompas,en,indian_bompas_en,095,,The Killing of the Rakhas.,corpus/indian_bompas_en/095_the-killing-of-the-rakhas.html,"Gutenberg #11938 (Folklore of the Santal Parganas, 1909)"
indian_bompas_en:096,Cecil Henry Bompas,en,indian_bompas_en,096,,The Children and the Vultures.,corpus/indian_bompas_en/096_the-children-and-the-vultures.html,"Gutenberg #11938 (Folklore of the Santal Parganas, 1909)"
indian_bompas_en:097,Cecil Henry Bompas,en,indian_bompas_en,097,,The Ferryman.,corpus/indian_bompas_en/097_the-ferryman.html,"Gutenberg #11938 (Folklore of the Santal Parganas, 1909)"
indian_bompas_en:098,Cecil Henry Bompas,en,indian_bompas_en,098,,Catching a Thief.,corpus/indian_bompas_en/098_catching-a-thief.html,"Gutenberg #11938 (Folklore of the Santal Parganas, 1909)"
indian_bompas_en:099,Cecil Henry Bompas,en,indian_bompas_en,099,,The Grasping Raja.,corpus/indian_bompas_en/099_the-grasping-raja.html,"Gutenberg #11938 (Folklore of the Santal Parganas, 1909)"
indian_bompas_en:100,Cecil Henry Bompas,en,indian_bompas_en,100,,The Prince Who Would Not Marry.,corpus/indian_bompas_en/100_the-prince-who-would-not-marry.html,"Gutenberg #11938 (Folklore of the Santal Parganas, 1909)"
indian_bompas_en:101,Cecil Henry Bompas,en,indian_bompas_en,101,,The Prince Who Found Two Wives.,corpus/indian_bompas_en/101_the-prince-who-found-two-wives.html,"Gutenberg #11938 (Folklore of the Santal Parganas, 1909)"
indian_bompas_en:102,Cecil Henry Bompas,en,indian_bompas_en,102,,The Unfaithful Wife.,corpus/indian_bompas_en/102_the-unfaithful-wife.html,"Gutenberg #11938 (Folklore of the Santal Parganas, 1909)"
indian_bompas_en:103,Cecil Henry Bompas,en,indian_bompas_en,103,,The Industrious Bride.,corpus/indian_bompas_en/103_the-industrious-bride.html,"Gutenberg #11938 (Folklore of the Santal Parganas, 1909)"
indian_bompas_en:104,Cecil Henry Bompas,en,indian_bompas_en,104,,The Boy and His Fate.,corpus/indian_bompas_en/104_the-boy-and-his-fate.html,"Gutenberg #11938 (Folklore of the Santal Parganas, 1909)"
indian_bompas_en:105,Cecil Henry Bompas,en,indian_bompas_en,105,,The Messengers of Death.,corpus/indian_bompas_en/105_the-messengers-of-death.html,"Gutenberg #11938 (Folklore of the Santal Parganas, 1909)"
indian_bompas_en:106,Cecil Henry Bompas,en,indian_bompas_en,106,,The Speaking Crab.,corpus/indian_bompas_en/106_the-speaking-crab.html,"Gutenberg #11938 (Folklore of the Santal Parganas, 1909)"
indian_bompas_en:107,Cecil Henry Bompas,en,indian_bompas_en,107,,The Leopard Outwitted.,corpus/indian_bompas_en/107_the-leopard-outwitted.html,"Gutenberg #11938 (Folklore of the Santal Parganas, 1909)"
indian_bompas_en:108,Cecil Henry Bompas,en,indian_bompas_en,108,,The Wind and the Sun.,corpus/indian_bompas_en/108_the-wind-and-the-sun.html,"Gutenberg #11938 (Folklore of the Santal Parganas, 1909)"
indian_bompas_en:109,Cecil Henry Bompas,en,indian_bompas_en,109,,The Coldest Season.,corpus/indian_bompas_en/109_the-coldest-season.html,"Gutenberg #11938 (Folklore of the Santal Parganas, 1909)"
indian_bompas_en:110,Cecil Henry Bompas,en,indian_bompas_en,110,,The Jackal and the Crow.,corpus/indian_bompas_en/110_the-jackal-and-the-crow.html,"Gutenberg #11938 (Folklore of the Santal Parganas, 1909)"
indian_bompas_en:111,Cecil Henry Bompas,en,indian_bompas_en,111,,The Tiger Cub and the Calf.,corpus/indian_bompas_en/111_the-tiger-cub-and-the-calf.html,"Gutenberg #11938 (Folklore of the Santal Parganas, 1909)"
indian_bompas_en:112,Cecil Henry Bompas,en,indian_bompas_en,112,,The Jackal and the Chickens.,corpus/indian_bompas_en/112_the-jackal-and-the-chickens.html,"Gutenberg #11938 (Folklore of the Santal Parganas, 1909)"
indian_bompas_en:113,Cecil Henry Bompas,en,indian_bompas_en,113,,The Jackal Punished.,corpus/indian_bompas_en/113_the-jackal-punished.html,"Gutenberg #11938 (Folklore of the Santal Parganas, 1909)"
indian_bompas_en:114,Cecil Henry Bompas,en,indian_bompas_en,114,,The Tigers and the Cat.,corpus/indian_bompas_en/114_the-tigers-and-the-cat.html,"Gutenberg #11938 (Folklore of the Santal Parganas, 1909)"
indian_bompas_en:115,Cecil Henry Bompas,en,indian_bompas_en,115,,The Elephant and the Ants.,corpus/indian_bompas_en/115_the-elephant-and-the-ants.html,"Gutenberg #11938 (Folklore of the Santal Parganas, 1909)"
indian_bompas_en:116,Cecil Henry Bompas,en,indian_bompas_en,116,,A Fox and His Wife.,corpus/indian_bompas_en/116_a-fox-and-his-wife.html,"Gutenberg #11938 (Folklore of the Santal Parganas, 1909)"
indian_bompas_en:117,Cecil Henry Bompas,en,indian_bompas_en,117,,The Jackal and the Crocodiles.,corpus/indian_bompas_en/117_the-jackal-and-the-crocodiles.html,"Gutenberg #11938 (Folklore of the Santal Parganas, 1909)"
indian_bompas_en:118,Cecil Henry Bompas,en,indian_bompas_en,118,,The Bullfrog and the Crab.,corpus/indian_bompas_en/118_the-bullfrog-and-the-crab.html,"Gutenberg #11938 (Folklore of the Santal Parganas, 1909)"
indian_bompas_en:119,Cecil Henry Bompas,en,indian_bompas_en,119,,The Hyaena Outwitted.,corpus/indian_bompas_en/119_the-hyaena-outwitted.html,"Gutenberg #11938 (Folklore of the Santal Parganas, 1909)"
indian_bompas_en:120,Cecil Henry Bompas,en,indian_bompas_en,120,,The Crow and the Egret.,corpus/indian_bompas_en/120_the-crow-and-the-egret.html,"Gutenberg #11938 (Folklore of the Santal Parganas, 1909)"
indian_bompas_en:121,Cecil Henry Bompas,en,indian_bompas_en,121,,The Jackal and the Hare.,corpus/indian_bompas_en/121_the-jackal-and-the-hare.html,"Gutenberg #11938 (Folklore of the Santal Parganas, 1909)"
indian_bompas_en:122,Cecil Henry Bompas,en,indian_bompas_en,122,,The Brave Jackal.,corpus/indian_bompas_en/122_the-brave-jackal.html,"Gutenberg #11938 (Folklore of the Santal Parganas, 1909)"
indian_bompas_en:123,Cecil Henry Bompas,en,indian_bompas_en,123,,The Jackal and the Leopards.,corpus/indian_bompas_en/123_the-jackal-and-the-leopards.html,"Gutenberg #11938 (Folklore of the Santal Parganas, 1909)"
indian_bompas_en:124,Cecil Henry Bompas,en,indian_bompas_en,124,,The Fool and His Dinner.,corpus/indian_bompas_en/124_the-fool-and-his-dinner.html,"Gutenberg #11938 (Folklore of the Santal Parganas, 1909)"
indian_bompas_en:125,Cecil Henry Bompas,en,indian_bompas_en,125,,The Stingy Daughter.,corpus/indian_bompas_en/125_the-stingy-daughter.html,"Gutenberg #11938 (Folklore of the Santal Parganas, 1909)"
indian_bompas_en:126,Cecil Henry Bompas,en,indian_bompas_en,126,,The Backwards and Forwards Dance.,corpus/indian_bompas_en/126_the-backwards-and-forwards-dance.html,"Gutenberg #11938 (Folklore of the Santal Parganas, 1909)"
indian_bompas_en:127,Cecil Henry Bompas,en,indian_bompas_en,127,,The Deaf Family.,corpus/indian_bompas_en/127_the-deaf-family.html,"Gutenberg #11938 (Folklore of the Santal Parganas, 1909)"
indian_bompas_en:128,Cecil Henry Bompas,en,indian_bompas_en,128,,The Father-in-Law’s Visit.,corpus/indian_bompas_en/128_the-father-in-laws-visit.html,"Gutenberg #11938 (Folklore of the Santal Parganas, 1909)"
indian_bompas_en:129,Cecil Henry Bompas,en,indian_bompas_en,129,,Ramai and Somai.,corpus/indian_bompas_en/129_ramai-and-somai.html,"Gutenberg #11938 (Folklore of the Santal Parganas, 1909)"
indian_bompas_en:130,Cecil Henry Bompas,en,indian_bompas_en,130,,The Two Brothers.,corpus/indian_bompas_en/130_the-two-brothers.html,"Gutenberg #11938 (Folklore of the Santal Parganas, 1909)"
indian_bompas_en:131,Cecil Henry Bompas,en,indian_bompas_en,131,,The Three Fools.,corpus/indian_bompas_en/131_the-three-fools.html,"Gutenberg #11938 (Folklore of the Santal Parganas, 1909)"
indian_bompas_en:132,Cecil Henry Bompas,en,indian_bompas_en,132,,The Cure for Laziness.,corpus/indian_bompas_en/132_the-cure-for-laziness.html,"Gutenberg #11938 (Folklore of the Santal Parganas, 1909)"
indian_bompas_en:133,Cecil Henry Bompas,en,indian_bompas_en,133,,The Brahman’s Powers.,corpus/indian_bompas_en/133_the-brahmans-powers.html,"Gutenberg #11938 (Folklore of the Santal Parganas, 1909)"
indian_bompas_en:134,Cecil Henry Bompas,en,indian_bompas_en,134,,Ram’s Wife.,corpus/indian_bompas_en/134_rams-wife.html,"Gutenberg #11938 (Folklore of the Santal Parganas, 1909)"
indian_bompas_en:135,Cecil Henry Bompas,en,indian_bompas_en,135,,Palo.,corpus/indian_bompas_en/135_palo.html,"Gutenberg #11938 (Folklore of the Santal Parganas, 1909)"
indian_bompas_en:136,Cecil Henry Bompas,en,indian_bompas_en,136,,The Women’s Sacrifice.,corpus/indian_bompas_en/136_the-womens-sacrifice.html,"Gutenberg #11938 (Folklore of the Santal Parganas, 1909)"
indian_bompas_en:137,Cecil Henry Bompas,en,indian_bompas_en,137,,The Thief’s Son.,corpus/indian_bompas_en/137_the-thiefs-son.html,"Gutenberg #11938 (Folklore of the Santal Parganas, 1909)"
indian_bompas_en:138,Cecil Henry Bompas,en,indian_bompas_en,138,,The Divorce.,corpus/indian_bompas_en/138_the-divorce.html,"Gutenberg #11938 (Folklore of the Santal Parganas, 1909)"
indian_bompas_en:139,Cecil Henry Bompas,en,indian_bompas_en,139,,The Father and the Father-in-Law.,corpus/indian_bompas_en/139_the-father-and-the-father-in-law.html,"Gutenberg #11938 (Folklore of the Santal Parganas, 1909)"
indian_bompas_en:140,Cecil Henry Bompas,en,indian_bompas_en,140,,The Reproof.,corpus/indian_bompas_en/140_the-reproof.html,"Gutenberg #11938 (Folklore of the Santal Parganas, 1909)"
indian_bompas_en:141,Cecil Henry Bompas,en,indian_bompas_en,141,,Enigmas.,corpus/indian_bompas_en/141_enigmas.html,"Gutenberg #11938 (Folklore of the Santal Parganas, 1909)"
indian_bompas_en:142,Cecil Henry Bompas,en,indian_bompas_en,142,,The Too Particular Wife.,corpus/indian_bompas_en/142_the-too-particular-wife.html,"Gutenberg #11938 (Folklore of the Santal Parganas, 1909)"
indian_bompas_en:143,Cecil Henry Bompas,en,indian_bompas_en,143,,The Paharia Socialists.,corpus/indian_bompas_en/143_the-paharia-socialists.html,"Gutenberg #11938 (Folklore of the Santal Parganas, 1909)"
indian_bompas_en:144,Cecil Henry Bompas,en,indian_bompas_en,144,,How a Tiger Was Killed.,corpus/indian_bompas_en/144_how-a-tiger-was-killed.html,"Gutenberg #11938 (Folklore of the Santal Parganas, 1909)"
indian_bompas_en:145,Cecil Henry Bompas,en,indian_bompas_en,145,,The Goala’s Daughter.,corpus/indian_bompas_en/145_the-goalas-daughter.html,"Gutenberg #11938 (Folklore of the Santal Parganas, 1909)"
indian_bompas_en:146,Cecil Henry Bompas,en,indian_bompas_en,146,,The Brahman’s Clothes.,corpus/indian_bompas_en/146_the-brahmans-clothes.html,"Gutenberg #11938 (Folklore of the Santal Parganas, 1909)"
indian_bompas_en:147,Cecil Henry Bompas,en,indian_bompas_en,147,,The Winning of a Bride.,corpus/indian_bompas_en/147_the-winning-of-a-bride.html,"Gutenberg #11938 (Folklore of the Santal Parganas, 1909)"
indian_bompas_en:148,Cecil Henry Bompas,en,indian_bompas_en,148,,Marriage with Bongas.,corpus/indian_bompas_en/148_marriage-with-bongas.html,"Gutenberg #11938 (Folklore of the Santal Parganas, 1909)"
indian_bompas_en:149,Cecil Henry Bompas,en,indian_bompas_en,149,,The Bonga Headman.,corpus/indian_bompas_en/149_the-bonga-headman.html,"Gutenberg #11938 (Folklore of the Santal Parganas, 1909)"
indian_bompas_en:150,Cecil Henry Bompas,en,indian_bompas_en,150,,Lakhan and the Bongas.,corpus/indian_bompas_en/150_lakhan-and-the-bongas.html,"Gutenberg #11938 (Folklore of the Santal Parganas, 1909)"
indian_bompas_en:151,Cecil Henry Bompas,en,indian_bompas_en,151,,The House Bonga.,corpus/indian_bompas_en/151_the-house-bonga.html,"Gutenberg #11938 (Folklore of the Santal Parganas, 1909)"
indian_bompas_en:152,Cecil Henry Bompas,en,indian_bompas_en,152,,The Sarsagun Maiden.,corpus/indian_bompas_en/152_the-sarsagun-maiden.html,"Gutenberg #11938 (Folklore of the Santal Parganas, 1909)"
indian_bompas_en:153,Cecil Henry Bompas,en,indian_bompas_en,153,,The Schoolboy and the Bonga.,corpus/indian_bompas_en/153_the-schoolboy-and-the-bonga.html,"Gutenberg #11938 (Folklore of the Santal Parganas, 1909)"
indian_bompas_en:154,Cecil Henry Bompas,en,indian_bompas_en,154,,The Bonga’s Cave.,corpus/indian_bompas_en/154_the-bongas-cave.html,"Gutenberg #11938 (Folklore of the Santal Parganas, 1909)"
indian_bompas_en:155,Cecil Henry Bompas,en,indian_bompas_en,155,,The Bonga’s Victim.,corpus/indian_bompas_en/155_the-bongas-victim.html,"Gutenberg #11938 (Folklore of the Santal Parganas, 1909)"
indian_bompas_en:156,Cecil Henry Bompas,en,indian_bompas_en,156,,Baijal and the Bonga.,corpus/indian_bompas_en/156_baijal-and-the-bonga.html,"Gutenberg #11938 (Folklore of the Santal Parganas, 1909)"
indian_bompas_en:157,Cecil Henry Bompas,en,indian_bompas_en,157,,Ramai and the Bonga.,corpus/indian_bompas_en/157_ramai-and-the-bonga.html,"Gutenberg #11938 (Folklore of the Santal Parganas, 1909)"
indian_bompas_en:158,Cecil Henry Bompas,en,indian_bompas_en,158,,The Boundary Bonga.,corpus/indian_bompas_en/158_the-boundary-bonga.html,"Gutenberg #11938 (Folklore of the Santal Parganas, 1909)"
indian_bompas_en:159,Cecil Henry Bompas,en,indian_bompas_en,159,,The Bonga Exorcised.,corpus/indian_bompas_en/159_the-bonga-exorcised.html,"Gutenberg #11938 (Folklore of the Santal Parganas, 1909)"
indian_bompas_en:160,Cecil Henry Bompas,en,indian_bompas_en,160,,The Beginning of Things.,corpus/indian_bompas_en/160_the-beginning-of-things.html,"Gutenberg #11938 (Folklore of the Santal Parganas, 1909)"
indian_bompas_en:161,Cecil Henry Bompas,en,indian_bompas_en,161,,Chando and His Wife.,corpus/indian_bompas_en/161_chando-and-his-wife.html,"Gutenberg #11938 (Folklore of the Santal Parganas, 1909)"
indian_bompas_en:162,Cecil Henry Bompas,en,indian_bompas_en,162,,The Sikhar Raja.,corpus/indian_bompas_en/162_the-sikhar-raja.html,"Gutenberg #11938 (Folklore of the Santal Parganas, 1909)"
indian_bompas_en:163,Cecil Henry Bompas,en,indian_bompas_en,163,,The Origin of Tobacco.,corpus/indian_bompas_en/163_the-origin-of-tobacco.html,"Gutenberg #11938 (Folklore of the Santal Parganas, 1909)"
indian_bompas_en:167,Cecil Henry Bompas,en,indian_bompas_en,167,,Hares and Men.,corpus/indian_bompas_en/167_hares-and-men.html,"Gutenberg #11938 (Folklore of the Santal Parganas, 1909)"
indian_bompas_en:168,Cecil Henry Bompas,en,indian_bompas_en,168,,A Legend.,corpus/indian_bompas_en/168_a-legend.html,"Gutenberg #11938 (Folklore of the Santal Parganas, 1909)"
indian_bompas_en:178,Cecil Henry Bompas,en,indian_bompas_en,178,,Witch Stories.,corpus/indian_bompas_en/178_witch-stories.html,"Gutenberg #11938 (Folklore of the Santal Parganas, 1909)"
indian_bompas_en:179,Cecil Henry Bompas,en,indian_bompas_en,179,,Witch Stories.,corpus/indian_bompas_en/179_witch-stories.html,"Gutenberg #11938 (Folklore of the Santal Parganas, 1909)"
indian_bompas_en:180,Cecil Henry Bompas,en,indian_bompas_en,180,,Witch Stories.,corpus/indian_bompas_en/180_witch-stories.html,"Gutenberg #11938 (Folklore of the Santal Parganas, 1909)"
indian_bompas_en:181,Cecil Henry Bompas,en,indian_bompas_en,181,,The Two Witches.,corpus/indian_bompas_en/181_the-two-witches.html,"Gutenberg #11938 (Folklore of the Santal Parganas, 1909)"
indian_bompas_en:182,Cecil Henry Bompas,en,indian_bompas_en,182,,The Sister-in-Law Who Was a Witch.,corpus/indian_bompas_en/182_the-sister-in-law-who-was-a-witch.html,"Gutenberg #11938 (Folklore of the Santal Parganas, 1909)"
indian_bompas_en:183,Cecil Henry Bompas,en,indian_bompas_en,183,,Ramjit Bonga.,corpus/indian_bompas_en/183_ramjit-bonga.html,"Gutenberg #11938 (Folklore of the Santal Parganas, 1909)"
indian_bompas_en:184,Cecil Henry Bompas,en,indian_bompas_en,184,,The Herd Boy and the Witches.,corpus/indian_bompas_en/184_the-herd-boy-and-the-witches.html,"Gutenberg #11938 (Folklore of the Santal Parganas, 1909)"
indian_bompas_en:185,Cecil Henry Bompas,en,indian_bompas_en,185,,The Man-Tiger.,corpus/indian_bompas_en/185_the-man-tiger.html,"Gutenberg #11938 (Folklore of the Santal Parganas, 1909)"
indian_bompas_en:187,Cecil Henry Bompas,en,indian_bompas_en,187,,(1)—The River Snake.,corpus/indian_bompas_en/187_1-the-river-snake.html,"Gutenberg #11938 (Folklore of the Santal Parganas, 1909)"
indian_bompas_en:188,Cecil Henry Bompas,en,indian_bompas_en,188,,(2)—The Sons of the Tigress.,corpus/indian_bompas_en/188_2-the-sons-of-the-tigress.html,"Gutenberg #11938 (Folklore of the Santal Parganas, 1909)"
indian_bompas_en:189,Cecil Henry Bompas,en,indian_bompas_en,189,,(3)—The Tiger’s Marriage.,corpus/indian_bompas_en/189_3-the-tigers-marriage.html,"Gutenberg #11938 (Folklore of the Santal Parganas, 1909)"
indian_bompas_en:190,Cecil Henry Bompas,en,indian_bompas_en,190,,(4)—The Jackal and His Neighbours.,corpus/indian_bompas_en/190_4-the-jackal-and-his-neighbours.html,"Gutenberg #11938 (Folklore of the Santal Parganas, 1909)"
indian_bompas_en:191,Cecil Henry Bompas,en,indian_bompas_en,191,,(5)—The Jackal and the Tigers.,corpus/indian_bompas_en/191_5-the-jackal-and-the-tigers.html,"Gutenberg #11938 (Folklore of the Santal Parganas, 1909)"
indian_bompas_en:192,Cecil Henry Bompas,en,indian_bompas_en,192,,(6)—The Wild Buffaloes.,corpus/indian_bompas_en/192_6-the-wild-buffaloes.html,"Gutenberg #11938 (Folklore of the Santal Parganas, 1909)"
indian_bompas_en:193,Cecil Henry Bompas,en,indian_bompas_en,193,,(7)—The Grateful Cow.,corpus/indian_bompas_en/193_7-the-grateful-cow.html,"Gutenberg #11938 (Folklore of the Santal Parganas, 1909)"
indian_bompas_en:194,Cecil Henry Bompas,en,indian_bompas_en,194,,(8)—The Belbati Princess.,corpus/indian_bompas_en/194_8-the-belbati-princess.html,"Gutenberg #11938 (Folklore of the Santal Parganas, 1909)"
indian_bompas_en:195,Cecil Henry Bompas,en,indian_bompas_en,195,,(9)—The Bread Tree.,corpus/indian_bompas_en/195_9-the-bread-tree.html,"Gutenberg #11938 (Folklore of the Santal Parganas, 1909)"
indian_bompas_en:196,Cecil Henry Bompas,en,indian_bompas_en,196,,(10)—The Origin of Sabai Grass (Ischaemum Angustifolium).,corpus/indian_bompas_en/196_10-the-origin-of-sabai-grass-ischaemum-angustifolium.html,"Gutenberg #11938 (Folklore of the Santal Parganas, 1909)"
indian_bompas_en:197,Cecil Henry Bompas,en,indian_bompas_en,197,,(11)—The Faithless Sister.,corpus/indian_bompas_en/197_11-the-faithless-sister.html,"Gutenberg #11938 (Folklore of the Santal Parganas, 1909)"
indian_bompas_en:198,Cecil Henry Bompas,en,indian_bompas_en,198,,(12)—The Cruel Sisters-in-Law.,corpus/indian_bompas_en/198_12-the-cruel-sisters-in-law.html,"Gutenberg #11938 (Folklore of the Santal Parganas, 1909)"
indian_bompas_en:199,Cecil Henry Bompas,en,indian_bompas_en,199,,(13)—The False Rānī.,corpus/indian_bompas_en/199_13-the-false-r-n.html,"Gutenberg #11938 (Folklore of the Santal Parganas, 1909)"
indian_bompas_en:200,Cecil Henry Bompas,en,indian_bompas_en,200,,(14)—The Jackal and the Kite.,corpus/indian_bompas_en/200_14-the-jackal-and-the-kite.html,"Gutenberg #11938 (Folklore of the Santal Parganas, 1909)"
indian_bompas_en:201,Cecil Henry Bompas,en,indian_bompas_en,201,,(15)—The Sons of the Raban Rājā.,corpus/indian_bompas_en/201_15-the-sons-of-the-raban-r-j.html,"Gutenberg #11938 (Folklore of the Santal Parganas, 1909)"
indian_bompas_en:202,Cecil Henry Bompas,en,indian_bompas_en,202,,(16)—The Potter’s Son.,corpus/indian_bompas_en/202_16-the-potters-son.html,"Gutenberg #11938 (Folklore of the Santal Parganas, 1909)"
indian_bompas_en:203,Cecil Henry Bompas,en,indian_bompas_en,203,,(17)—The Wonderful Cowherd.,corpus/indian_bompas_en/203_17-the-wonderful-cowherd.html,"Gutenberg #11938 (Folklore of the Santal Parganas, 1909)"
indian_bompas_en:204,Cecil Henry Bompas,en,indian_bompas_en,204,,(18)—The Strong Prince.,corpus/indian_bompas_en/204_18-the-strong-prince.html,"Gutenberg #11938 (Folklore of the Santal Parganas, 1909)"
indian_bompas_en:205,Cecil Henry Bompas,en,indian_bompas_en,205,,(19)—The Prince Who Became King of the Jackals.,corpus/indian_bompas_en/205_19-the-prince-who-became-king-of-the-jackals.html,"Gutenberg #11938 (Folklore of the Santal Parganas, 1909)"
indian_bompas_en:206,Cecil Henry Bompas,en,indian_bompas_en,206,,(20)—The Mongoose Boy.,corpus/indian_bompas_en/206_20-the-mongoose-boy.html,"Gutenberg #11938 (Folklore of the Santal Parganas, 1909)"
indian_bompas_en:207,Cecil Henry Bompas,en,indian_bompas_en,207,,(21)—The Prince and the Tigress.,corpus/indian_bompas_en/207_21-the-prince-and-the-tigress.html,"Gutenberg #11938 (Folklore of the Santal Parganas, 1909)"
indian_bompas_en:208,Cecil Henry Bompas,en,indian_bompas_en,208,,(22)—The Cunning Potter.,corpus/indian_bompas_en/208_22-the-cunning-potter.html,"Gutenberg #11938 (Folklore of the Santal Parganas, 1909)"
indian_frere_en:001,Mary Frere,en,indian_frere_en,001,,PUNCHKIN.,corpus/indian_frere_en/001_punchkin.html,"Gutenberg #36696 (Old Deccan Days, 1868)"
indian_frere_en:002,Mary Frere,en,indian_frere_en,002,,A FUNNY STORY.,corpus/indian_frere_en/002_a-funny-story.html,"Gutenberg #36696 (Old Deccan Days, 1868)"
indian_frere_en:003,Mary Frere,en,indian_frere_en,003,,BRAVE SEVENTEE BAI.,corpus/indian_frere_en/003_brave-seventee-bai.html,"Gutenberg #36696 (Old Deccan Days, 1868)"
indian_frere_en:004,Mary Frere,en,indian_frere_en,004,,TRUTH’S TRIUMPH.,corpus/indian_frere_en/004_truths-triumph.html,"Gutenberg #36696 (Old Deccan Days, 1868)"
indian_frere_en:005,Mary Frere,en,indian_frere_en,005,,"RAMA AND LUXMAN; OR, THE LEARNED OWL.",corpus/indian_frere_en/005_rama-and-luxman-or-the-learned-owl.html,"Gutenberg #36696 (Old Deccan Days, 1868)"
indian_frere_en:006,Mary Frere,en,indian_frere_en,006,,LITTLE SURYA BAI.,corpus/indian_frere_en/006_little-surya-bai.html,"Gutenberg #36696 (Old Deccan Days, 1868)"
indian_frere_en:007,Mary Frere,en,indian_frere_en,007,,THE WANDERINGS OF VICRAM MAHARAJAH.,corpus/indian_frere_en/007_the-wanderings-of-vicram-maharajah.html,"Gutenberg #36696 (Old Deccan Days, 1868)"
indian_frere_en:008,Mary Frere,en,indian_frere_en,008,,LESS INEQUALITY THAN MEN DEEM.,corpus/indian_frere_en/008_less-inequality-than-men-deem.html,"Gutenberg #36696 (Old Deccan Days, 1868)"
indian_frere_en:009,Mary Frere,en,indian_frere_en,009,,PANCH-PHUL RANEE.,corpus/indian_frere_en/009_panch-phul-ranee.html,"Gutenberg #36696 (Old Deccan Days, 1868)"
indian_frere_en:010,Mary Frere,en,indian_frere_en,010,,"HOW THE SUN, THE MOON AND THE WIND WENT OUT TO DINNER.",corpus/indian_frere_en/010_how-the-sun-the-moon-and-the-wind-went-out-to-dinner.html,"Gutenberg #36696 (Old Deccan Days, 1868)"
indian_frere_en:011,Mary Frere,en,indian_frere_en,011,,SINGH RAJAH AND THE CUNNING LITTLE JACKALS.,corpus/indian_frere_en/011_singh-rajah-and-the-cunning-little-jackals.html,"Gutenberg #36696 (Old Deccan Days, 1868)"
indian_frere_en:012,Mary Frere,en,indian_frere_en,012,,"THE JACKAL, THE BARBER AND THE BRAHMIN WHO HAD SEVEN DAUGHTERS.",corpus/indian_frere_en/012_the-jackal-the-barber-and-the-brahmin-who-had-seven-daughters.html,"Gutenberg #36696 (Old Deccan Days, 1868)"
indian_frere_en:013,Mary Frere,en,indian_frere_en,013,,TIT FOR TAT.,corpus/indian_frere_en/013_tit-for-tat.html,"Gutenberg #36696 (Old Deccan Days, 1868)"
indian_frere_en:014,Mary Frere,en,indian_frere_en,014,,"THE BRAHMIN, THE TIGER AND THE SIX JUDGES.",corpus/indian_frere_en/014_the-brahmin-the-tiger-and-the-six-judges.html,"Gutenberg #36696 (Old Deccan Days, 1868)"
indian_frere_en:015,Mary Frere,en,indian_frere_en,015,,THE SELFISH SPARROW AND THE HOUSELESS CROWS.,corpus/indian_frere_en/015_the-selfish-sparrow-and-the-houseless-crows.html,"Gutenberg #36696 (Old Deccan Days, 1868)"
indian_frere_en:016,Mary Frere,en,indian_frere_en,016,,THE VALIANT CHATTEE-MAKER.,corpus/indian_frere_en/016_the-valiant-chattee-maker.html,"Gutenberg #36696 (Old Deccan Days, 1868)"
indian_frere_en:017,Mary Frere,en,indian_frere_en,017,,THE RAKSHAS’ PALACE.,corpus/indian_frere_en/017_the-rakshas-palace.html,"Gutenberg #36696 (Old Deccan Days, 1868)"
indian_frere_en:018,Mary Frere,en,indian_frere_en,018,,"THE BLIND MAN, THE DEAF MAN AND THE DONKEY.",corpus/indian_frere_en/018_the-blind-man-the-deaf-man-and-the-donkey.html,"Gutenberg #36696 (Old Deccan Days, 1868)"
indian_frere_en:019,Mary Frere,en,indian_frere_en,019,,MUCHIE LAL.,corpus/indian_frere_en/019_muchie-lal.html,"Gutenberg #36696 (Old Deccan Days, 1868)"
indian_frere_en:020,Mary Frere,en,indian_frere_en,020,,CHUNDUN RAJAH.,corpus/indian_frere_en/020_chundun-rajah.html,"Gutenberg #36696 (Old Deccan Days, 1868)"
indian_frere_en:021,Mary Frere,en,indian_frere_en,021,,SODEWA BAI.,corpus/indian_frere_en/021_sodewa-bai.html,"Gutenberg #36696 (Old Deccan Days, 1868)"
indian_frere_en:022,Mary Frere,en,indian_frere_en,022,,CHANDRA’S VENGEANCE.,corpus/indian_frere_en/022_chandras-vengeance.html,"Gutenberg #36696 (Old Deccan Days, 1868)"
indian_frere_en:023,Mary Frere,en,indian_frere_en,023,,HOW THE THREE CLEVER MEN OUTWITTED THE DEMONS.,corpus/indian_frere_en/023_how-the-three-clever-men-outwitted-the-demons.html,"Gutenberg #36696 (Old Deccan Days, 1868)"
indian_frere_en:024,Mary Frere,en,indian_frere_en,024,,THE ALLIGATOR AND THE JACKAL.,corpus/indian_frere_en/024_the-alligator-and-the-jackal.html,"Gutenberg #36696 (Old Deccan Days, 1868)"
indian_kingscote_en:001,G. Kingscote & S. M. Natesa Sastri,en,indian_kingscote_en,001,,The Story of the Three Deaf Men.,corpus/indian_kingscote_en/001_the-story-of-the-three-deaf-men.html,"Gutenberg #37002 (Tales of the Sun, 1890)"
indian_kingscote_en:002,G. Kingscote & S. M. Natesa Sastri,en,indian_kingscote_en,002,,Why Brâhmaṇs cannot eat in the Dark.,corpus/indian_kingscote_en/002_why-br-hma-s-cannot-eat-in-the-dark.html,"Gutenberg #37002 (Tales of the Sun, 1890)"
indian_kingscote_en:003,G. Kingscote & S. M. Natesa Sastri,en,indian_kingscote_en,003,,The Soothsayer’s Son.,corpus/indian_kingscote_en/003_the-soothsayers-son.html,"Gutenberg #37002 (Tales of the Sun, 1890)"
indian_kingscote_en:004,G. Kingscote & S. M. Natesa Sastri,en,indian_kingscote_en,004,,Raṇavîrasiṅg.,corpus/indian_kingscote_en/004_ra-av-rasi-g.html,"Gutenberg #37002 (Tales of the Sun, 1890)"
indian_kingscote_en:005,G. Kingscote & S. M. Natesa Sastri,en,indian_kingscote_en,005,,“Charity Alone Conquers.”,corpus/indian_kingscote_en/005_charity-alone-conquers.html,"Gutenberg #37002 (Tales of the Sun, 1890)"
indian_kingscote_en:006,G. Kingscote & S. M. Natesa Sastri,en,indian_kingscote_en,006,,Mr. Won’t-Give and Mr. Won’t-Leave.,corpus/indian_kingscote_en/006_mr-wont-give-and-mr-wont-leave.html,"Gutenberg #37002 (Tales of the Sun, 1890)"
indian_kingscote_en:007,G. Kingscote & S. M. Natesa Sastri,en,indian_kingscote_en,007,,Mr. Mighty-of-his-Mouth and Mr. Mighty-of-his-Hands.,corpus/indian_kingscote_en/007_mr-mighty-of-his-mouth-and-mr-mighty-of-his-hands.html,"Gutenberg #37002 (Tales of the Sun, 1890)"
indian_kingscote_en:008,G. Kingscote & S. M. Natesa Sastri,en,indian_kingscote_en,008,,The Mother-in-Law became an Ass.,corpus/indian_kingscote_en/008_the-mother-in-law-became-an-ass.html,"Gutenberg #37002 (Tales of the Sun, 1890)"
indian_kingscote_en:009,G. Kingscote & S. M. Natesa Sastri,en,indian_kingscote_en,009,,The Story of Appayya.1,corpus/indian_kingscote_en/009_the-story-of-appayya1.html,"Gutenberg #37002 (Tales of the Sun, 1890)"
indian_kingscote_en:010,G. Kingscote & S. M. Natesa Sastri,en,indian_kingscote_en,010,,The Brâhmiṇ Girl that Married a Tiger.,corpus/indian_kingscote_en/010_the-br-hmi-girl-that-married-a-tiger.html,"Gutenberg #37002 (Tales of the Sun, 1890)"
indian_kingscote_en:011,G. Kingscote & S. M. Natesa Sastri,en,indian_kingscote_en,011,,The Good Husband and the Bad Wife.,corpus/indian_kingscote_en/011_the-good-husband-and-the-bad-wife.html,"Gutenberg #37002 (Tales of the Sun, 1890)"
indian_kingscote_en:012,G. Kingscote & S. M. Natesa Sastri,en,indian_kingscote_en,012,,The Good Wife and the Bad Husband.1,corpus/indian_kingscote_en/012_the-good-wife-and-the-bad-husband1.html,"Gutenberg #37002 (Tales of the Sun, 1890)"
indian_kingscote_en:013,G. Kingscote & S. M. Natesa Sastri,en,indian_kingscote_en,013,,The Lost Camel and Other Tales.,corpus/indian_kingscote_en/013_the-lost-camel-and-other-tales.html,"Gutenberg #37002 (Tales of the Sun, 1890)"
indian_kingscote_en:014,G. Kingscote & S. M. Natesa Sastri,en,indian_kingscote_en,014,,The Monkey with the Tom-Tom.1,corpus/indian_kingscote_en/014_the-monkey-with-the-tom-tom1.html,"Gutenberg #37002 (Tales of the Sun, 1890)"
indian_kingscote_en:015,G. Kingscote & S. M. Natesa Sastri,en,indian_kingscote_en,015,,Pride Goeth Before a Fall.,corpus/indian_kingscote_en/015_pride-goeth-before-a-fall.html,"Gutenberg #37002 (Tales of the Sun, 1890)"
indian_kingscote_en:016,G. Kingscote & S. M. Natesa Sastri,en,indian_kingscote_en,016,,Good Will Grow Out of Good.,corpus/indian_kingscote_en/016_good-will-grow-out-of-good.html,"Gutenberg #37002 (Tales of the Sun, 1890)"
indian_kingscote_en:017,G. Kingscote & S. M. Natesa Sastri,en,indian_kingscote_en,017,,Light Makes Prosperity.,corpus/indian_kingscote_en/017_light-makes-prosperity.html,"Gutenberg #37002 (Tales of the Sun, 1890)"
indian_kingscote_en:018,G. Kingscote & S. M. Natesa Sastri,en,indian_kingscote_en,018,,Chandralêkhâ and the Eight Robbers.,corpus/indian_kingscote_en/018_chandral-kh-and-the-eight-robbers.html,"Gutenberg #37002 (Tales of the Sun, 1890)"
indian_kingscote_en:019,G. Kingscote & S. M. Natesa Sastri,en,indian_kingscote_en,019,,The Conquest of Fate.,corpus/indian_kingscote_en/019_the-conquest-of-fate.html,"Gutenberg #37002 (Tales of the Sun, 1890)"
indian_kingscote_en:020,G. Kingscote & S. M. Natesa Sastri,en,indian_kingscote_en,020,,The Brâhmaṇ Priest who became an Amildâr.1,corpus/indian_kingscote_en/020_the-br-hma-priest-who-became-an-amild-r1.html,"Gutenberg #37002 (Tales of the Sun, 1890)"
indian_kingscote_en:021,G. Kingscote & S. M. Natesa Sastri,en,indian_kingscote_en,021,,The Gardener’s Cunning Wife.,corpus/indian_kingscote_en/021_the-gardeners-cunning-wife.html,"Gutenberg #37002 (Tales of the Sun, 1890)"
indian_kingscote_en:022,G. Kingscote & S. M. Natesa Sastri,en,indian_kingscote_en,022,,Keep it for the Beggar.,corpus/indian_kingscote_en/022_keep-it-for-the-beggar.html,"Gutenberg #37002 (Tales of the Sun, 1890)"
indian_kingscote_en:023,G. Kingscote & S. M. Natesa Sastri,en,indian_kingscote_en,023,,"Good Luck to the Lucky One; Or, Shall I Fall Down?",corpus/indian_kingscote_en/023_good-luck-to-the-lucky-one-or-shall-i-fall-down.html,"Gutenberg #37002 (Tales of the Sun, 1890)"
indian_kingscote_en:024,G. Kingscote & S. M. Natesa Sastri,en,indian_kingscote_en,024,,Retaliation—Palikkuppali.,corpus/indian_kingscote_en/024_retaliation-palikkuppali.html,"Gutenberg #37002 (Tales of the Sun, 1890)"
indian_kingscote_en:025,G. Kingscote & S. M. Natesa Sastri,en,indian_kingscote_en,025,,The Beggar and the Five Muffins.,corpus/indian_kingscote_en/025_the-beggar-and-the-five-muffins.html,"Gutenberg #37002 (Tales of the Sun, 1890)"
indian_kingscote_en:026,G. Kingscote & S. M. Natesa Sastri,en,indian_kingscote_en,026,,The Brahmarâkshas and the Hair.,corpus/indian_kingscote_en/026_the-brahmar-kshas-and-the-hair.html,"Gutenberg #37002 (Tales of the Sun, 1890)"
indian_crooke_en:001,W. Crooke & W. H. D. Rouse,en,indian_crooke_en,001,,The Talking Thrush,corpus/indian_crooke_en/001_the-talking-thrush.html,"Gutenberg #30635 (The Talking Thrush, 1899)"
indian_crooke_en:002,W. Crooke & W. H. D. Rouse,en,indian_crooke_en,002,,The Rabbit and the Monkey,corpus/indian_crooke_en/002_the-rabbit-and-the-monkey.html,"Gutenberg #30635 (The Talking Thrush, 1899)"
indian_crooke_en:003,W. Crooke & W. H. D. Rouse,en,indian_crooke_en,003,,The Sparrow's Revenge,corpus/indian_crooke_en/003_the-sparrows-revenge.html,"Gutenberg #30635 (The Talking Thrush, 1899)"
indian_crooke_en:004,W. Crooke & W. H. D. Rouse,en,indian_crooke_en,004,,The Judgment of the Jackal,corpus/indian_crooke_en/004_the-judgment-of-the-jackal.html,"Gutenberg #30635 (The Talking Thrush, 1899)"
indian_crooke_en:005,W. Crooke & W. H. D. Rouse,en,indian_crooke_en,005,,How the Mouse got into his Hole,corpus/indian_crooke_en/005_how-the-mouse-got-into-his-hole.html,"Gutenberg #30635 (The Talking Thrush, 1899)"
indian_crooke_en:006,W. Crooke & W. H. D. Rouse,en,indian_crooke_en,006,,King Solomon and the Owl,corpus/indian_crooke_en/006_king-solomon-and-the-owl.html,"Gutenberg #30635 (The Talking Thrush, 1899)"
indian_crooke_en:007,W. Crooke & W. H. D. Rouse,en,indian_crooke_en,007,,The Camel's Neck,corpus/indian_crooke_en/007_the-camels-neck.html,"Gutenberg #30635 (The Talking Thrush, 1899)"
indian_crooke_en:008,W. Crooke & W. H. D. Rouse,en,indian_crooke_en,008,,The Quail and the Fowler,corpus/indian_crooke_en/008_the-quail-and-the-fowler.html,"Gutenberg #30635 (The Talking Thrush, 1899)"
indian_crooke_en:009,W. Crooke & W. H. D. Rouse,en,indian_crooke_en,009,,The King of the Kites,corpus/indian_crooke_en/009_the-king-of-the-kites.html,"Gutenberg #30635 (The Talking Thrush, 1899)"
indian_crooke_en:010,W. Crooke & W. H. D. Rouse,en,indian_crooke_en,010,,The Jackal and the Camel,corpus/indian_crooke_en/010_the-jackal-and-the-camel.html,"Gutenberg #30635 (The Talking Thrush, 1899)"
indian_crooke_en:011,W. Crooke & W. H. D. Rouse,en,indian_crooke_en,011,,The Wise Old Shepherd,corpus/indian_crooke_en/011_the-wise-old-shepherd.html,"Gutenberg #30635 (The Talking Thrush, 1899)"
indian_crooke_en:012,W. Crooke & W. H. D. Rouse,en,indian_crooke_en,012,,Beware of Bad Company,corpus/indian_crooke_en/012_beware-of-bad-company.html,"Gutenberg #30635 (The Talking Thrush, 1899)"
indian_crooke_en:013,W. Crooke & W. H. D. Rouse,en,indian_crooke_en,013,,The Foolish Wolf,corpus/indian_crooke_en/013_the-foolish-wolf.html,"Gutenberg #30635 (The Talking Thrush, 1899)"
indian_crooke_en:014,W. Crooke & W. H. D. Rouse,en,indian_crooke_en,014,,Reflected Glory,corpus/indian_crooke_en/014_reflected-glory.html,"Gutenberg #30635 (The Talking Thrush, 1899)"
indian_crooke_en:015,W. Crooke & W. H. D. Rouse,en,indian_crooke_en,015,,The Cat and the Sparrows,corpus/indian_crooke_en/015_the-cat-and-the-sparrows.html,"Gutenberg #30635 (The Talking Thrush, 1899)"
indian_crooke_en:016,W. Crooke & W. H. D. Rouse,en,indian_crooke_en,016,,The Foolish Fish,corpus/indian_crooke_en/016_the-foolish-fish.html,"Gutenberg #30635 (The Talking Thrush, 1899)"
indian_crooke_en:017,W. Crooke & W. H. D. Rouse,en,indian_crooke_en,017,,The Clever Goat,corpus/indian_crooke_en/017_the-clever-goat.html,"Gutenberg #30635 (The Talking Thrush, 1899)"
indian_crooke_en:018,W. Crooke & W. H. D. Rouse,en,indian_crooke_en,018,,A Crow is a Crow for Ever,corpus/indian_crooke_en/018_a-crow-is-a-crow-for-ever.html,"Gutenberg #30635 (The Talking Thrush, 1899)"
indian_crooke_en:019,W. Crooke & W. H. D. Rouse,en,indian_crooke_en,019,,The Grateful Goat,corpus/indian_crooke_en/019_the-grateful-goat.html,"Gutenberg #30635 (The Talking Thrush, 1899)"
indian_crooke_en:020,W. Crooke & W. H. D. Rouse,en,indian_crooke_en,020,,The Cunning Jackal,corpus/indian_crooke_en/020_the-cunning-jackal.html,"Gutenberg #30635 (The Talking Thrush, 1899)"
indian_crooke_en:021,W. Crooke & W. H. D. Rouse,en,indian_crooke_en,021,,The Farmer's Ass,corpus/indian_crooke_en/021_the-farmers-ass.html,"Gutenberg #30635 (The Talking Thrush, 1899)"
indian_crooke_en:022,W. Crooke & W. H. D. Rouse,en,indian_crooke_en,022,,The Parrot Judge,corpus/indian_crooke_en/022_the-parrot-judge.html,"Gutenberg #30635 (The Talking Thrush, 1899)"
indian_crooke_en:023,W. Crooke & W. H. D. Rouse,en,indian_crooke_en,023,,The Frog and the Snake,corpus/indian_crooke_en/023_the-frog-and-the-snake.html,"Gutenberg #30635 (The Talking Thrush, 1899)"
indian_crooke_en:024,W. Crooke & W. H. D. Rouse,en,indian_crooke_en,024,,Little Miss Mouse and her Friends,corpus/indian_crooke_en/024_little-miss-mouse-and-her-friends.html,"Gutenberg #30635 (The Talking Thrush, 1899)"
indian_crooke_en:025,W. Crooke & W. H. D. Rouse,en,indian_crooke_en,025,,The Jackal that Lost his Tail,corpus/indian_crooke_en/025_the-jackal-that-lost-his-tail.html,"Gutenberg #30635 (The Talking Thrush, 1899)"
indian_crooke_en:026,W. Crooke & W. H. D. Rouse,en,indian_crooke_en,026,,The Wily Tortoise,corpus/indian_crooke_en/026_the-wily-tortoise.html,"Gutenberg #30635 (The Talking Thrush, 1899)"
indian_crooke_en:027,W. Crooke & W. H. D. Rouse,en,indian_crooke_en,027,,The King of the Mice,corpus/indian_crooke_en/027_the-king-of-the-mice.html,"Gutenberg #30635 (The Talking Thrush, 1899)"
indian_crooke_en:028,W. Crooke & W. H. D. Rouse,en,indian_crooke_en,028,,The Valiant Blackbird,corpus/indian_crooke_en/028_the-valiant-blackbird.html,"Gutenberg #30635 (The Talking Thrush, 1899)"
indian_crooke_en:029,W. Crooke & W. H. D. Rouse,en,indian_crooke_en,029,,The Goat and the Hog,corpus/indian_crooke_en/029_the-goat-and-the-hog.html,"Gutenberg #30635 (The Talking Thrush, 1899)"
indian_crooke_en:030,W. Crooke & W. H. D. Rouse,en,indian_crooke_en,030,,The Parrot and the Parson,corpus/indian_crooke_en/030_the-parrot-and-the-parson.html,"Gutenberg #30635 (The Talking Thrush, 1899)"
indian_crooke_en:031,W. Crooke & W. H. D. Rouse,en,indian_crooke_en,031,,The Lion and the Hare,corpus/indian_crooke_en/031_the-lion-and-the-hare.html,"Gutenberg #30635 (The Talking Thrush, 1899)"
indian_crooke_en:032,W. Crooke & W. H. D. Rouse,en,indian_crooke_en,032,,The Monkey's Bargains,corpus/indian_crooke_en/032_the-monkeys-bargains.html,"Gutenberg #30635 (The Talking Thrush, 1899)"
indian_crooke_en:033,W. Crooke & W. H. D. Rouse,en,indian_crooke_en,033,,The Monkey's Rebuke,corpus/indian_crooke_en/033_the-monkeys-rebuke.html,"Gutenberg #30635 (The Talking Thrush, 1899)"
indian_crooke_en:034,W. Crooke & W. H. D. Rouse,en,indian_crooke_en,034,,The Bull and the Bullfinch,corpus/indian_crooke_en/034_the-bull-and-the-bullfinch.html,"Gutenberg #30635 (The Talking Thrush, 1899)"
indian_crooke_en:035,W. Crooke & W. H. D. Rouse,en,indian_crooke_en,035,,The Swan and the Crow,corpus/indian_crooke_en/035_the-swan-and-the-crow.html,"Gutenberg #30635 (The Talking Thrush, 1899)"
indian_crooke_en:036,W. Crooke & W. H. D. Rouse,en,indian_crooke_en,036,,Pride shall have a Fall,corpus/indian_crooke_en/036_pride-shall-have-a-fall.html,"Gutenberg #30635 (The Talking Thrush, 1899)"
indian_crooke_en:037,W. Crooke & W. H. D. Rouse,en,indian_crooke_en,037,,The Kid and the Tiger,corpus/indian_crooke_en/037_the-kid-and-the-tiger.html,"Gutenberg #30635 (The Talking Thrush, 1899)"
indian_crooke_en:038,W. Crooke & W. H. D. Rouse,en,indian_crooke_en,038,,"The Stag, the Crow, and the Jackal",corpus/indian_crooke_en/038_the-stag-the-crow-and-the-jackal.html,"Gutenberg #30635 (The Talking Thrush, 1899)"
indian_crooke_en:039,W. Crooke & W. H. D. Rouse,en,indian_crooke_en,039,,The Monkey and the Crows,corpus/indian_crooke_en/039_the-monkey-and-the-crows.html,"Gutenberg #30635 (The Talking Thrush, 1899)"
indian_crooke_en:040,W. Crooke & W. H. D. Rouse,en,indian_crooke_en,040,,The Swan and the Paddy-Bird,corpus/indian_crooke_en/040_the-swan-and-the-paddy-bird.html,"Gutenberg #30635 (The Talking Thrush, 1899)"
indian_crooke_en:041,W. Crooke & W. H. D. Rouse,en,indian_crooke_en,041,,What is a Man?,corpus/indian_crooke_en/041_what-is-a-man.html,"Gutenberg #30635 (The Talking Thrush, 1899)"
indian_crooke_en:042,W. Crooke & W. H. D. Rouse,en,indian_crooke_en,042,,The Wound and the Scar,corpus/indian_crooke_en/042_the-wound-and-the-scar.html,"Gutenberg #30635 (The Talking Thrush, 1899)"
indian_crooke_en:043,W. Crooke & W. H. D. Rouse,en,indian_crooke_en,043,,The Cat and the Parrot,corpus/indian_crooke_en/043_the-cat-and-the-parrot.html,"Gutenberg #30635 (The Talking Thrush, 1899)"
indian_rouse_en:001,W. H. D. Rouse,en,indian_rouse_en,001,,The Giant Crab,corpus/indian_rouse_en/001_the-giant-crab.html,"Gutenberg #36039 (The Giant Crab, 1897)"
indian_rouse_en:002,W. H. D. Rouse,en,indian_rouse_en,002,,The Hypocritical Cat,corpus/indian_rouse_en/002_the-hypocritical-cat.html,"Gutenberg #36039 (The Giant Crab, 1897)"
indian_rouse_en:003,W. H. D. Rouse,en,indian_rouse_en,003,,The Crocodile and the Monkey,corpus/indian_rouse_en/003_the-crocodile-and-the-monkey.html,"Gutenberg #36039 (The Giant Crab, 1897)"
indian_rouse_en:004,W. H. D. Rouse,en,indian_rouse_en,004,,"The Axe, the Drum, the Bowl, and the Diamond",corpus/indian_rouse_en/004_the-axe-the-drum-the-bowl-and-the-diamond.html,"Gutenberg #36039 (The Giant Crab, 1897)"
indian_rouse_en:005,W. H. D. Rouse,en,indian_rouse_en,005,,The Wise Parrot and the Foolish Parrot,corpus/indian_rouse_en/005_the-wise-parrot-and-the-foolish-parrot.html,"Gutenberg #36039 (The Giant Crab, 1897)"
indian_rouse_en:006,W. H. D. Rouse,en,indian_rouse_en,006,,The Dishonest Friend,corpus/indian_rouse_en/006_the-dishonest-friend.html,"Gutenberg #36039 (The Giant Crab, 1897)"
indian_rouse_en:007,W. H. D. Rouse,en,indian_rouse_en,007,,The Mouse and the Farmer,corpus/indian_rouse_en/007_the-mouse-and-the-farmer.html,"Gutenberg #36039 (The Giant Crab, 1897)"
indian_rouse_en:008,W. H. D. Rouse,en,indian_rouse_en,008,,The Talkative Tortoise,corpus/indian_rouse_en/008_the-talkative-tortoise.html,"Gutenberg #36039 (The Giant Crab, 1897)"
indian_rouse_en:009,W. H. D. Rouse,en,indian_rouse_en,009,,The Monkeys and the Gardener,corpus/indian_rouse_en/009_the-monkeys-and-the-gardener.html,"Gutenberg #36039 (The Giant Crab, 1897)"
indian_rouse_en:010,W. H. D. Rouse,en,indian_rouse_en,010,,The Goblin and the Sneeze,corpus/indian_rouse_en/010_the-goblin-and-the-sneeze.html,"Gutenberg #36039 (The Giant Crab, 1897)"
indian_rouse_en:011,W. H. D. Rouse,en,indian_rouse_en,011,,The Grateful Beasts and the Ungrateful Prince,corpus/indian_rouse_en/011_the-grateful-beasts-and-the-ungrateful-prince.html,"Gutenberg #36039 (The Giant Crab, 1897)"
indian_rouse_en:012,W. H. D. Rouse,en,indian_rouse_en,012,,The Goblin in the Pool,corpus/indian_rouse_en/012_the-goblin-in-the-pool.html,"Gutenberg #36039 (The Giant Crab, 1897)"
indian_rouse_en:013,W. H. D. Rouse,en,indian_rouse_en,013,,The Foolish Farmer and the King,corpus/indian_rouse_en/013_the-foolish-farmer-and-the-king.html,"Gutenberg #36039 (The Giant Crab, 1897)"
indian_rouse_en:014,W. H. D. Rouse,en,indian_rouse_en,014,,The Pious Wolf,corpus/indian_rouse_en/014_the-pious-wolf.html,"Gutenberg #36039 (The Giant Crab, 1897)"
indian_rouse_en:015,W. H. D. Rouse,en,indian_rouse_en,015,,Birds of a Feather,corpus/indian_rouse_en/015_birds-of-a-feather.html,"Gutenberg #36039 (The Giant Crab, 1897)"
indian_rouse_en:016,W. H. D. Rouse,en,indian_rouse_en,016,,Spend a Pound to Win a Penny,corpus/indian_rouse_en/016_spend-a-pound-to-win-a-penny.html,"Gutenberg #36039 (The Giant Crab, 1897)"
indian_rouse_en:017,W. H. D. Rouse,en,indian_rouse_en,017,,The Cunning Crane and the Crab,corpus/indian_rouse_en/017_the-cunning-crane-and-the-crab.html,"Gutenberg #36039 (The Giant Crab, 1897)"
indian_rouse_en:018,W. H. D. Rouse,en,indian_rouse_en,018,,Union is Strength,corpus/indian_rouse_en/018_union-is-strength.html,"Gutenberg #36039 (The Giant Crab, 1897)"
indian_rouse_en:019,W. H. D. Rouse,en,indian_rouse_en,019,,Silence is Golden,corpus/indian_rouse_en/019_silence-is-golden.html,"Gutenberg #36039 (The Giant Crab, 1897)"
indian_rouse_en:020,W. H. D. Rouse,en,indian_rouse_en,020,,The Great Yellow King and His Porter,corpus/indian_rouse_en/020_the-great-yellow-king-and-his-porter.html,"Gutenberg #36039 (The Giant Crab, 1897)"
indian_rouse_en:021,W. H. D. Rouse,en,indian_rouse_en,021,,The Quail and the Falcon,corpus/indian_rouse_en/021_the-quail-and-the-falcon.html,"Gutenberg #36039 (The Giant Crab, 1897)"
indian_rouse_en:022,W. H. D. Rouse,en,indian_rouse_en,022,,Pride Must Have a Fall,corpus/indian_rouse_en/022_pride-must-have-a-fall.html,"Gutenberg #36039 (The Giant Crab, 1897)"
indian_rouse_en:023,W. H. D. Rouse,en,indian_rouse_en,023,,The Bold Beggar,corpus/indian_rouse_en/023_the-bold-beggar.html,"Gutenberg #36039 (The Giant Crab, 1897)"
indian_rouse_en:024,W. H. D. Rouse,en,indian_rouse_en,024,,The Jackal Would A-Wooing Go,corpus/indian_rouse_en/024_the-jackal-would-a-wooing-go.html,"Gutenberg #36039 (The Giant Crab, 1897)"
indian_rouse_en:025,W. H. D. Rouse,en,indian_rouse_en,025,,The Lion and the Boar,corpus/indian_rouse_en/025_the-lion-and-the-boar.html,"Gutenberg #36039 (The Giant Crab, 1897)"
indian_rouse_en:026,W. H. D. Rouse,en,indian_rouse_en,026,,The Goblin City,corpus/indian_rouse_en/026_the-goblin-city.html,"Gutenberg #36039 (The Giant Crab, 1897)"
indian_rouse_en:027,W. H. D. Rouse,en,indian_rouse_en,027,,Lacknose,corpus/indian_rouse_en/027_lacknose.html,"Gutenberg #36039 (The Giant Crab, 1897)"
indian_rouse_en:028,W. H. D. Rouse,en,indian_rouse_en,028,,The King’s Lesson,corpus/indian_rouse_en/028_the-kings-lesson.html,"Gutenberg #36039 (The Giant Crab, 1897)"
indian_dracott_en:001,Alice Elizabeth Dracott,en,indian_dracott_en,001,,THE CAUSE OF A LAWSUIT BETWEEN THE OWL AND THE KITE,corpus/indian_dracott_en/001_the-cause-of-a-lawsuit-between-the-owl-and-the-kite.html,"Gutenberg #58816 (Simla Village Tales, 1906)"
indian_dracott_en:002,Alice Elizabeth Dracott,en,indian_dracott_en,002,,A MONKEY OBJECTS TO CRITICISM,corpus/indian_dracott_en/002_a-monkey-objects-to-criticism.html,"Gutenberg #58816 (Simla Village Tales, 1906)"
indian_dracott_en:003,Alice Elizabeth Dracott,en,indian_dracott_en,003,,THE DEAD MAN’S RING,corpus/indian_dracott_en/003_the-dead-mans-ring.html,"Gutenberg #58816 (Simla Village Tales, 1906)"
indian_dracott_en:004,Alice Elizabeth Dracott,en,indian_dracott_en,004,,THE ORIGIN OF DEATH,corpus/indian_dracott_en/004_the-origin-of-death.html,"Gutenberg #58816 (Simla Village Tales, 1906)"
indian_dracott_en:005,Alice Elizabeth Dracott,en,indian_dracott_en,005,,THE REAL MOTHER,corpus/indian_dracott_en/005_the-real-mother.html,"Gutenberg #58816 (Simla Village Tales, 1906)"
indian_dracott_en:006,Alice Elizabeth Dracott,en,indian_dracott_en,006,,THE PRINCESS SOORTHE,corpus/indian_dracott_en/006_the-princess-soorthe.html,"Gutenberg #58816 (Simla Village Tales, 1906)"
indian_dracott_en:007,Alice Elizabeth Dracott,en,indian_dracott_en,007,,THE SNAKE’S BRIDE,corpus/indian_dracott_en/007_the-snakes-bride.html,"Gutenberg #58816 (Simla Village Tales, 1906)"
indian_dracott_en:008,Alice Elizabeth Dracott,en,indian_dracott_en,008,,THE POWER OF FATE,corpus/indian_dracott_en/008_the-power-of-fate.html,"Gutenberg #58816 (Simla Village Tales, 1906)"
indian_dracott_en:009,Alice Elizabeth Dracott,en,indian_dracott_en,009,,THE OLD WITCH WHO LIVED IN A FOREST,corpus/indian_dracott_en/009_the-old-witch-who-lived-in-a-forest.html,"Gutenberg #58816 (Simla Village Tales, 1906)"
indian_dracott_en:010,Alice Elizabeth Dracott,en,indian_dracott_en,010,,"KULLOO, A FAITHFUL DOG",corpus/indian_dracott_en/010_kulloo-a-faithful-dog.html,"Gutenberg #58816 (Simla Village Tales, 1906)"
indian_dracott_en:011,Alice Elizabeth Dracott,en,indian_dracott_en,011,,THE STORY OF GHOSE,corpus/indian_dracott_en/011_the-story-of-ghose.html,"Gutenberg #58816 (Simla Village Tales, 1906)"
indian_dracott_en:012,Alice Elizabeth Dracott,en,indian_dracott_en,012,,THE VIZIER’S SON AND THE RAJAH’S SON,corpus/indian_dracott_en/012_the-viziers-son-and-the-rajahs-son.html,"Gutenberg #58816 (Simla Village Tales, 1906)"
indian_dracott_en:013,Alice Elizabeth Dracott,en,indian_dracott_en,013,,THE RAJAH’S SON AND THE VIZIER’S SON,corpus/indian_dracott_en/013_the-rajahs-son-and-the-viziers-son.html,"Gutenberg #58816 (Simla Village Tales, 1906)"
indian_dracott_en:014,Alice Elizabeth Dracott,en,indian_dracott_en,014,,BEY HUSLO,corpus/indian_dracott_en/014_bey-huslo.html,"Gutenberg #58816 (Simla Village Tales, 1906)"
indian_dracott_en:015,Alice Elizabeth Dracott,en,indian_dracott_en,015,,THE STORY OF PANCH MAR KHAN,corpus/indian_dracott_en/015_the-story-of-panch-mar-khan.html,"Gutenberg #58816 (Simla Village Tales, 1906)"
indian_dracott_en:016,Alice Elizabeth Dracott,en,indian_dracott_en,016,,THE RABBIT AND THE BARBER,corpus/indian_dracott_en/016_the-rabbit-and-the-barber.html,"Gutenberg #58816 (Simla Village Tales, 1906)"
indian_dracott_en:017,Alice Elizabeth Dracott,en,indian_dracott_en,017,,RUPA AND BISUNTHA,corpus/indian_dracott_en/017_rupa-and-bisuntha.html,"Gutenberg #58816 (Simla Village Tales, 1906)"
indian_dracott_en:018,Alice Elizabeth Dracott,en,indian_dracott_en,018,,SHEIK CHILLI,corpus/indian_dracott_en/018_sheik-chilli.html,"Gutenberg #58816 (Simla Village Tales, 1906)"
indian_dracott_en:019,Alice Elizabeth Dracott,en,indian_dracott_en,019,,SHEIK CHILLI,corpus/indian_dracott_en/019_sheik-chilli.html,"Gutenberg #58816 (Simla Village Tales, 1906)"
indian_dracott_en:020,Alice Elizabeth Dracott,en,indian_dracott_en,020,,"THE MONKEY, THE TIGER, AND THE PRINCESS",corpus/indian_dracott_en/020_the-monkey-the-tiger-and-the-princess.html,"Gutenberg #58816 (Simla Village Tales, 1906)"
indian_dracott_en:021,Alice Elizabeth Dracott,en,indian_dracott_en,021,,THE JACKAL AND THE GUANA,corpus/indian_dracott_en/021_the-jackal-and-the-guana.html,"Gutenberg #58816 (Simla Village Tales, 1906)"
indian_dracott_en:022,Alice Elizabeth Dracott,en,indian_dracott_en,022,,THE STORY OF THE BLACK COW,corpus/indian_dracott_en/022_the-story-of-the-black-cow.html,"Gutenberg #58816 (Simla Village Tales, 1906)"
indian_dracott_en:023,Alice Elizabeth Dracott,en,indian_dracott_en,023,,THE BRAHMIN AND THE WILD GEESE,corpus/indian_dracott_en/023_the-brahmin-and-the-wild-geese.html,"Gutenberg #58816 (Simla Village Tales, 1906)"
indian_dracott_en:024,Alice Elizabeth Dracott,en,indian_dracott_en,024,,THE FOUR-GIFTED PRINCESS,corpus/indian_dracott_en/024_the-four-gifted-princess.html,"Gutenberg #58816 (Simla Village Tales, 1906)"
indian_dracott_en:025,Alice Elizabeth Dracott,en,indian_dracott_en,025,,THE MAN WHO WENT TO SEEK HIS FORTUNE,corpus/indian_dracott_en/025_the-man-who-went-to-seek-his-fortune.html,"Gutenberg #58816 (Simla Village Tales, 1906)"
indian_dracott_en:026,Alice Elizabeth Dracott,en,indian_dracott_en,026,,THREE WISE MEN AND THE KING’S DAUGHTER,corpus/indian_dracott_en/026_three-wise-men-and-the-kings-daughter.html,"Gutenberg #58816 (Simla Village Tales, 1906)"
indian_dracott_en:027,Alice Elizabeth Dracott,en,indian_dracott_en,027,,BARBIL’S SON,corpus/indian_dracott_en/027_barbils-son.html,"Gutenberg #58816 (Simla Village Tales, 1906)"
indian_dracott_en:028,Alice Elizabeth Dracott,en,indian_dracott_en,028,,THE TIGER AND THE RATS,corpus/indian_dracott_en/028_the-tiger-and-the-rats.html,"Gutenberg #58816 (Simla Village Tales, 1906)"
indian_dracott_en:029,Alice Elizabeth Dracott,en,indian_dracott_en,029,,THE ADVENTURES OF A BIRD,corpus/indian_dracott_en/029_the-adventures-of-a-bird.html,"Gutenberg #58816 (Simla Village Tales, 1906)"
indian_dracott_en:030,Alice Elizabeth Dracott,en,indian_dracott_en,030,,THE LEGEND OF NALDERA TEMPLE,corpus/indian_dracott_en/030_the-legend-of-naldera-temple.html,"Gutenberg #58816 (Simla Village Tales, 1906)"
indian_dracott_en:031,Alice Elizabeth Dracott,en,indian_dracott_en,031,,THE BUNNIAH’S WIFE AND THE THIEF,corpus/indian_dracott_en/031_the-bunniahs-wife-and-the-thief.html,"Gutenberg #58816 (Simla Village Tales, 1906)"
indian_dracott_en:032,Alice Elizabeth Dracott,en,indian_dracott_en,032,,WHO STOLE THE RUBY?,corpus/indian_dracott_en/032_who-stole-the-ruby.html,"Gutenberg #58816 (Simla Village Tales, 1906)"
indian_dracott_en:033,Alice Elizabeth Dracott,en,indian_dracott_en,033,,THE STORY OF VICKRAMADIT,corpus/indian_dracott_en/033_the-story-of-vickramadit.html,"Gutenberg #58816 (Simla Village Tales, 1906)"
indian_dracott_en:034,Alice Elizabeth Dracott,en,indian_dracott_en,034,,THE WEAVER,corpus/indian_dracott_en/034_the-weaver.html,"Gutenberg #58816 (Simla Village Tales, 1906)"
indian_dracott_en:035,Alice Elizabeth Dracott,en,indian_dracott_en,035,,THE DOG WHO WAS A RAJAH,corpus/indian_dracott_en/035_the-dog-who-was-a-rajah.html,"Gutenberg #58816 (Simla Village Tales, 1906)"
indian_dracott_en:036,Alice Elizabeth Dracott,en,indian_dracott_en,036,,THE FOURTH WIFE IS THE WISEST,corpus/indian_dracott_en/036_the-fourth-wife-is-the-wisest.html,"Gutenberg #58816 (Simla Village Tales, 1906)"
indian_dracott_en:037,Alice Elizabeth Dracott,en,indian_dracott_en,037,,THE STORY OF PIR SAB,corpus/indian_dracott_en/037_the-story-of-pir-sab.html,"Gutenberg #58816 (Simla Village Tales, 1906)"
indian_dracott_en:038,Alice Elizabeth Dracott,en,indian_dracott_en,038,,THE ORIGIN OF A RIVER,corpus/indian_dracott_en/038_the-origin-of-a-river.html,"Gutenberg #58816 (Simla Village Tales, 1906)"
indian_dracott_en:039,Alice Elizabeth Dracott,en,indian_dracott_en,039,,THE GOLDEN SCORPIONS,corpus/indian_dracott_en/039_the-golden-scorpions.html,"Gutenberg #58816 (Simla Village Tales, 1906)"
indian_dracott_en:040,Alice Elizabeth Dracott,en,indian_dracott_en,040,,THE STORY OF A PEARL,corpus/indian_dracott_en/040_the-story-of-a-pearl.html,"Gutenberg #58816 (Simla Village Tales, 1906)"
indian_dracott_en:041,Alice Elizabeth Dracott,en,indian_dracott_en,041,,THE BUNNIAH’S GHOST,corpus/indian_dracott_en/041_the-bunniahs-ghost.html,"Gutenberg #58816 (Simla Village Tales, 1906)"
indian_dracott_en:042,Alice Elizabeth Dracott,en,indian_dracott_en,042,,BICKERMANJI THE INQUISITIVE,corpus/indian_dracott_en/042_bickermanji-the-inquisitive.html,"Gutenberg #58816 (Simla Village Tales, 1906)"
indian_dracott_en:043,Alice Elizabeth Dracott,en,indian_dracott_en,043,,THE BRAHMIN’S DAUGHTER,corpus/indian_dracott_en/043_the-brahmins-daughter.html,"Gutenberg #58816 (Simla Village Tales, 1906)"
indian_dracott_en:044,Alice Elizabeth Dracott,en,indian_dracott_en,044,,ABUL HUSSAIN,corpus/indian_dracott_en/044_abul-hussain.html,"Gutenberg #58816 (Simla Village Tales, 1906)"
indian_dracott_en:045,Alice Elizabeth Dracott,en,indian_dracott_en,045,,THE MAGICIAN AND THE MERCHANT,corpus/indian_dracott_en/045_the-magician-and-the-merchant.html,"Gutenberg #58816 (Simla Village Tales, 1906)"
indian_dracott_en:046,Alice Elizabeth Dracott,en,indian_dracott_en,046,,THE SNAKE AND THE FROG,corpus/indian_dracott_en/046_the-snake-and-the-frog.html,"Gutenberg #58816 (Simla Village Tales, 1906)"
indian_dracott_en:047,Alice Elizabeth Dracott,en,indian_dracott_en,047,,THE BARBER AND THE THIEF,corpus/indian_dracott_en/047_the-barber-and-the-thief.html,"Gutenberg #58816 (Simla Village Tales, 1906)"
indian_dracott_en:048,Alice Elizabeth Dracott,en,indian_dracott_en,048,,THE STORY OF PURAN,corpus/indian_dracott_en/048_the-story-of-puran.html,"Gutenberg #58816 (Simla Village Tales, 1906)"
indian_dracott_en:049,Alice Elizabeth Dracott,en,indian_dracott_en,049,,TABARISTAN,corpus/indian_dracott_en/049_tabaristan.html,"Gutenberg #58816 (Simla Village Tales, 1906)"
indian_dracott_en:050,Alice Elizabeth Dracott,en,indian_dracott_en,050,,THE PAINTED JACKAL,corpus/indian_dracott_en/050_the-painted-jackal.html,"Gutenberg #58816 (Simla Village Tales, 1906)"
indian_dracott_en:051,Alice Elizabeth Dracott,en,indian_dracott_en,051,,"THE ENCHANTED BIRD, MUSIC, AND STREAM",corpus/indian_dracott_en/051_the-enchanted-bird-music-and-stream.html,"Gutenberg #58816 (Simla Village Tales, 1906)"
indian_dracott_en:052,Alice Elizabeth Dracott,en,indian_dracott_en,052,,THE DOG TEMPLE,corpus/indian_dracott_en/052_the-dog-temple.html,"Gutenberg #58816 (Simla Village Tales, 1906)"
indian_dracott_en:053,Alice Elizabeth Dracott,en,indian_dracott_en,053,,THE BEAUTIFUL MILKMAID,corpus/indian_dracott_en/053_the-beautiful-milkmaid.html,"Gutenberg #58816 (Simla Village Tales, 1906)"
indian_dracott_en:054,Alice Elizabeth Dracott,en,indian_dracott_en,054,,A REMEDY FOR SNAKE-BITE,corpus/indian_dracott_en/054_a-remedy-for-snake-bite.html,"Gutenberg #58816 (Simla Village Tales, 1906)"
indian_dracott_en:055,Alice Elizabeth Dracott,en,indian_dracott_en,055,,A LEGEND OF SARDANA,corpus/indian_dracott_en/055_a-legend-of-sardana.html,"Gutenberg #58816 (Simla Village Tales, 1906)"
indian_dracott_en:056,Alice Elizabeth Dracott,en,indian_dracott_en,056,,THE STORY OF “BUNJARA TULLAO”,corpus/indian_dracott_en/056_the-story-of-bunjara-tullao.html,"Gutenberg #58816 (Simla Village Tales, 1906)"
indian_dracott_en:057,Alice Elizabeth Dracott,en,indian_dracott_en,057,,"THE ANAR PARI, OR POMEGRANATE FAIRY",corpus/indian_dracott_en/057_the-anar-pari-or-pomegranate-fairy.html,"Gutenberg #58816 (Simla Village Tales, 1906)"
indian_campbell_en:001,A. Campbell,en,indian_campbell_en,001,,The Magic Lamp.,corpus/indian_campbell_en/001_the-magic-lamp.html,"Gutenberg #35060 (Santal Folk Tales, 1891)"
indian_campbell_en:002,A. Campbell,en,indian_campbell_en,002,,"The Two Brothers, Jhorea, and Jhore.",corpus/indian_campbell_en/002_the-two-brothers-jhorea-and-jhore.html,"Gutenberg #35060 (Santal Folk Tales, 1891)"
indian_campbell_en:003,A. Campbell,en,indian_campbell_en,003,,The Boy and his Stepmother.,corpus/indian_campbell_en/003_the-boy-and-his-stepmother.html,"Gutenberg #35060 (Santal Folk Tales, 1891)"
indian_campbell_en:004,A. Campbell,en,indian_campbell_en,004,,The Story of Kara and Guja.,corpus/indian_campbell_en/004_the-story-of-kara-and-guja.html,"Gutenberg #35060 (Santal Folk Tales, 1891)"
indian_campbell_en:005,A. Campbell,en,indian_campbell_en,005,,The King and his inquisitive Queen.,corpus/indian_campbell_en/005_the-king-and-his-inquisitive-queen.html,"Gutenberg #35060 (Santal Folk Tales, 1891)"
indian_campbell_en:006,A. Campbell,en,indian_campbell_en,006,,The Story of Bitaram.,corpus/indian_campbell_en/006_the-story-of-bitaram.html,"Gutenberg #35060 (Santal Folk Tales, 1891)"
indian_campbell_en:007,A. Campbell,en,indian_campbell_en,007,,The Story of Sit and Bosont.,corpus/indian_campbell_en/007_the-story-of-sit-and-bosont.html,"Gutenberg #35060 (Santal Folk Tales, 1891)"
indian_campbell_en:008,A. Campbell,en,indian_campbell_en,008,,The Story of a Tiger.,corpus/indian_campbell_en/008_the-story-of-a-tiger.html,"Gutenberg #35060 (Santal Folk Tales, 1891)"
indian_campbell_en:009,A. Campbell,en,indian_campbell_en,009,,"Story of a Lizard, a Tiger, and a lame Man.",corpus/indian_campbell_en/009_story-of-a-lizard-a-tiger-and-a-lame-man.html,"Gutenberg #35060 (Santal Folk Tales, 1891)"
indian_campbell_en:010,A. Campbell,en,indian_campbell_en,010,,The Story of a Simpleton.,corpus/indian_campbell_en/010_the-story-of-a-simpleton.html,"Gutenberg #35060 (Santal Folk Tales, 1891)"
indian_campbell_en:011,A. Campbell,en,indian_campbell_en,011,,A Thief and a Tiger.,corpus/indian_campbell_en/011_a-thief-and-a-tiger.html,"Gutenberg #35060 (Santal Folk Tales, 1891)"
indian_campbell_en:012,A. Campbell,en,indian_campbell_en,012,,The Magic Fiddle,corpus/indian_campbell_en/012_the-magic-fiddle.html,"Gutenberg #35060 (Santal Folk Tales, 1891)"
indian_campbell_en:013,A. Campbell,en,indian_campbell_en,013,,"Gumda, the Hero.",corpus/indian_campbell_en/013_gumda-the-hero.html,"Gutenberg #35060 (Santal Folk Tales, 1891)"
indian_campbell_en:014,A. Campbell,en,indian_campbell_en,014,,"Lipi, and Lapra.",corpus/indian_campbell_en/014_lipi-and-lapra.html,"Gutenberg #35060 (Santal Folk Tales, 1891)"
indian_campbell_en:015,A. Campbell,en,indian_campbell_en,015,,The Story of Lelha.,corpus/indian_campbell_en/015_the-story-of-lelha.html,"Gutenberg #35060 (Santal Folk Tales, 1891)"
indian_campbell_en:016,A. Campbell,en,indian_campbell_en,016,,The Story of Sindura Gand Garur.,corpus/indian_campbell_en/016_the-story-of-sindura-gand-garur.html,"Gutenberg #35060 (Santal Folk Tales, 1891)"
indian_campbell_en:017,A. Campbell,en,indian_campbell_en,017,,The Tiger and Ulta’s Mother.,corpus/indian_campbell_en/017_the-tiger-and-ultas-mother.html,"Gutenberg #35060 (Santal Folk Tales, 1891)"
indian_campbell_en:018,A. Campbell,en,indian_campbell_en,018,,The Greatest Cheat of Seven.,corpus/indian_campbell_en/018_the-greatest-cheat-of-seven.html,"Gutenberg #35060 (Santal Folk Tales, 1891)"
indian_campbell_en:019,A. Campbell,en,indian_campbell_en,019,,The Story of Two Princesses.,corpus/indian_campbell_en/019_the-story-of-two-princesses.html,"Gutenberg #35060 (Santal Folk Tales, 1891)"
indian_campbell_en:020,A. Campbell,en,indian_campbell_en,020,,Seven Brothers and their Sister.,corpus/indian_campbell_en/020_seven-brothers-and-their-sister.html,"Gutenberg #35060 (Santal Folk Tales, 1891)"
indian_campbell_en:021,A. Campbell,en,indian_campbell_en,021,,The Story of Jhore.,corpus/indian_campbell_en/021_the-story-of-jhore.html,"Gutenberg #35060 (Santal Folk Tales, 1891)"
indian_campbell_en:022,A. Campbell,en,indian_campbell_en,022,,The Girl who always found helpers.,corpus/indian_campbell_en/022_the-girl-who-always-found-helpers.html,"Gutenberg #35060 (Santal Folk Tales, 1891)"
indian_campbell_en:023,A. Campbell,en,indian_campbell_en,023,,A Simple Thief.,corpus/indian_campbell_en/023_a-simple-thief.html,"Gutenberg #35060 (Santal Folk Tales, 1891)"
indian_kincaid_en:001,C. A. Kincaid,en,indian_kincaid_en,001,,A SIND SAINT.,corpus/indian_kincaid_en/001_a-sind-saint.html,"Gutenberg #76982 (Folk Tales of Sind and Guzarat, 1925)"
indian_kincaid_en:002,C. A. Kincaid,en,indian_kincaid_en,002,,UDERO LAL.,corpus/indian_kincaid_en/002_udero-lal.html,"Gutenberg #76982 (Folk Tales of Sind and Guzarat, 1925)"
indian_kincaid_en:003,C. A. Kincaid,en,indian_kincaid_en,003,,JINDA PIR.,corpus/indian_kincaid_en/003_jinda-pir.html,"Gutenberg #76982 (Folk Tales of Sind and Guzarat, 1925)"
indian_kincaid_en:004,C. A. Kincaid,en,indian_kincaid_en,004,,MAKHDUM NIAMAT ULLAH AND MAKHDUM NUH.,corpus/indian_kincaid_en/004_makhdum-niamat-ullah-and-makhdum-nuh.html,"Gutenberg #76982 (Folk Tales of Sind and Guzarat, 1925)"
indian_kincaid_en:005,C. A. Kincaid,en,indian_kincaid_en,005,,HAIDARABAD.,corpus/indian_kincaid_en/005_haidarabad.html,"Gutenberg #76982 (Folk Tales of Sind and Guzarat, 1925)"
indian_kincaid_en:006,C. A. Kincaid,en,indian_kincaid_en,006,,BRAHMANABAD.—I.,corpus/indian_kincaid_en/006_brahmanabad-i.html,"Gutenberg #76982 (Folk Tales of Sind and Guzarat, 1925)"
indian_kincaid_en:007,C. A. Kincaid,en,indian_kincaid_en,007,,BRAHMANABAD.—II.,corpus/indian_kincaid_en/007_brahmanabad-ii.html,"Gutenberg #76982 (Folk Tales of Sind and Guzarat, 1925)"
indian_kincaid_en:008,C. A. Kincaid,en,indian_kincaid_en,008,,THE EIGHTH KEY.,corpus/indian_kincaid_en/008_the-eighth-key.html,"Gutenberg #76982 (Folk Tales of Sind and Guzarat, 1925)"
indian_kincaid_en:009,C. A. Kincaid,en,indian_kincaid_en,009,,THE NOOSE OF MURAD.,corpus/indian_kincaid_en/009_the-noose-of-murad.html,"Gutenberg #76982 (Folk Tales of Sind and Guzarat, 1925)"
indian_kincaid_en:010,C. A. Kincaid,en,indian_kincaid_en,010,,THE MAKLI HILL.,corpus/indian_kincaid_en/010_the-makli-hill.html,"Gutenberg #76982 (Folk Tales of Sind and Guzarat, 1925)"
indian_kincaid_en:011,C. A. Kincaid,en,indian_kincaid_en,011,,LARKANA.,corpus/indian_kincaid_en/011_larkana.html,"Gutenberg #76982 (Folk Tales of Sind and Guzarat, 1925)"
indian_kincaid_en:012,C. A. Kincaid,en,indian_kincaid_en,012,,TWO LOVE TRAGEDIES.,corpus/indian_kincaid_en/012_two-love-tragedies.html,"Gutenberg #76982 (Folk Tales of Sind and Guzarat, 1925)"
indian_kincaid_en:013,C. A. Kincaid,en,indian_kincaid_en,013,,SWAMI VANKHANDI OF SADH BELO.,corpus/indian_kincaid_en/013_swami-vankhandi-of-sadh-belo.html,"Gutenberg #76982 (Folk Tales of Sind and Guzarat, 1925)"
indian_kincaid_en:014,C. A. Kincaid,en,indian_kincaid_en,014,,King Mansing of Sirohi.,corpus/indian_kincaid_en/014_king-mansing-of-sirohi.html,"Gutenberg #76982 (Folk Tales of Sind and Guzarat, 1925)"
indian_kincaid_en:015,C. A. Kincaid,en,indian_kincaid_en,015,,THE WISDOM SELLER.,corpus/indian_kincaid_en/015_the-wisdom-seller.html,"Gutenberg #76982 (Folk Tales of Sind and Guzarat, 1925)"
indian_kincaid_en:016,C. A. Kincaid,en,indian_kincaid_en,016,,MAGADHA AND RUPVATI.,corpus/indian_kincaid_en/016_magadha-and-rupvati.html,"Gutenberg #76982 (Folk Tales of Sind and Guzarat, 1925)"
indian_kincaid_en:017,C. A. Kincaid,en,indian_kincaid_en,017,,Rupsinh and the Queen of the Anardes.,corpus/indian_kincaid_en/017_rupsinh-and-the-queen-of-the-anardes.html,"Gutenberg #76982 (Folk Tales of Sind and Guzarat, 1925)"
indian_kincaid_en:019,C. A. Kincaid,en,indian_kincaid_en,019,,ROUND ABOUT NASIK.,corpus/indian_kincaid_en/019_round-about-nasik.html,"Gutenberg #76982 (Folk Tales of Sind and Guzarat, 1925)"
indian_kincaid_en:020,C. A. Kincaid,en,indian_kincaid_en,020,,July and December,corpus/indian_kincaid_en/020_july-and-december.html,"Gutenberg #76982 (Folk Tales of Sind and Guzarat, 1925)"
indian_babbitt_jataka_en:001,Ellen C. Babbitt,en,indian_babbitt_jataka_en,001,,THE MONKEY AND THE CROCODILE,corpus/indian_babbitt_jataka_en/001_the-monkey-and-the-crocodile.html,"Gutenberg #62514 (Jataka Tales, 1912)"
indian_babbitt_jataka_en:002,Ellen C. Babbitt,en,indian_babbitt_jataka_en,002,,HOW THE TURTLE SAVED HIS OWN LIFE,corpus/indian_babbitt_jataka_en/002_how-the-turtle-saved-his-own-life.html,"Gutenberg #62514 (Jataka Tales, 1912)"
indian_babbitt_jataka_en:003,Ellen C. Babbitt,en,indian_babbitt_jataka_en,003,,THE MERCHANT OF SERI,corpus/indian_babbitt_jataka_en/003_the-merchant-of-seri.html,"Gutenberg #62514 (Jataka Tales, 1912)"
indian_babbitt_jataka_en:004,Ellen C. Babbitt,en,indian_babbitt_jataka_en,004,,THE TURTLE WHO COULDN'T STOP TALKING,corpus/indian_babbitt_jataka_en/004_the-turtle-who-couldnt-stop-talking.html,"Gutenberg #62514 (Jataka Tales, 1912)"
indian_babbitt_jataka_en:005,Ellen C. Babbitt,en,indian_babbitt_jataka_en,005,,THE OX WHO WON THE FORFEIT,corpus/indian_babbitt_jataka_en/005_the-ox-who-won-the-forfeit.html,"Gutenberg #62514 (Jataka Tales, 1912)"
indian_babbitt_jataka_en:006,Ellen C. Babbitt,en,indian_babbitt_jataka_en,006,,THE SANDY ROAD,corpus/indian_babbitt_jataka_en/006_the-sandy-road.html,"Gutenberg #62514 (Jataka Tales, 1912)"
indian_babbitt_jataka_en:007,Ellen C. Babbitt,en,indian_babbitt_jataka_en,007,,THE QUARREL OF THE QUAILS,corpus/indian_babbitt_jataka_en/007_the-quarrel-of-the-quails.html,"Gutenberg #62514 (Jataka Tales, 1912)"
indian_babbitt_jataka_en:008,Ellen C. Babbitt,en,indian_babbitt_jataka_en,008,,THE MEASURE OF RICE,corpus/indian_babbitt_jataka_en/008_the-measure-of-rice.html,"Gutenberg #62514 (Jataka Tales, 1912)"
indian_babbitt_jataka_en:009,Ellen C. Babbitt,en,indian_babbitt_jataka_en,009,,"THE FOOLISH, TIMID RABBIT",corpus/indian_babbitt_jataka_en/009_the-foolish-timid-rabbit.html,"Gutenberg #62514 (Jataka Tales, 1912)"
indian_babbitt_jataka_en:010,Ellen C. Babbitt,en,indian_babbitt_jataka_en,010,,THE WISE AND THE FOOLISH MERCHANT,corpus/indian_babbitt_jataka_en/010_the-wise-and-the-foolish-merchant.html,"Gutenberg #62514 (Jataka Tales, 1912)"
indian_babbitt_jataka_en:011,Ellen C. Babbitt,en,indian_babbitt_jataka_en,011,,THE ELEPHANT GIRLY-FACE,corpus/indian_babbitt_jataka_en/011_the-elephant-girly-face.html,"Gutenberg #62514 (Jataka Tales, 1912)"
indian_babbitt_jataka_en:012,Ellen C. Babbitt,en,indian_babbitt_jataka_en,012,,THE BANYAN DEER,corpus/indian_babbitt_jataka_en/012_the-banyan-deer.html,"Gutenberg #62514 (Jataka Tales, 1912)"
indian_babbitt_jataka_en:013,Ellen C. Babbitt,en,indian_babbitt_jataka_en,013,,THE PRINCES AND THE WATER-SPRITE,corpus/indian_babbitt_jataka_en/013_the-princes-and-the-water-sprite.html,"Gutenberg #62514 (Jataka Tales, 1912)"
indian_babbitt_jataka_en:014,Ellen C. Babbitt,en,indian_babbitt_jataka_en,014,,THE KING'S WHITE ELEPHANT,corpus/indian_babbitt_jataka_en/014_the-kings-white-elephant.html,"Gutenberg #62514 (Jataka Tales, 1912)"
indian_babbitt_jataka_en:015,Ellen C. Babbitt,en,indian_babbitt_jataka_en,015,,THE OX WHO ENVIED THE PIG,corpus/indian_babbitt_jataka_en/015_the-ox-who-envied-the-pig.html,"Gutenberg #62514 (Jataka Tales, 1912)"
indian_babbitt_jataka_en:016,Ellen C. Babbitt,en,indian_babbitt_jataka_en,016,,GRANNY'S BLACKIE,corpus/indian_babbitt_jataka_en/016_grannys-blackie.html,"Gutenberg #62514 (Jataka Tales, 1912)"
indian_babbitt_jataka_en:017,Ellen C. Babbitt,en,indian_babbitt_jataka_en,017,,THE CRAB AND THE CRANE,corpus/indian_babbitt_jataka_en/017_the-crab-and-the-crane.html,"Gutenberg #62514 (Jataka Tales, 1912)"
indian_babbitt_jataka_en:018,Ellen C. Babbitt,en,indian_babbitt_jataka_en,018,,WHY THE OWL IS NOT KING OF THE BIRDS,corpus/indian_babbitt_jataka_en/018_why-the-owl-is-not-king-of-the-birds.html,"Gutenberg #62514 (Jataka Tales, 1912)"
indian_babbitt_more_en:001,Ellen C. Babbitt,en,indian_babbitt_more_en,001,,THE GIRL MONKEY AND THE STRING OF PEARLS,corpus/indian_babbitt_more_en/001_the-girl-monkey-and-the-string-of-pearls.html,"Gutenberg #7518 (More Jataka Tales, 1922)"
indian_babbitt_more_en:002,Ellen C. Babbitt,en,indian_babbitt_more_en,002,,THE THREE FISHES,corpus/indian_babbitt_more_en/002_the-three-fishes.html,"Gutenberg #7518 (More Jataka Tales, 1922)"
indian_babbitt_more_en:003,Ellen C. Babbitt,en,indian_babbitt_more_en,003,,THE TRICKY WOLF AND THE RATS,corpus/indian_babbitt_more_en/003_the-tricky-wolf-and-the-rats.html,"Gutenberg #7518 (More Jataka Tales, 1922)"
indian_babbitt_more_en:004,Ellen C. Babbitt,en,indian_babbitt_more_en,004,,"THE WOODPECKER, TURTLE, AND DEER",corpus/indian_babbitt_more_en/004_the-woodpecker-turtle-and-deer.html,"Gutenberg #7518 (More Jataka Tales, 1922)"
indian_babbitt_more_en:005,Ellen C. Babbitt,en,indian_babbitt_more_en,005,,THE GOLDEN GOOSE,corpus/indian_babbitt_more_en/005_the-golden-goose.html,"Gutenberg #7518 (More Jataka Tales, 1922)"
indian_babbitt_more_en:006,Ellen C. Babbitt,en,indian_babbitt_more_en,006,,THE STUPID MONKEYS,corpus/indian_babbitt_more_en/006_the-stupid-monkeys.html,"Gutenberg #7518 (More Jataka Tales, 1922)"
indian_babbitt_more_en:007,Ellen C. Babbitt,en,indian_babbitt_more_en,007,,THE CUNNING WOLF,corpus/indian_babbitt_more_en/007_the-cunning-wolf.html,"Gutenberg #7518 (More Jataka Tales, 1922)"
indian_babbitt_more_en:008,Ellen C. Babbitt,en,indian_babbitt_more_en,008,,THE PENNY-WISE MONKEY,corpus/indian_babbitt_more_en/008_the-penny-wise-monkey.html,"Gutenberg #7518 (More Jataka Tales, 1922)"
indian_babbitt_more_en:009,Ellen C. Babbitt,en,indian_babbitt_more_en,009,,THE RED-BUD TREE,corpus/indian_babbitt_more_en/009_the-red-bud-tree.html,"Gutenberg #7518 (More Jataka Tales, 1922)"
indian_babbitt_more_en:010,Ellen C. Babbitt,en,indian_babbitt_more_en,010,,THE WOODPECKER AND THE LION,corpus/indian_babbitt_more_en/010_the-woodpecker-and-the-lion.html,"Gutenberg #7518 (More Jataka Tales, 1922)"
indian_babbitt_more_en:011,Ellen C. Babbitt,en,indian_babbitt_more_en,011,,THE OTTERS AND THE WOLF,corpus/indian_babbitt_more_en/011_the-otters-and-the-wolf.html,"Gutenberg #7518 (More Jataka Tales, 1922)"
indian_babbitt_more_en:012,Ellen C. Babbitt,en,indian_babbitt_more_en,012,,HOW THE MONKEY SAVED HIS TROOP,corpus/indian_babbitt_more_en/012_how-the-monkey-saved-his-troop.html,"Gutenberg #7518 (More Jataka Tales, 1922)"
indian_babbitt_more_en:013,Ellen C. Babbitt,en,indian_babbitt_more_en,013,,THE HAWKS AND THEIR FRIENDS,corpus/indian_babbitt_more_en/013_the-hawks-and-their-friends.html,"Gutenberg #7518 (More Jataka Tales, 1922)"
indian_babbitt_more_en:014,Ellen C. Babbitt,en,indian_babbitt_more_en,014,,THE BRAVE LITTLE BOWMAN,corpus/indian_babbitt_more_en/014_the-brave-little-bowman.html,"Gutenberg #7518 (More Jataka Tales, 1922)"
indian_babbitt_more_en:015,Ellen C. Babbitt,en,indian_babbitt_more_en,015,,THE FOOLHARDY WOLF,corpus/indian_babbitt_more_en/015_the-foolhardy-wolf.html,"Gutenberg #7518 (More Jataka Tales, 1922)"
indian_babbitt_more_en:016,Ellen C. Babbitt,en,indian_babbitt_more_en,016,,THE STOLEN PLOW,corpus/indian_babbitt_more_en/016_the-stolen-plow.html,"Gutenberg #7518 (More Jataka Tales, 1922)"
indian_babbitt_more_en:017,Ellen C. Babbitt,en,indian_babbitt_more_en,017,,THE LION IN BAD COMPANY,corpus/indian_babbitt_more_en/017_the-lion-in-bad-company.html,"Gutenberg #7518 (More Jataka Tales, 1922)"
indian_babbitt_more_en:018,Ellen C. Babbitt,en,indian_babbitt_more_en,018,,THE WISE GOAT AND THE WOLF,corpus/indian_babbitt_more_en/018_the-wise-goat-and-the-wolf.html,"Gutenberg #7518 (More Jataka Tales, 1922)"
indian_babbitt_more_en:019,Ellen C. Babbitt,en,indian_babbitt_more_en,019,,PRINCE WICKED AND THE GRATEFUL ANIMALS,corpus/indian_babbitt_more_en/019_prince-wicked-and-the-grateful-animals.html,"Gutenberg #7518 (More Jataka Tales, 1922)"
indian_babbitt_more_en:020,Ellen C. Babbitt,en,indian_babbitt_more_en,020,,BEAUTY AND BROWNIE,corpus/indian_babbitt_more_en/020_beauty-and-brownie.html,"Gutenberg #7518 (More Jataka Tales, 1922)"
indian_babbitt_more_en:021,Ellen C. Babbitt,en,indian_babbitt_more_en,021,,THE ELEPHANT AND THE DOG,corpus/indian_babbitt_more_en/021_the-elephant-and-the-dog.html,"Gutenberg #7518 (More Jataka Tales, 1922)"
indian_stokes_en:001,Maive Stokes,en,indian_stokes_en,001,,Barber Him and the Tigers,corpus/indian_stokes_en/001_barber-him-and-the-tigers.html,"Wikisource — Indian Fairy Tales (Stokes, 1879)"
indian_stokes_en:002,Maive Stokes,en,indian_stokes_en,002,,Brave Hiralalbasa,corpus/indian_stokes_en/002_brave-hiralalbasa.html,"Wikisource — Indian Fairy Tales (Stokes, 1879)"
indian_stokes_en:003,Maive Stokes,en,indian_stokes_en,003,,"Phulmatti Rani, or the Flower Lady",corpus/indian_stokes_en/003_phulmatti-rani-or-the-flower-lady.html,"Wikisource — Indian Fairy Tales (Stokes, 1879)"
indian_stokes_en:004,Maive Stokes,en,indian_stokes_en,004,,The Bed,corpus/indian_stokes_en/004_the-bed.html,"Wikisource — Indian Fairy Tales (Stokes, 1879)"
indian_stokes_en:005,Maive Stokes,en,indian_stokes_en,005,,The Bulbul and the Cotton-tree,corpus/indian_stokes_en/005_the-bulbul-and-the-cotton-tree.html,"Wikisource — Indian Fairy Tales (Stokes, 1879)"
indian_stokes_en:006,Maive Stokes,en,indian_stokes_en,006,,The Cat and the Dog,corpus/indian_stokes_en/006_the-cat-and-the-dog.html,"Wikisource — Indian Fairy Tales (Stokes, 1879)"
indian_stokes_en:007,Maive Stokes,en,indian_stokes_en,007,,The Cat which could not be killed,corpus/indian_stokes_en/007_the-cat-which-could-not-be-killed.html,"Wikisource — Indian Fairy Tales (Stokes, 1879)"
indian_stokes_en:008,Maive Stokes,en,indian_stokes_en,008,,The Demon is at last conquered by the King's Son,corpus/indian_stokes_en/008_the-demon-is-at-last-conquered-by-the-kings-son.html,"Wikisource — Indian Fairy Tales (Stokes, 1879)"
indian_stokes_en:009,Maive Stokes,en,indian_stokes_en,009,,The Jackal and the Kite,corpus/indian_stokes_en/009_the-jackal-and-the-kite.html,"Wikisource — Indian Fairy Tales (Stokes, 1879)"
indian_stokes_en:010,Maive Stokes,en,indian_stokes_en,010,,The Monkey Prince,corpus/indian_stokes_en/010_the-monkey-prince.html,"Wikisource — Indian Fairy Tales (Stokes, 1879)"
indian_stokes_en:011,Maive Stokes,en,indian_stokes_en,011,,The Pomegranate King,corpus/indian_stokes_en/011_the-pomegranate-king.html,"Wikisource — Indian Fairy Tales (Stokes, 1879)"
indian_stokes_en:012,Maive Stokes,en,indian_stokes_en,012,,The Princess who loved her Father like Salt,corpus/indian_stokes_en/012_the-princess-who-loved-her-father-like-salt.html,"Wikisource — Indian Fairy Tales (Stokes, 1879)"
indian_stokes_en:013,Maive Stokes,en,indian_stokes_en,013,,The Story of Foolish Sachuli,corpus/indian_stokes_en/013_the-story-of-foolish-sachuli.html,"Wikisource — Indian Fairy Tales (Stokes, 1879)"
indian_stokes_en:014,Maive Stokes,en,indian_stokes_en,014,,The Voracious Frog,corpus/indian_stokes_en/014_the-voracious-frog.html,"Wikisource — Indian Fairy Tales (Stokes, 1879)"
indian_deccan_nursery_en:001,C. A. Kincaid,en,indian_deccan_nursery_en,001,,The Sunday Story,corpus/indian_deccan_nursery_en/001_the-sunday-story.html,"Gutenberg #11167 (Deccan Nursery Tales, 1914)"
indian_deccan_nursery_en:002,C. A. Kincaid,en,indian_deccan_nursery_en,002,,The Monday Story,corpus/indian_deccan_nursery_en/002_the-monday-story.html,"Gutenberg #11167 (Deccan Nursery Tales, 1914)"
indian_deccan_nursery_en:003,C. A. Kincaid,en,indian_deccan_nursery_en,003,,The Tuesday Story,corpus/indian_deccan_nursery_en/003_the-tuesday-story.html,"Gutenberg #11167 (Deccan Nursery Tales, 1914)"
indian_deccan_nursery_en:004,C. A. Kincaid,en,indian_deccan_nursery_en,004,,The Wednesday and Thursday Story,corpus/indian_deccan_nursery_en/004_the-wednesday-and-thursday-story.html,"Gutenberg #11167 (Deccan Nursery Tales, 1914)"
indian_deccan_nursery_en:005,C. A. Kincaid,en,indian_deccan_nursery_en,005,,The Friday Story,corpus/indian_deccan_nursery_en/005_the-friday-story.html,"Gutenberg #11167 (Deccan Nursery Tales, 1914)"
indian_deccan_nursery_en:006,C. A. Kincaid,en,indian_deccan_nursery_en,006,,The Saturday Story,corpus/indian_deccan_nursery_en/006_the-saturday-story.html,"Gutenberg #11167 (Deccan Nursery Tales, 1914)"
indian_deccan_nursery_en:007,C. A. Kincaid,en,indian_deccan_nursery_en,007,,Mahalaxmi and the Two Queens,corpus/indian_deccan_nursery_en/007_mahalaxmi-and-the-two-queens.html,"Gutenberg #11167 (Deccan Nursery Tales, 1914)"
indian_deccan_nursery_en:008,C. A. Kincaid,en,indian_deccan_nursery_en,008,,The Island Palace,corpus/indian_deccan_nursery_en/008_the-island-palace.html,"Gutenberg #11167 (Deccan Nursery Tales, 1914)"
indian_deccan_nursery_en:009,C. A. Kincaid,en,indian_deccan_nursery_en,009,,"Nagoba, the Snake-King",corpus/indian_deccan_nursery_en/009_nagoba-the-snake-king.html,"Gutenberg #11167 (Deccan Nursery Tales, 1914)"
indian_deccan_nursery_en:010,C. A. Kincaid,en,indian_deccan_nursery_en,010,,Parwati and the Beggar-Man,corpus/indian_deccan_nursery_en/010_parwati-and-the-beggar-man.html,"Gutenberg #11167 (Deccan Nursery Tales, 1914)"
indian_deccan_nursery_en:011,C. A. Kincaid,en,indian_deccan_nursery_en,011,,Parwati and the Brahman,corpus/indian_deccan_nursery_en/011_parwati-and-the-brahman.html,"Gutenberg #11167 (Deccan Nursery Tales, 1914)"
indian_deccan_nursery_en:012,C. A. Kincaid,en,indian_deccan_nursery_en,012,,"Soma, the Washerwoman",corpus/indian_deccan_nursery_en/012_soma-the-washerwoman.html,"Gutenberg #11167 (Deccan Nursery Tales, 1914)"
indian_deccan_nursery_en:013,C. A. Kincaid,en,indian_deccan_nursery_en,013,,Vasishta and the Four Queens,corpus/indian_deccan_nursery_en/013_vasishta-and-the-four-queens.html,"Gutenberg #11167 (Deccan Nursery Tales, 1914)"
indian_deccan_nursery_en:014,C. A. Kincaid,en,indian_deccan_nursery_en,014,,The Lamps and the King’s Daughter-in-Law,corpus/indian_deccan_nursery_en/014_the-lamps-and-the-kings-daughter-in-law.html,"Gutenberg #11167 (Deccan Nursery Tales, 1914)"
indian_deccan_nursery_en:015,C. A. Kincaid,en,indian_deccan_nursery_en,015,,Parwati and the Priest,corpus/indian_deccan_nursery_en/015_parwati-and-the-priest.html,"Gutenberg #11167 (Deccan Nursery Tales, 1914)"
indian_deccan_nursery_en:016,C. A. Kincaid,en,indian_deccan_nursery_en,016,,The Rishi and the Brahman,corpus/indian_deccan_nursery_en/016_the-rishi-and-the-brahman.html,"Gutenberg #11167 (Deccan Nursery Tales, 1914)"
indian_deccan_nursery_en:017,C. A. Kincaid,en,indian_deccan_nursery_en,017,,The King and the Water-Goddesses,corpus/indian_deccan_nursery_en/017_the-king-and-the-water-goddesses.html,"Gutenberg #11167 (Deccan Nursery Tales, 1914)"
indian_deccan_nursery_en:018,C. A. Kincaid,en,indian_deccan_nursery_en,018,,The Lid of the Sacred Casket,corpus/indian_deccan_nursery_en/018_the-lid-of-the-sacred-casket.html,"Gutenberg #11167 (Deccan Nursery Tales, 1914)"
indian_deccan_nursery_en:019,C. A. Kincaid,en,indian_deccan_nursery_en,019,,The Brahman Wife and Her Seven Sons,corpus/indian_deccan_nursery_en/019_the-brahman-wife-and-her-seven-sons.html,"Gutenberg #11167 (Deccan Nursery Tales, 1914)"
indian_deccan_nursery_en:020,C. A. Kincaid,en,indian_deccan_nursery_en,020,,The Golden Temple,corpus/indian_deccan_nursery_en/020_the-golden-temple.html,"Gutenberg #11167 (Deccan Nursery Tales, 1914)"
indian_hindu_sanskrit_en:001,S. M. Mitra & Mrs. Arthur Bell,en,indian_hindu_sanskrit_en,001,,The Magic Pitcher.,corpus/indian_hindu_sanskrit_en/001_the-magic-pitcher.html,"Gutenberg #11310 (Hindu Tales from the Sanskrit, 1919)"
indian_hindu_sanskrit_en:002,S. M. Mitra & Mrs. Arthur Bell,en,indian_hindu_sanskrit_en,002,,"The Story of a Cat, a Mouse, a Lizard and an Owl.",corpus/indian_hindu_sanskrit_en/002_the-story-of-a-cat-a-mouse-a-lizard-and-an-owl.html,"Gutenberg #11310 (Hindu Tales from the Sanskrit, 1919)"
indian_hindu_sanskrit_en:003,S. M. Mitra & Mrs. Arthur Bell,en,indian_hindu_sanskrit_en,003,,A Royal Thief-Catcher.,corpus/indian_hindu_sanskrit_en/003_a-royal-thief-catcher.html,"Gutenberg #11310 (Hindu Tales from the Sanskrit, 1919)"
indian_hindu_sanskrit_en:004,S. M. Mitra & Mrs. Arthur Bell,en,indian_hindu_sanskrit_en,004,,The Magic Shoes and Staff.,corpus/indian_hindu_sanskrit_en/004_the-magic-shoes-and-staff.html,"Gutenberg #11310 (Hindu Tales from the Sanskrit, 1919)"
indian_hindu_sanskrit_en:005,S. M. Mitra & Mrs. Arthur Bell,en,indian_hindu_sanskrit_en,005,,The Jewelled Arrow.,corpus/indian_hindu_sanskrit_en/005_the-jewelled-arrow.html,"Gutenberg #11310 (Hindu Tales from the Sanskrit, 1919)"
indian_hindu_sanskrit_en:006,S. M. Mitra & Mrs. Arthur Bell,en,indian_hindu_sanskrit_en,006,,The Beetle and the Silken Thread.[2],corpus/indian_hindu_sanskrit_en/006_the-beetle-and-the-silken-thread-2.html,"Gutenberg #11310 (Hindu Tales from the Sanskrit, 1919)"
indian_hindu_sanskrit_en:007,S. M. Mitra & Mrs. Arthur Bell,en,indian_hindu_sanskrit_en,007,,A Crow and His Three Friends,corpus/indian_hindu_sanskrit_en/007_a-crow-and-his-three-friends.html,"Gutenberg #11310 (Hindu Tales from the Sanskrit, 1919)"
indian_hindu_sanskrit_en:008,S. M. Mitra & Mrs. Arthur Bell,en,indian_hindu_sanskrit_en,008,,A Clever Thief.,corpus/indian_hindu_sanskrit_en/008_a-clever-thief.html,"Gutenberg #11310 (Hindu Tales from the Sanskrit, 1919)"
indian_hindu_sanskrit_en:009,S. M. Mitra & Mrs. Arthur Bell,en,indian_hindu_sanskrit_en,009,,The Hermit’s Daughter.,corpus/indian_hindu_sanskrit_en/009_the-hermits-daughter.html,"Gutenberg #11310 (Hindu Tales from the Sanskrit, 1919)"
indian_magic_bed_en:002,Hartwell James,en,indian_magic_bed_en,002,,The Magic Bed,corpus/indian_magic_bed_en/002_the-magic-bed.html,"Gutenberg #37708 (The Magic Bed: East Indian Fairy-Tales, 1906)"
indian_magic_bed_en:004,Hartwell James,en,indian_magic_bed_en,004,,The Wise Jackal,corpus/indian_magic_bed_en/004_the-wise-jackal.html,"Gutenberg #37708 (The Magic Bed: East Indian Fairy-Tales, 1906)"
indian_magic_bed_en:006,Hartwell James,en,indian_magic_bed_en,006,,The Four Brothers,corpus/indian_magic_bed_en/006_the-four-brothers.html,"Gutenberg #37708 (The Magic Bed: East Indian Fairy-Tales, 1906)"
indian_magic_bed_en:008,Hartwell James,en,indian_magic_bed_en,008,,The Fish Prince,corpus/indian_magic_bed_en/008_the-fish-prince.html,"Gutenberg #37708 (The Magic Bed: East Indian Fairy-Tales, 1906)"
indian_magic_bed_en:010,Hartwell James,en,indian_magic_bed_en,010,,The Talking Turtle,corpus/indian_magic_bed_en/010_the-talking-turtle.html,"Gutenberg #37708 (The Magic Bed: East Indian Fairy-Tales, 1906)"
indian_vikram_en:001,Richard F. Burton,en,indian_vikram_en,001,,THE VAMPIRE’S FIRST STORY — In which a man deceives a woman.,corpus/indian_vikram_en/001_the-vampires-first-story-in-which-a-man-deceives-a-woman.html,"Gutenberg #2400 (Vikram and the Vampire, 1870)"
indian_vikram_en:002,Richard F. Burton,en,indian_vikram_en,002,,THE VAMPIRE’S SECOND STORY — Of the Relative Villany of Men and Women.,corpus/indian_vikram_en/002_the-vampires-second-story-of-the-relative-villany-of-men-and-women.html,"Gutenberg #2400 (Vikram and the Vampire, 1870)"
indian_vikram_en:003,Richard F. Burton,en,indian_vikram_en,003,,THE VAMPIRE’S THIRD STORY — Of a High-minded Family.,corpus/indian_vikram_en/003_the-vampires-third-story-of-a-high-minded-family.html,"Gutenberg #2400 (Vikram and the Vampire, 1870)"
indian_vikram_en:004,Richard F. Burton,en,indian_vikram_en,004,,THE VAMPIRE’S FOURTH STORY — Of A Woman Who Told The Truth.,corpus/indian_vikram_en/004_the-vampires-fourth-story-of-a-woman-who-told-the-truth.html,"Gutenberg #2400 (Vikram and the Vampire, 1870)"
indian_vikram_en:005,Richard F. Burton,en,indian_vikram_en,005,,THE VAMPIRE’S FIFTH STORY — Of the Thief Who Laughed and Wept.,corpus/indian_vikram_en/005_the-vampires-fifth-story-of-the-thief-who-laughed-and-wept.html,"Gutenberg #2400 (Vikram and the Vampire, 1870)"
indian_vikram_en:006,Richard F. Burton,en,indian_vikram_en,006,,THE VAMPIRE’S SIXTH STORY — In Which Three Men Dispute about a Woman.,corpus/indian_vikram_en/006_the-vampires-sixth-story-in-which-three-men-dispute-about-a-woman.html,"Gutenberg #2400 (Vikram and the Vampire, 1870)"
indian_vikram_en:007,Richard F. Burton,en,indian_vikram_en,007,,THE VAMPIRE’S SEVENTH STORY — Showing the Exceeding Folly of Many Wise Fools.,corpus/indian_vikram_en/007_the-vampires-seventh-story-showing-the-exceeding-folly-of-many-wise-fools.html,"Gutenberg #2400 (Vikram and the Vampire, 1870)"
indian_vikram_en:008,Richard F. Burton,en,indian_vikram_en,008,,THE VAMPIRE’S EIGHTH STORY — Of the Use and Misuse of Magic Pills.,corpus/indian_vikram_en/008_the-vampires-eighth-story-of-the-use-and-misuse-of-magic-pills.html,"Gutenberg #2400 (Vikram and the Vampire, 1870)"
indian_vikram_en:009,Richard F. Burton,en,indian_vikram_en,009,,THE VAMPIRE’S NINTH STORY — Showing That a Man’s Wife Belongs Not to His Body but to His Head.,corpus/indian_vikram_en/009_the-vampires-ninth-story-showing-that-a-mans-wife-belongs-not-to-his-body-but-to.html,"Gutenberg #2400 (Vikram and the Vampire, 1870)"
indian_vikram_en:010,Richard F. Burton,en,indian_vikram_en,010,,THE VAMPIRE’S TENTH STORY [168] — Of the Marvellous Delicacy of Three Queens.,corpus/indian_vikram_en/010_the-vampires-tenth-story-168-of-the-marvellous-delicacy-of-three-queens.html,"Gutenberg #2400 (Vikram and the Vampire, 1870)"
indian_vikram_en:011,Richard F. Burton,en,indian_vikram_en,011,,THE VAMPIRE’S ELEVENTH STORY — Which Puzzles Raja Vikram.,corpus/indian_vikram_en/011_the-vampires-eleventh-story-which-puzzles-raja-vikram.html,"Gutenberg #2400 (Vikram and the Vampire, 1870)"
indian_goblins_en:001,Arthur W. Ryder,en,indian_goblins_en,001,,INTRODUCTION,corpus/indian_goblins_en/001_introduction.html,"Gutenberg #2290 (Twenty-Two Goblins, 1917)"
indian_goblins_en:002,Arthur W. Ryder,en,indian_goblins_en,002,,The Prince's Elopement (Goblin 1),corpus/indian_goblins_en/002_the-princes-elopement-goblin-1.html,"Gutenberg #2290 (Twenty-Two Goblins, 1917)"
indian_goblins_en:003,Arthur W. Ryder,en,indian_goblins_en,003,,The Three Lovers who brought the Dead Girl to Life (Goblin 2),corpus/indian_goblins_en/003_the-three-lovers-who-brought-the-dead-girl-to-life-goblin-2.html,"Gutenberg #2290 (Twenty-Two Goblins, 1917)"
indian_goblins_en:004,Arthur W. Ryder,en,indian_goblins_en,004,,The Parrot and the Thrush (Goblin 3),corpus/indian_goblins_en/004_the-parrot-and-the-thrush-goblin-3.html,"Gutenberg #2290 (Twenty-Two Goblins, 1917)"
indian_goblins_en:005,Arthur W. Ryder,en,indian_goblins_en,005,,King Shudraka and Hero's Family (Goblin 4),corpus/indian_goblins_en/005_king-shudraka-and-heros-family-goblin-4.html,"Gutenberg #2290 (Twenty-Two Goblins, 1917)"
indian_goblins_en:006,Arthur W. Ryder,en,indian_goblins_en,006,,"The Brave Man, the Wise Man, and the Clever Man (Goblin 5)",corpus/indian_goblins_en/006_the-brave-man-the-wise-man-and-the-clever-man-goblin-5.html,"Gutenberg #2290 (Twenty-Two Goblins, 1917)"
indian_goblins_en:007,Arthur W. Ryder,en,indian_goblins_en,007,,The Girl who transposed the Heads of her Husband and Brother (Goblin 6),corpus/indian_goblins_en/007_the-girl-who-transposed-the-heads-of-her-husband-and-brother-goblin-6.html,"Gutenberg #2290 (Twenty-Two Goblins, 1917)"
indian_goblins_en:008,Arthur W. Ryder,en,indian_goblins_en,008,,The Mutual Services of King Fierce-lion and Prince Good (Goblin 7),corpus/indian_goblins_en/008_the-mutual-services-of-king-fierce-lion-and-prince-good-goblin-7.html,"Gutenberg #2290 (Twenty-Two Goblins, 1917)"
indian_goblins_en:009,Arthur W. Ryder,en,indian_goblins_en,009,,"The Specialist in Food, the Specialist in Women, and the Specialist in Cotton (Goblin 8)",corpus/indian_goblins_en/009_the-specialist-in-food-the-specialist-in-women-and-the-specialist-in-cotton-gobl.html,"Gutenberg #2290 (Twenty-Two Goblins, 1917)"
indian_goblins_en:010,Arthur W. Ryder,en,indian_goblins_en,010,,The Four Scientific Suitors (Goblin 9),corpus/indian_goblins_en/010_the-four-scientific-suitors-goblin-9.html,"Gutenberg #2290 (Twenty-Two Goblins, 1917)"
indian_goblins_en:011,Arthur W. Ryder,en,indian_goblins_en,011,,The Three Delicate Wives of King Virtue-banner (Goblin 10),corpus/indian_goblins_en/011_the-three-delicate-wives-of-king-virtue-banner-goblin-10.html,"Gutenberg #2290 (Twenty-Two Goblins, 1917)"
indian_goblins_en:012,Arthur W. Ryder,en,indian_goblins_en,012,,The King who won a Fairy as his Wife (Goblin 11),corpus/indian_goblins_en/012_the-king-who-won-a-fairy-as-his-wife-goblin-11.html,"Gutenberg #2290 (Twenty-Two Goblins, 1917)"
indian_goblins_en:013,Arthur W. Ryder,en,indian_goblins_en,013,,The Brahman who died because Poison from a Snake in the Claws of a Hawk fell into a Dish of Food given him by a Charitable Woman (Goblin 12),corpus/indian_goblins_en/013_the-brahman-who-died-because-poison-from-a-snake-in-the-claws-of-a-hawk-fell-int.html,"Gutenberg #2290 (Twenty-Two Goblins, 1917)"
indian_goblins_en:014,Arthur W. Ryder,en,indian_goblins_en,014,,The Girl who showed Great Devotion to the Thief (Goblin 13),corpus/indian_goblins_en/014_the-girl-who-showed-great-devotion-to-the-thief-goblin-13.html,"Gutenberg #2290 (Twenty-Two Goblins, 1917)"
indian_goblins_en:015,Arthur W. Ryder,en,indian_goblins_en,015,,The Man who changed into a Woman at Will (Goblin 14),corpus/indian_goblins_en/015_the-man-who-changed-into-a-woman-at-will-goblin-14.html,"Gutenberg #2290 (Twenty-Two Goblins, 1917)"
indian_goblins_en:016,Arthur W. Ryder,en,indian_goblins_en,016,,The Fairy Prince Cloud-chariot and the Serpent Shell-crest (Goblin 15),corpus/indian_goblins_en/016_the-fairy-prince-cloud-chariot-and-the-serpent-shell-crest-goblin-15.html,"Gutenberg #2290 (Twenty-Two Goblins, 1917)"
indian_goblins_en:017,Arthur W. Ryder,en,indian_goblins_en,017,,The King who died for Love of his General's Wife; the General follows him in Death (Goblin 16),corpus/indian_goblins_en/017_the-king-who-died-for-love-of-his-generals-wife-the-general-follows-him-in-death.html,"Gutenberg #2290 (Twenty-Two Goblins, 1917)"
indian_goblins_en:018,Arthur W. Ryder,en,indian_goblins_en,018,,The Youth who went through the Proper Ceremonies (Goblin 17),corpus/indian_goblins_en/018_the-youth-who-went-through-the-proper-ceremonies-goblin-17.html,"Gutenberg #2290 (Twenty-Two Goblins, 1917)"
indian_goblins_en:019,Arthur W. Ryder,en,indian_goblins_en,019,,"The Boy whom his Parents, the King, and the Giant conspired to Kill (Goblin 18)",corpus/indian_goblins_en/019_the-boy-whom-his-parents-the-king-and-the-giant-conspired-to-kill-goblin-18.html,"Gutenberg #2290 (Twenty-Two Goblins, 1917)"
indian_goblins_en:020,Arthur W. Ryder,en,indian_goblins_en,020,,"The Man, his Wife, and her Lover, who all died for Love (Goblin 19)",corpus/indian_goblins_en/020_the-man-his-wife-and-her-lover-who-all-died-for-love-goblin-19.html,"Gutenberg #2290 (Twenty-Two Goblins, 1917)"
indian_goblins_en:021,Arthur W. Ryder,en,indian_goblins_en,021,,The Four Brothers who brought a Dead Lion to Life (Goblin 20),corpus/indian_goblins_en/021_the-four-brothers-who-brought-a-dead-lion-to-life-goblin-20.html,"Gutenberg #2290 (Twenty-Two Goblins, 1917)"
indian_goblins_en:022,Arthur W. Ryder,en,indian_goblins_en,022,,The Old Hermit who exchanged his Body for that of the Dead Boy (Goblin 21),corpus/indian_goblins_en/022_the-old-hermit-who-exchanged-his-body-for-that-of-the-dead-boy-goblin-21.html,"Gutenberg #2290 (Twenty-Two Goblins, 1917)"
indian_goblins_en:023,Arthur W. Ryder,en,indian_goblins_en,023,,The Father and Son who married Daughter and Mother (Goblin 22),corpus/indian_goblins_en/023_the-father-and-son-who-married-daughter-and-mother-goblin-22.html,"Gutenberg #2290 (Twenty-Two Goblins, 1917)"
indian_goblins_en:024,Arthur W. Ryder,en,indian_goblins_en,024,,CONCLUSION,corpus/indian_goblins_en/024_conclusion.html,"Gutenberg #2290 (Twenty-Two Goblins, 1917)"
indian_tibetan_en:001,F. A. von Schiefner & W. R. S. Ralston,en,indian_tibetan_en,001,,KING MĀNDHĀTAR,corpus/indian_tibetan_en/001_king-m-ndh-tar.html,"Gutenberg #66870 (Tibetan Tales, Derived from Indian Sources, 1882)"
indian_tibetan_en:002,F. A. von Schiefner & W. R. S. Ralston,en,indian_tibetan_en,002,,KUŚA JĀTAKA,corpus/indian_tibetan_en/002_ku-a-j-taka.html,"Gutenberg #66870 (Tibetan Tales, Derived from Indian Sources, 1882)"
indian_tibetan_en:003,F. A. von Schiefner & W. R. S. Ralston,en,indian_tibetan_en,003,,ĀDARŚAMUKHA,corpus/indian_tibetan_en/003_dar-amukha.html,"Gutenberg #66870 (Tibetan Tales, Derived from Indian Sources, 1882)"
indian_tibetan_en:004,F. A. von Schiefner & W. R. S. Ralston,en,indian_tibetan_en,004,,THE CLEVER THIEF,corpus/indian_tibetan_en/004_the-clever-thief.html,"Gutenberg #66870 (Tibetan Tales, Derived from Indian Sources, 1882)"
indian_tibetan_en:005,F. A. von Schiefner & W. R. S. Ralston,en,indian_tibetan_en,005,,SUDHANA AVADĀNA,corpus/indian_tibetan_en/005_sudhana-avad-na.html,"Gutenberg #66870 (Tibetan Tales, Derived from Indian Sources, 1882)"
indian_tibetan_en:006,F. A. von Schiefner & W. R. S. Ralston,en,indian_tibetan_en,006,,PRINCE JĪVAKA AS THE KING OF PHYSICIANS,corpus/indian_tibetan_en/006_prince-j-vaka-as-the-king-of-physicians.html,"Gutenberg #66870 (Tibetan Tales, Derived from Indian Sources, 1882)"
indian_tibetan_en:007,F. A. von Schiefner & W. R. S. Ralston,en,indian_tibetan_en,007,,VIŚĀKHĀ,corpus/indian_tibetan_en/007_vi-kh.html,"Gutenberg #66870 (Tibetan Tales, Derived from Indian Sources, 1882)"
indian_tibetan_en:008,F. A. von Schiefner & W. R. S. Ralston,en,indian_tibetan_en,008,,MAHAUSHADHA AND VIŚĀKHĀ,corpus/indian_tibetan_en/008_mahaushadha-and-vi-kh.html,"Gutenberg #66870 (Tibetan Tales, Derived from Indian Sources, 1882)"
indian_tibetan_en:009,F. A. von Schiefner & W. R. S. Ralston,en,indian_tibetan_en,009,,MAHĀKĀŚYAPA AND BHADRĀ,corpus/indian_tibetan_en/009_mah-k-yapa-and-bhadr.html,"Gutenberg #66870 (Tibetan Tales, Derived from Indian Sources, 1882)"
indian_tibetan_en:010,F. A. von Schiefner & W. R. S. Ralston,en,indian_tibetan_en,010,,UTPALAVARṆĀ,corpus/indian_tibetan_en/010_utpalavar.html,"Gutenberg #66870 (Tibetan Tales, Derived from Indian Sources, 1882)"
indian_tibetan_en:011,F. A. von Schiefner & W. R. S. Ralston,en,indian_tibetan_en,011,,KṚIŚĀ GAUTAMĪ,corpus/indian_tibetan_en/011_k-i-gautam.html,"Gutenberg #66870 (Tibetan Tales, Derived from Indian Sources, 1882)"
indian_tibetan_en:012,F. A. von Schiefner & W. R. S. Ralston,en,indian_tibetan_en,012,,SUŚROṆĪ,corpus/indian_tibetan_en/012_su-ro.html,"Gutenberg #66870 (Tibetan Tales, Derived from Indian Sources, 1882)"
indian_tibetan_en:013,F. A. von Schiefner & W. R. S. Ralston,en,indian_tibetan_en,013,,THE OVER-REACHED ACTOR,corpus/indian_tibetan_en/013_the-over-reached-actor.html,"Gutenberg #66870 (Tibetan Tales, Derived from Indian Sources, 1882)"
indian_tibetan_en:014,F. A. von Schiefner & W. R. S. Ralston,en,indian_tibetan_en,014,,THE DUMB CRIPPLE,corpus/indian_tibetan_en/014_the-dumb-cripple.html,"Gutenberg #66870 (Tibetan Tales, Derived from Indian Sources, 1882)"
indian_tibetan_en:015,F. A. von Schiefner & W. R. S. Ralston,en,indian_tibetan_en,015,,ṚSHYAŚRINGA,corpus/indian_tibetan_en/015_shya-ringa.html,"Gutenberg #66870 (Tibetan Tales, Derived from Indian Sources, 1882)"
indian_tibetan_en:016,F. A. von Schiefner & W. R. S. Ralston,en,indian_tibetan_en,016,,VIŚVAṆTARA,corpus/indian_tibetan_en/016_vi-va-tara.html,"Gutenberg #66870 (Tibetan Tales, Derived from Indian Sources, 1882)"
indian_tibetan_en:017,F. A. von Schiefner & W. R. S. Ralston,en,indian_tibetan_en,017,,THE FULFILLED PROPHECY,corpus/indian_tibetan_en/017_the-fulfilled-prophecy.html,"Gutenberg #66870 (Tibetan Tales, Derived from Indian Sources, 1882)"
indian_tibetan_en:018,F. A. von Schiefner & W. R. S. Ralston,en,indian_tibetan_en,018,,THE TWO BROTHERS,corpus/indian_tibetan_en/018_the-two-brothers.html,"Gutenberg #66870 (Tibetan Tales, Derived from Indian Sources, 1882)"
indian_tibetan_en:019,F. A. von Schiefner & W. R. S. Ralston,en,indian_tibetan_en,019,,THE PUNISHMENT OF AVARICE,corpus/indian_tibetan_en/019_the-punishment-of-avarice.html,"Gutenberg #66870 (Tibetan Tales, Derived from Indian Sources, 1882)"
indian_tibetan_en:020,F. A. von Schiefner & W. R. S. Ralston,en,indian_tibetan_en,020,,THE MAGICIAN’S PUPIL,corpus/indian_tibetan_en/020_the-magicians-pupil.html,"Gutenberg #66870 (Tibetan Tales, Derived from Indian Sources, 1882)"
indian_tibetan_en:021,F. A. von Schiefner & W. R. S. Ralston,en,indian_tibetan_en,021,,HOW A WOMAN REQUITES LOVE,corpus/indian_tibetan_en/021_how-a-woman-requites-love.html,"Gutenberg #66870 (Tibetan Tales, Derived from Indian Sources, 1882)"
indian_tibetan_en:022,F. A. von Schiefner & W. R. S. Ralston,en,indian_tibetan_en,022,,THE FLIGHT OF THE BEASTS,corpus/indian_tibetan_en/022_the-flight-of-the-beasts.html,"Gutenberg #66870 (Tibetan Tales, Derived from Indian Sources, 1882)"
indian_tibetan_en:023,F. A. von Schiefner & W. R. S. Ralston,en,indian_tibetan_en,023,,THE FIVE LOVERS,corpus/indian_tibetan_en/023_the-five-lovers.html,"Gutenberg #66870 (Tibetan Tales, Derived from Indian Sources, 1882)"
indian_tibetan_en:024,F. A. von Schiefner & W. R. S. Ralston,en,indian_tibetan_en,024,,THE VIRTUOUS ANIMALS,corpus/indian_tibetan_en/024_the-virtuous-animals.html,"Gutenberg #66870 (Tibetan Tales, Derived from Indian Sources, 1882)"
indian_tibetan_en:025,F. A. von Schiefner & W. R. S. Ralston,en,indian_tibetan_en,025,,"THE ICHNEUMON, THE MOUSE, AND THE SNAKE",corpus/indian_tibetan_en/025_the-ichneumon-the-mouse-and-the-snake.html,"Gutenberg #66870 (Tibetan Tales, Derived from Indian Sources, 1882)"
indian_tibetan_en:026,F. A. von Schiefner & W. R. S. Ralston,en,indian_tibetan_en,026,,THE GRATEFUL ANIMALS AND THE UNGRATEFUL MAN,corpus/indian_tibetan_en/026_the-grateful-animals-and-the-ungrateful-man.html,"Gutenberg #66870 (Tibetan Tales, Derived from Indian Sources, 1882)"
indian_tibetan_en:027,F. A. von Schiefner & W. R. S. Ralston,en,indian_tibetan_en,027,,THE UNGRATEFUL LION,corpus/indian_tibetan_en/027_the-ungrateful-lion.html,"Gutenberg #66870 (Tibetan Tales, Derived from Indian Sources, 1882)"
indian_tibetan_en:028,F. A. von Schiefner & W. R. S. Ralston,en,indian_tibetan_en,028,,THE TRICKED ELEPHANT,corpus/indian_tibetan_en/028_the-tricked-elephant.html,"Gutenberg #66870 (Tibetan Tales, Derived from Indian Sources, 1882)"
indian_tibetan_en:029,F. A. von Schiefner & W. R. S. Ralston,en,indian_tibetan_en,029,,THE WOLF AND THE SHEEP,corpus/indian_tibetan_en/029_the-wolf-and-the-sheep.html,"Gutenberg #66870 (Tibetan Tales, Derived from Indian Sources, 1882)"
indian_tibetan_en:030,F. A. von Schiefner & W. R. S. Ralston,en,indian_tibetan_en,030,,OXEN AS WITNESSES,corpus/indian_tibetan_en/030_oxen-as-witnesses.html,"Gutenberg #66870 (Tibetan Tales, Derived from Indian Sources, 1882)"
indian_tibetan_en:031,F. A. von Schiefner & W. R. S. Ralston,en,indian_tibetan_en,031,,THE STUBBORN AND THE WILLING OXEN,corpus/indian_tibetan_en/031_the-stubborn-and-the-willing-oxen.html,"Gutenberg #66870 (Tibetan Tales, Derived from Indian Sources, 1882)"
indian_tibetan_en:032,F. A. von Schiefner & W. R. S. Ralston,en,indian_tibetan_en,032,,THE ASS AS A SINGER,corpus/indian_tibetan_en/032_the-ass-as-a-singer.html,"Gutenberg #66870 (Tibetan Tales, Derived from Indian Sources, 1882)"
indian_tibetan_en:033,F. A. von Schiefner & W. R. S. Ralston,en,indian_tibetan_en,033,,THE JACKAL AS CALUMNIATOR,corpus/indian_tibetan_en/033_the-jackal-as-calumniator.html,"Gutenberg #66870 (Tibetan Tales, Derived from Indian Sources, 1882)"
indian_tibetan_en:034,F. A. von Schiefner & W. R. S. Ralston,en,indian_tibetan_en,034,,THE TWO OTTERS AND THE JACKAL,corpus/indian_tibetan_en/034_the-two-otters-and-the-jackal.html,"Gutenberg #66870 (Tibetan Tales, Derived from Indian Sources, 1882)"
indian_tibetan_en:035,F. A. von Schiefner & W. R. S. Ralston,en,indian_tibetan_en,035,,THE JACKAL SAVES THE LION,corpus/indian_tibetan_en/035_the-jackal-saves-the-lion.html,"Gutenberg #66870 (Tibetan Tales, Derived from Indian Sources, 1882)"
indian_tibetan_en:036,F. A. von Schiefner & W. R. S. Ralston,en,indian_tibetan_en,036,,THE BLUE JACKAL,corpus/indian_tibetan_en/036_the-blue-jackal.html,"Gutenberg #66870 (Tibetan Tales, Derived from Indian Sources, 1882)"
indian_tibetan_en:037,F. A. von Schiefner & W. R. S. Ralston,en,indian_tibetan_en,037,,THE JACKAL HANGED BY THE OX,corpus/indian_tibetan_en/037_the-jackal-hanged-by-the-ox.html,"Gutenberg #66870 (Tibetan Tales, Derived from Indian Sources, 1882)"
indian_tibetan_en:038,F. A. von Schiefner & W. R. S. Ralston,en,indian_tibetan_en,038,,THE JACKAL IN THE ELEPHANT’S FOOTPRINTS,corpus/indian_tibetan_en/038_the-jackal-in-the-elephants-footprints.html,"Gutenberg #66870 (Tibetan Tales, Derived from Indian Sources, 1882)"
indian_tibetan_en:039,F. A. von Schiefner & W. R. S. Ralston,en,indian_tibetan_en,039,,THE GUILTY DOGS,corpus/indian_tibetan_en/039_the-guilty-dogs.html,"Gutenberg #66870 (Tibetan Tales, Derived from Indian Sources, 1882)"
indian_tibetan_en:040,F. A. von Schiefner & W. R. S. Ralston,en,indian_tibetan_en,040,,THE HYPOCRITICAL CAT,corpus/indian_tibetan_en/040_the-hypocritical-cat.html,"Gutenberg #66870 (Tibetan Tales, Derived from Indian Sources, 1882)"
indian_tibetan_en:041,F. A. von Schiefner & W. R. S. Ralston,en,indian_tibetan_en,041,,THE GAZELLE AND THE HUNTER,corpus/indian_tibetan_en/041_the-gazelle-and-the-hunter.html,"Gutenberg #66870 (Tibetan Tales, Derived from Indian Sources, 1882)"
indian_tibetan_en:042,F. A. von Schiefner & W. R. S. Ralston,en,indian_tibetan_en,042,,THE MONKEYS SAVED FROM DEATH,corpus/indian_tibetan_en/042_the-monkeys-saved-from-death.html,"Gutenberg #66870 (Tibetan Tales, Derived from Indian Sources, 1882)"
indian_tibetan_en:043,F. A. von Schiefner & W. R. S. Ralston,en,indian_tibetan_en,043,,INCREDULITY PUNISHED,corpus/indian_tibetan_en/043_incredulity-punished.html,"Gutenberg #66870 (Tibetan Tales, Derived from Indian Sources, 1882)"
indian_tibetan_en:044,F. A. von Schiefner & W. R. S. Ralston,en,indian_tibetan_en,044,,THE WISE AND THE FOOLISH MONKEY CHIEFS,corpus/indian_tibetan_en/044_the-wise-and-the-foolish-monkey-chiefs.html,"Gutenberg #66870 (Tibetan Tales, Derived from Indian Sources, 1882)"
indian_tibetan_en:045,F. A. von Schiefner & W. R. S. Ralston,en,indian_tibetan_en,045,,THE MONKEYS AND THE MOON,corpus/indian_tibetan_en/045_the-monkeys-and-the-moon.html,"Gutenberg #66870 (Tibetan Tales, Derived from Indian Sources, 1882)"
indian_tibetan_en:046,F. A. von Schiefner & W. R. S. Ralston,en,indian_tibetan_en,046,,THE PEACOCK AS BRIDEGROOM,corpus/indian_tibetan_en/046_the-peacock-as-bridegroom.html,"Gutenberg #66870 (Tibetan Tales, Derived from Indian Sources, 1882)"
indian_tibetan_en:047,F. A. von Schiefner & W. R. S. Ralston,en,indian_tibetan_en,047,,THE CROW WITH THE GOLDEN CAP,corpus/indian_tibetan_en/047_the-crow-with-the-golden-cap.html,"Gutenberg #66870 (Tibetan Tales, Derived from Indian Sources, 1882)"
indian_tibetan_en:048,F. A. von Schiefner & W. R. S. Ralston,en,indian_tibetan_en,048,,THE REVENGEFUL CROW,corpus/indian_tibetan_en/048_the-revengeful-crow.html,"Gutenberg #66870 (Tibetan Tales, Derived from Indian Sources, 1882)"
indian_tibetan_en:049,F. A. von Schiefner & W. R. S. Ralston,en,indian_tibetan_en,049,,THE UNITED PHEASANTS,corpus/indian_tibetan_en/049_the-united-pheasants.html,"Gutenberg #66870 (Tibetan Tales, Derived from Indian Sources, 1882)"
indian_tibetan_en:050,F. A. von Schiefner & W. R. S. Ralston,en,indian_tibetan_en,050,,THREE TALES ABOUT ARTISTS,corpus/indian_tibetan_en/050_three-tales-about-artists.html,"Gutenberg #66870 (Tibetan Tales, Derived from Indian Sources, 1882)"
ceylon_parker_v1_en:001,Henry Parker,en,ceylon_parker_v1_en,001,,The Making of the Great Earth,corpus/ceylon_parker_v1_en/001_the-making-of-the-great-earth.html,"Gutenberg #56614 (Village Folk-Tales of Ceylon, Vol. 1, 1910)"
ceylon_parker_v1_en:002,Henry Parker,en,ceylon_parker_v1_en,002,,"The Sun, the Moon, and Great Paddy",corpus/ceylon_parker_v1_en/002_the-sun-the-moon-and-great-paddy.html,"Gutenberg #56614 (Village Folk-Tales of Ceylon, Vol. 1, 1910)"
ceylon_parker_v1_en:003,Henry Parker,en,ceylon_parker_v1_en,003,,The Story of Senasurā,corpus/ceylon_parker_v1_en/003_the-story-of-senasur.html,"Gutenberg #56614 (Village Folk-Tales of Ceylon, Vol. 1, 1910)"
ceylon_parker_v1_en:004,Henry Parker,en,ceylon_parker_v1_en,004,,The Glass Princess,corpus/ceylon_parker_v1_en/004_the-glass-princess.html,"Gutenberg #56614 (Village Folk-Tales of Ceylon, Vol. 1, 1910)"
ceylon_parker_v1_en:005,Henry Parker,en,ceylon_parker_v1_en,005,,The Frog Prince,corpus/ceylon_parker_v1_en/005_the-frog-prince.html,"Gutenberg #56614 (Village Folk-Tales of Ceylon, Vol. 1, 1910)"
ceylon_parker_v1_en:006,Henry Parker,en,ceylon_parker_v1_en,006,,The Millet Trader,corpus/ceylon_parker_v1_en/006_the-millet-trader.html,"Gutenberg #56614 (Village Folk-Tales of Ceylon, Vol. 1, 1910)"
ceylon_parker_v1_en:007,Henry Parker,en,ceylon_parker_v1_en,007,,The Turtle Dove,corpus/ceylon_parker_v1_en/007_the-turtle-dove.html,"Gutenberg #56614 (Village Folk-Tales of Ceylon, Vol. 1, 1910)"
ceylon_parker_v1_en:008,Henry Parker,en,ceylon_parker_v1_en,008,,The Prince and the Princess,corpus/ceylon_parker_v1_en/008_the-prince-and-the-princess.html,"Gutenberg #56614 (Village Folk-Tales of Ceylon, Vol. 1, 1910)"
ceylon_parker_v1_en:009,Henry Parker,en,ceylon_parker_v1_en,009,,Tamarind Ṭikkā,corpus/ceylon_parker_v1_en/009_tamarind-ikk.html,"Gutenberg #56614 (Village Folk-Tales of Ceylon, Vol. 1, 1910)"
ceylon_parker_v1_en:010,Henry Parker,en,ceylon_parker_v1_en,010,,Mātalangē Loku-Appu,corpus/ceylon_parker_v1_en/010_m-talang-loku-appu.html,"Gutenberg #56614 (Village Folk-Tales of Ceylon, Vol. 1, 1910)"
ceylon_parker_v1_en:011,Henry Parker,en,ceylon_parker_v1_en,011,,The White Turtle,corpus/ceylon_parker_v1_en/011_the-white-turtle.html,"Gutenberg #56614 (Village Folk-Tales of Ceylon, Vol. 1, 1910)"
ceylon_parker_v1_en:012,Henry Parker,en,ceylon_parker_v1_en,012,,The Black Storks’ Girl,corpus/ceylon_parker_v1_en/012_the-black-storks-girl.html,"Gutenberg #56614 (Village Folk-Tales of Ceylon, Vol. 1, 1910)"
ceylon_parker_v1_en:013,Henry Parker,en,ceylon_parker_v1_en,013,,The Golden Kaekiri Fruit,corpus/ceylon_parker_v1_en/013_the-golden-kaekiri-fruit.html,"Gutenberg #56614 (Village Folk-Tales of Ceylon, Vol. 1, 1910)"
ceylon_parker_v1_en:014,Henry Parker,en,ceylon_parker_v1_en,014,,The Four Deaf Persons,corpus/ceylon_parker_v1_en/014_the-four-deaf-persons.html,"Gutenberg #56614 (Village Folk-Tales of Ceylon, Vol. 1, 1910)"
ceylon_parker_v1_en:015,Henry Parker,en,ceylon_parker_v1_en,015,,The Prince and the Yakā,corpus/ceylon_parker_v1_en/015_the-prince-and-the-yak.html,"Gutenberg #56614 (Village Folk-Tales of Ceylon, Vol. 1, 1910)"
ceylon_parker_v1_en:016,Henry Parker,en,ceylon_parker_v1_en,016,,How a Yakā and a Man fought,corpus/ceylon_parker_v1_en/016_how-a-yak-and-a-man-fought.html,"Gutenberg #56614 (Village Folk-Tales of Ceylon, Vol. 1, 1910)"
ceylon_parker_v1_en:017,Henry Parker,en,ceylon_parker_v1_en,017,,Concerning a Man and Two Yakās,corpus/ceylon_parker_v1_en/017_concerning-a-man-and-two-yak-s.html,"Gutenberg #56614 (Village Folk-Tales of Ceylon, Vol. 1, 1910)"
ceylon_parker_v1_en:018,Henry Parker,en,ceylon_parker_v1_en,018,,The Three Questions,corpus/ceylon_parker_v1_en/018_the-three-questions.html,"Gutenberg #56614 (Village Folk-Tales of Ceylon, Vol. 1, 1910)"
ceylon_parker_v1_en:019,Henry Parker,en,ceylon_parker_v1_en,019,,The Faithless Princess,corpus/ceylon_parker_v1_en/019_the-faithless-princess.html,"Gutenberg #56614 (Village Folk-Tales of Ceylon, Vol. 1, 1910)"
ceylon_parker_v1_en:020,Henry Parker,en,ceylon_parker_v1_en,020,,The Prince who did not go to School,corpus/ceylon_parker_v1_en/020_the-prince-who-did-not-go-to-school.html,"Gutenberg #56614 (Village Folk-Tales of Ceylon, Vol. 1, 1910)"
ceylon_parker_v1_en:021,Henry Parker,en,ceylon_parker_v1_en,021,,Nagul-Munnā,corpus/ceylon_parker_v1_en/021_nagul-munn.html,"Gutenberg #56614 (Village Folk-Tales of Ceylon, Vol. 1, 1910)"
ceylon_parker_v1_en:022,Henry Parker,en,ceylon_parker_v1_en,022,,The Kulē-bakā Flowers,corpus/ceylon_parker_v1_en/022_the-kul-bak-flowers.html,"Gutenberg #56614 (Village Folk-Tales of Ceylon, Vol. 1, 1910)"
ceylon_parker_v1_en:023,Henry Parker,en,ceylon_parker_v1_en,023,,"Kurulu-gama Appu, the Sooth-sayer",corpus/ceylon_parker_v1_en/023_kurulu-gama-appu-the-sooth-sayer.html,"Gutenberg #56614 (Village Folk-Tales of Ceylon, Vol. 1, 1910)"
ceylon_parker_v1_en:024,Henry Parker,en,ceylon_parker_v1_en,024,,"How a Prince was chased by a Yaksanī, and what befel",corpus/ceylon_parker_v1_en/024_how-a-prince-was-chased-by-a-yaksan-and-what-befel.html,"Gutenberg #56614 (Village Folk-Tales of Ceylon, Vol. 1, 1910)"
ceylon_parker_v1_en:025,Henry Parker,en,ceylon_parker_v1_en,025,,The Wicked King,corpus/ceylon_parker_v1_en/025_the-wicked-king.html,"Gutenberg #56614 (Village Folk-Tales of Ceylon, Vol. 1, 1910)"
ceylon_parker_v1_en:026,Henry Parker,en,ceylon_parker_v1_en,026,,The Kitul Seeds,corpus/ceylon_parker_v1_en/026_the-kitul-seeds.html,"Gutenberg #56614 (Village Folk-Tales of Ceylon, Vol. 1, 1910)"
ceylon_parker_v1_en:027,Henry Parker,en,ceylon_parker_v1_en,027,,The Speaking Horse,corpus/ceylon_parker_v1_en/027_the-speaking-horse.html,"Gutenberg #56614 (Village Folk-Tales of Ceylon, Vol. 1, 1910)"
ceylon_parker_v1_en:028,Henry Parker,en,ceylon_parker_v1_en,028,,The Female Quail,corpus/ceylon_parker_v1_en/028_the-female-quail.html,"Gutenberg #56614 (Village Folk-Tales of Ceylon, Vol. 1, 1910)"
ceylon_parker_v1_en:029,Henry Parker,en,ceylon_parker_v1_en,029,,The Pied Robin,corpus/ceylon_parker_v1_en/029_the-pied-robin.html,"Gutenberg #56614 (Village Folk-Tales of Ceylon, Vol. 1, 1910)"
ceylon_parker_v1_en:030,Henry Parker,en,ceylon_parker_v1_en,030,,The Jackal and the Hare,corpus/ceylon_parker_v1_en/030_the-jackal-and-the-hare.html,"Gutenberg #56614 (Village Folk-Tales of Ceylon, Vol. 1, 1910)"
ceylon_parker_v1_en:031,Henry Parker,en,ceylon_parker_v1_en,031,,The Leopard and the Mouse-deer,corpus/ceylon_parker_v1_en/031_the-leopard-and-the-mouse-deer.html,"Gutenberg #56614 (Village Folk-Tales of Ceylon, Vol. 1, 1910)"
ceylon_parker_v1_en:032,Henry Parker,en,ceylon_parker_v1_en,032,,The Crocodile’s Wedding,corpus/ceylon_parker_v1_en/032_the-crocodiles-wedding.html,"Gutenberg #56614 (Village Folk-Tales of Ceylon, Vol. 1, 1910)"
ceylon_parker_v1_en:033,Henry Parker,en,ceylon_parker_v1_en,033,,The Gamarāla’s Cakes,corpus/ceylon_parker_v1_en/033_the-gamar-las-cakes.html,"Gutenberg #56614 (Village Folk-Tales of Ceylon, Vol. 1, 1910)"
ceylon_parker_v1_en:034,Henry Parker,en,ceylon_parker_v1_en,034,,The Kinnarā and the Parrots,corpus/ceylon_parker_v1_en/034_the-kinnar-and-the-parrots.html,"Gutenberg #56614 (Village Folk-Tales of Ceylon, Vol. 1, 1910)"
ceylon_parker_v1_en:035,Henry Parker,en,ceylon_parker_v1_en,035,,How a Jackal settled a Lawsuit.,corpus/ceylon_parker_v1_en/035_how-a-jackal-settled-a-lawsuit.html,"Gutenberg #56614 (Village Folk-Tales of Ceylon, Vol. 1, 1910)"
ceylon_parker_v1_en:036,Henry Parker,en,ceylon_parker_v1_en,036,,The Jackal and the Turtle,corpus/ceylon_parker_v1_en/036_the-jackal-and-the-turtle.html,"Gutenberg #56614 (Village Folk-Tales of Ceylon, Vol. 1, 1910)"
ceylon_parker_v1_en:037,Henry Parker,en,ceylon_parker_v1_en,037,,The Lion and the Turtle,corpus/ceylon_parker_v1_en/037_the-lion-and-the-turtle.html,"Gutenberg #56614 (Village Folk-Tales of Ceylon, Vol. 1, 1910)"
ceylon_parker_v1_en:038,Henry Parker,en,ceylon_parker_v1_en,038,,The Monkey and the Weaver-bird,corpus/ceylon_parker_v1_en/038_the-monkey-and-the-weaver-bird.html,"Gutenberg #56614 (Village Folk-Tales of Ceylon, Vol. 1, 1910)"
ceylon_parker_v1_en:039,Henry Parker,en,ceylon_parker_v1_en,039,,The Jackal Dēvatāwā,corpus/ceylon_parker_v1_en/039_the-jackal-d-vat-w.html,"Gutenberg #56614 (Village Folk-Tales of Ceylon, Vol. 1, 1910)"
ceylon_parker_v1_en:040,Henry Parker,en,ceylon_parker_v1_en,040,,A Kaḍambāwa Man’s Journey to Puttalam,corpus/ceylon_parker_v1_en/040_a-ka-amb-wa-mans-journey-to-puttalam.html,"Gutenberg #56614 (Village Folk-Tales of Ceylon, Vol. 1, 1910)"
ceylon_parker_v1_en:041,Henry Parker,en,ceylon_parker_v1_en,041,,The Kaḍambāwa Men and the Hares,corpus/ceylon_parker_v1_en/041_the-ka-amb-wa-men-and-the-hares.html,"Gutenberg #56614 (Village Folk-Tales of Ceylon, Vol. 1, 1910)"
ceylon_parker_v1_en:042,Henry Parker,en,ceylon_parker_v1_en,042,,The Kaḍambāwa Men and the Mouse-deer,corpus/ceylon_parker_v1_en/042_the-ka-amb-wa-men-and-the-mouse-deer.html,"Gutenberg #56614 (Village Folk-Tales of Ceylon, Vol. 1, 1910)"
ceylon_parker_v1_en:043,Henry Parker,en,ceylon_parker_v1_en,043,,The Kaḍambāwa Men and the Bush,corpus/ceylon_parker_v1_en/043_the-ka-amb-wa-men-and-the-bush.html,"Gutenberg #56614 (Village Folk-Tales of Ceylon, Vol. 1, 1910)"
ceylon_parker_v1_en:044,Henry Parker,en,ceylon_parker_v1_en,044,,How the Kaḍambāwa Men counted Themselves,corpus/ceylon_parker_v1_en/044_how-the-ka-amb-wa-men-counted-themselves.html,"Gutenberg #56614 (Village Folk-Tales of Ceylon, Vol. 1, 1910)"
ceylon_parker_v1_en:045,Henry Parker,en,ceylon_parker_v1_en,045,,The Kaḍambāwa Men and the Dream,corpus/ceylon_parker_v1_en/045_the-ka-amb-wa-men-and-the-dream.html,"Gutenberg #56614 (Village Folk-Tales of Ceylon, Vol. 1, 1910)"
ceylon_parker_v1_en:046,Henry Parker,en,ceylon_parker_v1_en,046,,The Four Tom-tom Beaters,corpus/ceylon_parker_v1_en/046_the-four-tom-tom-beaters.html,"Gutenberg #56614 (Village Folk-Tales of Ceylon, Vol. 1, 1910)"
ceylon_parker_v1_en:047,Henry Parker,en,ceylon_parker_v1_en,047,,The Golden Tree,corpus/ceylon_parker_v1_en/047_the-golden-tree.html,"Gutenberg #56614 (Village Folk-Tales of Ceylon, Vol. 1, 1910)"
ceylon_parker_v1_en:048,Henry Parker,en,ceylon_parker_v1_en,048,,The Seven Princesses,corpus/ceylon_parker_v1_en/048_the-seven-princesses.html,"Gutenberg #56614 (Village Folk-Tales of Ceylon, Vol. 1, 1910)"
ceylon_parker_v1_en:049,Henry Parker,en,ceylon_parker_v1_en,049,,Mr. Janel Siññā,corpus/ceylon_parker_v1_en/049_mr-janel-si.html,"Gutenberg #56614 (Village Folk-Tales of Ceylon, Vol. 1, 1910)"
ceylon_parker_v1_en:050,Henry Parker,en,ceylon_parker_v1_en,050,,The Nikini Story,corpus/ceylon_parker_v1_en/050_the-nikini-story.html,"Gutenberg #56614 (Village Folk-Tales of Ceylon, Vol. 1, 1910)"
ceylon_parker_v1_en:051,Henry Parker,en,ceylon_parker_v1_en,051,,The Aet-kanda Lēniyā,corpus/ceylon_parker_v1_en/051_the-aet-kanda-l-niy.html,"Gutenberg #56614 (Village Folk-Tales of Ceylon, Vol. 1, 1910)"
ceylon_parker_v1_en:052,Henry Parker,en,ceylon_parker_v1_en,052,,The Wimalī Story,corpus/ceylon_parker_v1_en/052_the-wimal-story.html,"Gutenberg #56614 (Village Folk-Tales of Ceylon, Vol. 1, 1910)"
ceylon_parker_v1_en:053,Henry Parker,en,ceylon_parker_v1_en,053,,The Pots of Oil,corpus/ceylon_parker_v1_en/053_the-pots-of-oil.html,"Gutenberg #56614 (Village Folk-Tales of Ceylon, Vol. 1, 1910)"
ceylon_parker_v1_en:054,Henry Parker,en,ceylon_parker_v1_en,054,,The Mouse Maiden,corpus/ceylon_parker_v1_en/054_the-mouse-maiden.html,"Gutenberg #56614 (Village Folk-Tales of Ceylon, Vol. 1, 1910)"
ceylon_parker_v1_en:055,Henry Parker,en,ceylon_parker_v1_en,055,,"Sīgiris Siññō, the Giant",corpus/ceylon_parker_v1_en/055_s-giris-si-the-giant.html,"Gutenberg #56614 (Village Folk-Tales of Ceylon, Vol. 1, 1910)"
ceylon_parker_v1_en:056,Henry Parker,en,ceylon_parker_v1_en,056,,The Proud Jackal,corpus/ceylon_parker_v1_en/056_the-proud-jackal.html,"Gutenberg #56614 (Village Folk-Tales of Ceylon, Vol. 1, 1910)"
ceylon_parker_v1_en:057,Henry Parker,en,ceylon_parker_v1_en,057,,The Seven Robbers,corpus/ceylon_parker_v1_en/057_the-seven-robbers.html,"Gutenberg #56614 (Village Folk-Tales of Ceylon, Vol. 1, 1910)"
ceylon_parker_v1_en:058,Henry Parker,en,ceylon_parker_v1_en,058,,The Stupid Boy,corpus/ceylon_parker_v1_en/058_the-stupid-boy.html,"Gutenberg #56614 (Village Folk-Tales of Ceylon, Vol. 1, 1910)"
ceylon_parker_v1_en:059,Henry Parker,en,ceylon_parker_v1_en,059,,The Gamarāla and the Washerman,corpus/ceylon_parker_v1_en/059_the-gamar-la-and-the-washerman.html,"Gutenberg #56614 (Village Folk-Tales of Ceylon, Vol. 1, 1910)"
ceylon_parker_v1_en:060,Henry Parker,en,ceylon_parker_v1_en,060,,The Two Thieves,corpus/ceylon_parker_v1_en/060_the-two-thieves.html,"Gutenberg #56614 (Village Folk-Tales of Ceylon, Vol. 1, 1910)"
ceylon_parker_v1_en:061,Henry Parker,en,ceylon_parker_v1_en,061,,The Margōsa Tree,corpus/ceylon_parker_v1_en/061_the-marg-sa-tree.html,"Gutenberg #56614 (Village Folk-Tales of Ceylon, Vol. 1, 1910)"
ceylon_parker_v1_en:062,Henry Parker,en,ceylon_parker_v1_en,062,,The Gamarāla’s Foolish Son,corpus/ceylon_parker_v1_en/062_the-gamar-las-foolish-son.html,"Gutenberg #56614 (Village Folk-Tales of Ceylon, Vol. 1, 1910)"
ceylon_parker_v1_en:063,Henry Parker,en,ceylon_parker_v1_en,063,,The Jackal’s Judgment,corpus/ceylon_parker_v1_en/063_the-jackals-judgment.html,"Gutenberg #56614 (Village Folk-Tales of Ceylon, Vol. 1, 1910)"
ceylon_parker_v1_en:064,Henry Parker,en,ceylon_parker_v1_en,064,,The Heron and the Crab,corpus/ceylon_parker_v1_en/064_the-heron-and-the-crab.html,"Gutenberg #56614 (Village Folk-Tales of Ceylon, Vol. 1, 1910)"
ceylon_parker_v1_en:065,Henry Parker,en,ceylon_parker_v1_en,065,,The Jackal and the Brāhmaṇa,corpus/ceylon_parker_v1_en/065_the-jackal-and-the-br-hma-a.html,"Gutenberg #56614 (Village Folk-Tales of Ceylon, Vol. 1, 1910)"
ceylon_parker_v1_en:066,Henry Parker,en,ceylon_parker_v1_en,066,,The Cat who guarded the Precepts,corpus/ceylon_parker_v1_en/066_the-cat-who-guarded-the-precepts.html,"Gutenberg #56614 (Village Folk-Tales of Ceylon, Vol. 1, 1910)"
ceylon_parker_v1_en:067,Henry Parker,en,ceylon_parker_v1_en,067,,The Lizard and the Leopard,corpus/ceylon_parker_v1_en/067_the-lizard-and-the-leopard.html,"Gutenberg #56614 (Village Folk-Tales of Ceylon, Vol. 1, 1910)"
ceylon_parker_v1_en:068,Henry Parker,en,ceylon_parker_v1_en,068,,The Lion and the Jackal,corpus/ceylon_parker_v1_en/068_the-lion-and-the-jackal.html,"Gutenberg #56614 (Village Folk-Tales of Ceylon, Vol. 1, 1910)"
ceylon_parker_v1_en:069,Henry Parker,en,ceylon_parker_v1_en,069,,The Roll of Cotton,corpus/ceylon_parker_v1_en/069_the-roll-of-cotton.html,"Gutenberg #56614 (Village Folk-Tales of Ceylon, Vol. 1, 1910)"
ceylon_parker_v1_en:070,Henry Parker,en,ceylon_parker_v1_en,070,,The Jackal and the Leopard,corpus/ceylon_parker_v1_en/070_the-jackal-and-the-leopard.html,"Gutenberg #56614 (Village Folk-Tales of Ceylon, Vol. 1, 1910)"
ceylon_parker_v1_en:071,Henry Parker,en,ceylon_parker_v1_en,071,,How the Boars killed the Rākshasa,corpus/ceylon_parker_v1_en/071_how-the-boars-killed-the-r-kshasa.html,"Gutenberg #56614 (Village Folk-Tales of Ceylon, Vol. 1, 1910)"
ceylon_parker_v1_en:072,Henry Parker,en,ceylon_parker_v1_en,072,,The Grateful Jackal,corpus/ceylon_parker_v1_en/072_the-grateful-jackal.html,"Gutenberg #56614 (Village Folk-Tales of Ceylon, Vol. 1, 1910)"
ceylon_parker_v1_en:073,Henry Parker,en,ceylon_parker_v1_en,073,,Concerning a Monk and a Yakā,corpus/ceylon_parker_v1_en/073_concerning-a-monk-and-a-yak.html,"Gutenberg #56614 (Village Folk-Tales of Ceylon, Vol. 1, 1910)"
ceylon_parker_v1_en:074,Henry Parker,en,ceylon_parker_v1_en,074,,The Three Suitors,corpus/ceylon_parker_v1_en/074_the-three-suitors.html,"Gutenberg #56614 (Village Folk-Tales of Ceylon, Vol. 1, 1910)"
ceylon_parker_v1_en:075,Henry Parker,en,ceylon_parker_v1_en,075,,The Crocodile and the Jackal,corpus/ceylon_parker_v1_en/075_the-crocodile-and-the-jackal.html,"Gutenberg #56614 (Village Folk-Tales of Ceylon, Vol. 1, 1910)"
ceylon_parker_v2_en:001,Henry Parker,en,ceylon_parker_v2_en,001,,A Legend of Kandy,corpus/ceylon_parker_v2_en/001_a-legend-of-kandy.html,"Gutenberg #57399 (Village Folk-Tales of Ceylon, Vol. 2, 1914)"
ceylon_parker_v2_en:002,Henry Parker,en,ceylon_parker_v2_en,002,,The Gamarāla’s Daughter,corpus/ceylon_parker_v2_en/002_the-gamar-las-daughter.html,"Gutenberg #57399 (Village Folk-Tales of Ceylon, Vol. 2, 1914)"
ceylon_parker_v2_en:003,Henry Parker,en,ceylon_parker_v2_en,003,,The Gamarāla’s Girl,corpus/ceylon_parker_v2_en/003_the-gamar-las-girl.html,"Gutenberg #57399 (Village Folk-Tales of Ceylon, Vol. 2, 1914)"
ceylon_parker_v2_en:004,Henry Parker,en,ceylon_parker_v2_en,004,,How Gourds were put in Small-Mouthed Pots,corpus/ceylon_parker_v2_en/004_how-gourds-were-put-in-small-mouthed-pots.html,"Gutenberg #57399 (Village Folk-Tales of Ceylon, Vol. 2, 1914)"
ceylon_parker_v2_en:005,Henry Parker,en,ceylon_parker_v2_en,005,,The Royal Prince and the Carpenter’s Son,corpus/ceylon_parker_v2_en/005_the-royal-prince-and-the-carpenters-son.html,"Gutenberg #57399 (Village Folk-Tales of Ceylon, Vol. 2, 1914)"
ceylon_parker_v2_en:006,Henry Parker,en,ceylon_parker_v2_en,006,,Concerning a Royal Prince and a Princess,corpus/ceylon_parker_v2_en/006_concerning-a-royal-prince-and-a-princess.html,"Gutenberg #57399 (Village Folk-Tales of Ceylon, Vol. 2, 1914)"
ceylon_parker_v2_en:007,Henry Parker,en,ceylon_parker_v2_en,007,,The Princes who Learnt the Sciences,corpus/ceylon_parker_v2_en/007_the-princes-who-learnt-the-sciences.html,"Gutenberg #57399 (Village Folk-Tales of Ceylon, Vol. 2, 1914)"
ceylon_parker_v2_en:008,Henry Parker,en,ceylon_parker_v2_en,008,,The Story of Kaḷundāwa,corpus/ceylon_parker_v2_en/008_the-story-of-ka-und-wa.html,"Gutenberg #57399 (Village Folk-Tales of Ceylon, Vol. 2, 1914)"
ceylon_parker_v2_en:009,Henry Parker,en,ceylon_parker_v2_en,009,,How the Poor Prince became King,corpus/ceylon_parker_v2_en/009_how-the-poor-prince-became-king.html,"Gutenberg #57399 (Village Folk-Tales of Ceylon, Vol. 2, 1914)"
ceylon_parker_v2_en:010,Henry Parker,en,ceylon_parker_v2_en,010,,How the Gardener became King,corpus/ceylon_parker_v2_en/010_how-the-gardener-became-king.html,"Gutenberg #57399 (Village Folk-Tales of Ceylon, Vol. 2, 1914)"
ceylon_parker_v2_en:011,Henry Parker,en,ceylon_parker_v2_en,011,,How the Foolish Man became King,corpus/ceylon_parker_v2_en/011_how-the-foolish-man-became-king.html,"Gutenberg #57399 (Village Folk-Tales of Ceylon, Vol. 2, 1914)"
ceylon_parker_v2_en:012,Henry Parker,en,ceylon_parker_v2_en,012,,The Foolish Man,corpus/ceylon_parker_v2_en/012_the-foolish-man.html,"Gutenberg #57399 (Village Folk-Tales of Ceylon, Vol. 2, 1914)"
ceylon_parker_v2_en:013,Henry Parker,en,ceylon_parker_v2_en,013,,The Story of Marirāla,corpus/ceylon_parker_v2_en/013_the-story-of-marir-la.html,"Gutenberg #57399 (Village Folk-Tales of Ceylon, Vol. 2, 1914)"
ceylon_parker_v2_en:014,Henry Parker,en,ceylon_parker_v2_en,014,,The Invisible Silk Robe,corpus/ceylon_parker_v2_en/014_the-invisible-silk-robe.html,"Gutenberg #57399 (Village Folk-Tales of Ceylon, Vol. 2, 1914)"
ceylon_parker_v2_en:015,Henry Parker,en,ceylon_parker_v2_en,015,,The Foolish Youth,corpus/ceylon_parker_v2_en/015_the-foolish-youth.html,"Gutenberg #57399 (Village Folk-Tales of Ceylon, Vol. 2, 1914)"
ceylon_parker_v2_en:016,Henry Parker,en,ceylon_parker_v2_en,016,,The Story of the Seven Thieves,corpus/ceylon_parker_v2_en/016_the-story-of-the-seven-thieves.html,"Gutenberg #57399 (Village Folk-Tales of Ceylon, Vol. 2, 1914)"
ceylon_parker_v2_en:017,Henry Parker,en,ceylon_parker_v2_en,017,,The King who became a Thief,corpus/ceylon_parker_v2_en/017_the-king-who-became-a-thief.html,"Gutenberg #57399 (Village Folk-Tales of Ceylon, Vol. 2, 1914)"
ceylon_parker_v2_en:018,Henry Parker,en,ceylon_parker_v2_en,018,,The Female Fowl Thief,corpus/ceylon_parker_v2_en/018_the-female-fowl-thief.html,"Gutenberg #57399 (Village Folk-Tales of Ceylon, Vol. 2, 1914)"
ceylon_parker_v2_en:019,Henry Parker,en,ceylon_parker_v2_en,019,,Gampolayā and Raehigamayā,corpus/ceylon_parker_v2_en/019_gampolay-and-raehigamay.html,"Gutenberg #57399 (Village Folk-Tales of Ceylon, Vol. 2, 1914)"
ceylon_parker_v2_en:020,Henry Parker,en,ceylon_parker_v2_en,020,,The Story of the Two Liars,corpus/ceylon_parker_v2_en/020_the-story-of-the-two-liars.html,"Gutenberg #57399 (Village Folk-Tales of Ceylon, Vol. 2, 1914)"
ceylon_parker_v2_en:021,Henry Parker,en,ceylon_parker_v2_en,021,,The Three Heṭṭiyās,corpus/ceylon_parker_v2_en/021_the-three-he-iy-s.html,"Gutenberg #57399 (Village Folk-Tales of Ceylon, Vol. 2, 1914)"
ceylon_parker_v2_en:022,Henry Parker,en,ceylon_parker_v2_en,022,,Concerning Two Friends,corpus/ceylon_parker_v2_en/022_concerning-two-friends.html,"Gutenberg #57399 (Village Folk-Tales of Ceylon, Vol. 2, 1914)"
ceylon_parker_v2_en:023,Henry Parker,en,ceylon_parker_v2_en,023,,Concerning Four Friends,corpus/ceylon_parker_v2_en/023_concerning-four-friends.html,"Gutenberg #57399 (Village Folk-Tales of Ceylon, Vol. 2, 1914)"
ceylon_parker_v2_en:024,Henry Parker,en,ceylon_parker_v2_en,024,,Concerning a Horse,corpus/ceylon_parker_v2_en/024_concerning-a-horse.html,"Gutenberg #57399 (Village Folk-Tales of Ceylon, Vol. 2, 1914)"
ceylon_parker_v2_en:025,Henry Parker,en,ceylon_parker_v2_en,025,,The Story of the Pearl Necklace,corpus/ceylon_parker_v2_en/025_the-story-of-the-pearl-necklace.html,"Gutenberg #57399 (Village Folk-Tales of Ceylon, Vol. 2, 1914)"
ceylon_parker_v2_en:026,Henry Parker,en,ceylon_parker_v2_en,026,,The Widow Woman and Loku-Appuhāmi,corpus/ceylon_parker_v2_en/026_the-widow-woman-and-loku-appuh-mi.html,"Gutenberg #57399 (Village Folk-Tales of Ceylon, Vol. 2, 1914)"
ceylon_parker_v2_en:027,Henry Parker,en,ceylon_parker_v2_en,027,,The Decoction of Eight Nelli Fruits,corpus/ceylon_parker_v2_en/027_the-decoction-of-eight-nelli-fruits.html,"Gutenberg #57399 (Village Folk-Tales of Ceylon, Vol. 2, 1914)"
ceylon_parker_v2_en:028,Henry Parker,en,ceylon_parker_v2_en,028,,The Prince and Princess and Two Dēvatāwās,corpus/ceylon_parker_v2_en/028_the-prince-and-princess-and-two-d-vat-w-s.html,"Gutenberg #57399 (Village Folk-Tales of Ceylon, Vol. 2, 1914)"
ceylon_parker_v2_en:029,Henry Parker,en,ceylon_parker_v2_en,029,,Concerning the Prince and the Princess who was Sold,corpus/ceylon_parker_v2_en/029_concerning-the-prince-and-the-princess-who-was-sold.html,"Gutenberg #57399 (Village Folk-Tales of Ceylon, Vol. 2, 1914)"
ceylon_parker_v2_en:030,Henry Parker,en,ceylon_parker_v2_en,030,,The Princess Heṭṭirāla,corpus/ceylon_parker_v2_en/030_the-princess-he-ir-la.html,"Gutenberg #57399 (Village Folk-Tales of Ceylon, Vol. 2, 1914)"
ceylon_parker_v2_en:031,Henry Parker,en,ceylon_parker_v2_en,031,,The Maehiyallē-gama Princess,corpus/ceylon_parker_v2_en/031_the-maehiyall-gama-princess.html,"Gutenberg #57399 (Village Folk-Tales of Ceylon, Vol. 2, 1914)"
ceylon_parker_v2_en:032,Henry Parker,en,ceylon_parker_v2_en,032,,The Wicked Princess,corpus/ceylon_parker_v2_en/032_the-wicked-princess.html,"Gutenberg #57399 (Village Folk-Tales of Ceylon, Vol. 2, 1914)"
ceylon_parker_v2_en:033,Henry Parker,en,ceylon_parker_v2_en,033,,Holman Pissā,corpus/ceylon_parker_v2_en/033_holman-piss.html,"Gutenberg #57399 (Village Folk-Tales of Ceylon, Vol. 2, 1914)"
ceylon_parker_v2_en:034,Henry Parker,en,ceylon_parker_v2_en,034,,Concerning a Vaeddā and a Bride,corpus/ceylon_parker_v2_en/034_concerning-a-vaedd-and-a-bride.html,"Gutenberg #57399 (Village Folk-Tales of Ceylon, Vol. 2, 1914)"
ceylon_parker_v2_en:035,Henry Parker,en,ceylon_parker_v2_en,035,,A Story about a Vaeddā,corpus/ceylon_parker_v2_en/035_a-story-about-a-vaedd.html,"Gutenberg #57399 (Village Folk-Tales of Ceylon, Vol. 2, 1914)"
ceylon_parker_v2_en:036,Henry Parker,en,ceylon_parker_v2_en,036,,The Story of the Four Giants,corpus/ceylon_parker_v2_en/036_the-story-of-the-four-giants.html,"Gutenberg #57399 (Village Folk-Tales of Ceylon, Vol. 2, 1914)"
ceylon_parker_v2_en:037,Henry Parker,en,ceylon_parker_v2_en,037,,The Story about a Giant,corpus/ceylon_parker_v2_en/037_the-story-about-a-giant.html,"Gutenberg #57399 (Village Folk-Tales of Ceylon, Vol. 2, 1914)"
ceylon_parker_v2_en:038,Henry Parker,en,ceylon_parker_v2_en,038,,Hiṭihāmi the Giant,corpus/ceylon_parker_v2_en/038_hi-ih-mi-the-giant.html,"Gutenberg #57399 (Village Folk-Tales of Ceylon, Vol. 2, 1914)"
ceylon_parker_v2_en:039,Henry Parker,en,ceylon_parker_v2_en,039,,The New Speech,corpus/ceylon_parker_v2_en/039_the-new-speech.html,"Gutenberg #57399 (Village Folk-Tales of Ceylon, Vol. 2, 1914)"
ceylon_parker_v2_en:040,Henry Parker,en,ceylon_parker_v2_en,040,,The Master and Servant,corpus/ceylon_parker_v2_en/040_the-master-and-servant.html,"Gutenberg #57399 (Village Folk-Tales of Ceylon, Vol. 2, 1914)"
ceylon_parker_v2_en:041,Henry Parker,en,ceylon_parker_v2_en,041,,How the Son-in-law Cut the Chena,corpus/ceylon_parker_v2_en/041_how-the-son-in-law-cut-the-chena.html,"Gutenberg #57399 (Village Folk-Tales of Ceylon, Vol. 2, 1914)"
ceylon_parker_v2_en:042,Henry Parker,en,ceylon_parker_v2_en,042,,A Girl and a Step-mother,corpus/ceylon_parker_v2_en/042_a-girl-and-a-step-mother.html,"Gutenberg #57399 (Village Folk-Tales of Ceylon, Vol. 2, 1914)"
ceylon_parker_v2_en:043,Henry Parker,en,ceylon_parker_v2_en,043,,The Wicked Elder Brother,corpus/ceylon_parker_v2_en/043_the-wicked-elder-brother.html,"Gutenberg #57399 (Village Folk-Tales of Ceylon, Vol. 2, 1914)"
ceylon_parker_v2_en:044,Henry Parker,en,ceylon_parker_v2_en,044,,Nahakoṭā’s Wedding Feast,corpus/ceylon_parker_v2_en/044_nahako-s-wedding-feast.html,"Gutenberg #57399 (Village Folk-Tales of Ceylon, Vol. 2, 1914)"
ceylon_parker_v2_en:045,Henry Parker,en,ceylon_parker_v2_en,045,,How a Man Charmed a Thread,corpus/ceylon_parker_v2_en/045_how-a-man-charmed-a-thread.html,"Gutenberg #57399 (Village Folk-Tales of Ceylon, Vol. 2, 1914)"
ceylon_parker_v2_en:046,Henry Parker,en,ceylon_parker_v2_en,046,,How the Rice and Curry became Raw,corpus/ceylon_parker_v2_en/046_how-the-rice-and-curry-became-raw.html,"Gutenberg #57399 (Village Folk-Tales of Ceylon, Vol. 2, 1914)"
ceylon_parker_v2_en:047,Henry Parker,en,ceylon_parker_v2_en,047,,How a Woman ate Cooked Rice by Stealth,corpus/ceylon_parker_v2_en/047_how-a-woman-ate-cooked-rice-by-stealth.html,"Gutenberg #57399 (Village Folk-Tales of Ceylon, Vol. 2, 1914)"
ceylon_parker_v2_en:048,Henry Parker,en,ceylon_parker_v2_en,048,,How a Woman Offered Cakes,corpus/ceylon_parker_v2_en/048_how-a-woman-offered-cakes.html,"Gutenberg #57399 (Village Folk-Tales of Ceylon, Vol. 2, 1914)"
ceylon_parker_v2_en:049,Henry Parker,en,ceylon_parker_v2_en,049,,The Manner in which a Woman prepared a Flour Figure,corpus/ceylon_parker_v2_en/049_the-manner-in-which-a-woman-prepared-a-flour-figure.html,"Gutenberg #57399 (Village Folk-Tales of Ceylon, Vol. 2, 1914)"
ceylon_parker_v2_en:050,Henry Parker,en,ceylon_parker_v2_en,050,,How a Woman became a Lapwing,corpus/ceylon_parker_v2_en/050_how-a-woman-became-a-lapwing.html,"Gutenberg #57399 (Village Folk-Tales of Ceylon, Vol. 2, 1914)"
ceylon_parker_v2_en:051,Henry Parker,en,ceylon_parker_v2_en,051,,The Story of the Seven Wicked Women,corpus/ceylon_parker_v2_en/051_the-story-of-the-seven-wicked-women.html,"Gutenberg #57399 (Village Folk-Tales of Ceylon, Vol. 2, 1914)"
ceylon_parker_v2_en:052,Henry Parker,en,ceylon_parker_v2_en,052,,The Story of the Old Man,corpus/ceylon_parker_v2_en/052_the-story-of-the-old-man.html,"Gutenberg #57399 (Village Folk-Tales of Ceylon, Vol. 2, 1914)"
ceylon_parker_v2_en:053,Henry Parker,en,ceylon_parker_v2_en,053,,The Magic Lute Player,corpus/ceylon_parker_v2_en/053_the-magic-lute-player.html,"Gutenberg #57399 (Village Folk-Tales of Ceylon, Vol. 2, 1914)"
ceylon_parker_v2_en:054,Henry Parker,en,ceylon_parker_v2_en,054,,The Lad who Sang Songs,corpus/ceylon_parker_v2_en/054_the-lad-who-sang-songs.html,"Gutenberg #57399 (Village Folk-Tales of Ceylon, Vol. 2, 1914)"
ceylon_parker_v2_en:055,Henry Parker,en,ceylon_parker_v2_en,055,,The Hunchback Tale,corpus/ceylon_parker_v2_en/055_the-hunchback-tale.html,"Gutenberg #57399 (Village Folk-Tales of Ceylon, Vol. 2, 1914)"
ceylon_parker_v2_en:056,Henry Parker,en,ceylon_parker_v2_en,056,,The Poor Man and the Jewels,corpus/ceylon_parker_v2_en/056_the-poor-man-and-the-jewels.html,"Gutenberg #57399 (Village Folk-Tales of Ceylon, Vol. 2, 1914)"
ceylon_parker_v2_en:057,Henry Parker,en,ceylon_parker_v2_en,057,,The Learned Poor Man,corpus/ceylon_parker_v2_en/057_the-learned-poor-man.html,"Gutenberg #57399 (Village Folk-Tales of Ceylon, Vol. 2, 1914)"
ceylon_parker_v2_en:058,Henry Parker,en,ceylon_parker_v2_en,058,,A Poor Man and a Woman,corpus/ceylon_parker_v2_en/058_a-poor-man-and-a-woman.html,"Gutenberg #57399 (Village Folk-Tales of Ceylon, Vol. 2, 1914)"
ceylon_parker_v2_en:059,Henry Parker,en,ceylon_parker_v2_en,059,,The Story of the Rākshasa and the Princess,corpus/ceylon_parker_v2_en/059_the-story-of-the-r-kshasa-and-the-princess.html,"Gutenberg #57399 (Village Folk-Tales of Ceylon, Vol. 2, 1914)"
ceylon_parker_v2_en:060,Henry Parker,en,ceylon_parker_v2_en,060,,The Way the Rākshasī Died,corpus/ceylon_parker_v2_en/060_the-way-the-r-kshas-died.html,"Gutenberg #57399 (Village Folk-Tales of Ceylon, Vol. 2, 1914)"
ceylon_parker_v2_en:061,Henry Parker,en,ceylon_parker_v2_en,061,,How a Rākshasa Turned Men and Bulls into Stone,corpus/ceylon_parker_v2_en/061_how-a-r-kshasa-turned-men-and-bulls-into-stone.html,"Gutenberg #57399 (Village Folk-Tales of Ceylon, Vol. 2, 1914)"
ceylon_parker_v2_en:062,Henry Parker,en,ceylon_parker_v2_en,062,,The Rākshasa-eating Prākshasa,corpus/ceylon_parker_v2_en/062_the-r-kshasa-eating-pr-kshasa.html,"Gutenberg #57399 (Village Folk-Tales of Ceylon, Vol. 2, 1914)"
ceylon_parker_v2_en:063,Henry Parker,en,ceylon_parker_v2_en,063,,The Story of the Cake Tree,corpus/ceylon_parker_v2_en/063_the-story-of-the-cake-tree.html,"Gutenberg #57399 (Village Folk-Tales of Ceylon, Vol. 2, 1914)"
ceylon_parker_v2_en:064,Henry Parker,en,ceylon_parker_v2_en,064,,"The Girl, the Monk, and the Leopard",corpus/ceylon_parker_v2_en/064_the-girl-the-monk-and-the-leopard.html,"Gutenberg #57399 (Village Folk-Tales of Ceylon, Vol. 2, 1914)"
ceylon_parker_v2_en:065,Henry Parker,en,ceylon_parker_v2_en,065,,The Washerman and the Leopard,corpus/ceylon_parker_v2_en/065_the-washerman-and-the-leopard.html,"Gutenberg #57399 (Village Folk-Tales of Ceylon, Vol. 2, 1914)"
ceylon_parker_v2_en:066,Henry Parker,en,ceylon_parker_v2_en,066,,The Frightened Yakā,corpus/ceylon_parker_v2_en/066_the-frightened-yak.html,"Gutenberg #57399 (Village Folk-Tales of Ceylon, Vol. 2, 1914)"
ceylon_parker_v2_en:067,Henry Parker,en,ceylon_parker_v2_en,067,,The Story of the Seven Yakās,corpus/ceylon_parker_v2_en/067_the-story-of-the-seven-yak-s.html,"Gutenberg #57399 (Village Folk-Tales of Ceylon, Vol. 2, 1914)"
ceylon_parker_v2_en:068,Henry Parker,en,ceylon_parker_v2_en,068,,The Yakā and the Tom-tom Beater,corpus/ceylon_parker_v2_en/068_the-yak-and-the-tom-tom-beater.html,"Gutenberg #57399 (Village Folk-Tales of Ceylon, Vol. 2, 1914)"
ceylon_parker_v2_en:069,Henry Parker,en,ceylon_parker_v2_en,069,,How a Tom-tom Beater got a Marriage from a Gamarāla,corpus/ceylon_parker_v2_en/069_how-a-tom-tom-beater-got-a-marriage-from-a-gamar-la.html,"Gutenberg #57399 (Village Folk-Tales of Ceylon, Vol. 2, 1914)"
ceylon_parker_v2_en:070,Henry Parker,en,ceylon_parker_v2_en,070,,The Gem Yaksanī,corpus/ceylon_parker_v2_en/070_the-gem-yaksan.html,"Gutenberg #57399 (Village Folk-Tales of Ceylon, Vol. 2, 1914)"
ceylon_parker_v2_en:071,Henry Parker,en,ceylon_parker_v2_en,071,,"The Nā, Mī, and Blue-Lotus Flowers’ Princesses",corpus/ceylon_parker_v2_en/071_the-n-m-and-blue-lotus-flowers-princesses.html,"Gutenberg #57399 (Village Folk-Tales of Ceylon, Vol. 2, 1914)"
ceylon_parker_v2_en:072,Henry Parker,en,ceylon_parker_v2_en,072,,The Loss that occurred to the Nobleman’s Daughter,corpus/ceylon_parker_v2_en/072_the-loss-that-occurred-to-the-noblemans-daughter.html,"Gutenberg #57399 (Village Folk-Tales of Ceylon, Vol. 2, 1914)"
ceylon_parker_v2_en:073,Henry Parker,en,ceylon_parker_v2_en,073,,The Raṭēmahatmayā’s Presents,corpus/ceylon_parker_v2_en/073_the-ra-mahatmay-s-presents.html,"Gutenberg #57399 (Village Folk-Tales of Ceylon, Vol. 2, 1914)"
ceylon_parker_v2_en:074,Henry Parker,en,ceylon_parker_v2_en,074,,The Prince and the Minister,corpus/ceylon_parker_v2_en/074_the-prince-and-the-minister.html,"Gutenberg #57399 (Village Folk-Tales of Ceylon, Vol. 2, 1914)"
ceylon_parker_v2_en:075,Henry Parker,en,ceylon_parker_v2_en,075,,The Story of King Bamba,corpus/ceylon_parker_v2_en/075_the-story-of-king-bamba.html,"Gutenberg #57399 (Village Folk-Tales of Ceylon, Vol. 2, 1914)"
ceylon_parker_v2_en:076,Henry Parker,en,ceylon_parker_v2_en,076,,Concerning a Royal Princess and a Turtle,corpus/ceylon_parker_v2_en/076_concerning-a-royal-princess-and-a-turtle.html,"Gutenberg #57399 (Village Folk-Tales of Ceylon, Vol. 2, 1914)"
ceylon_parker_v2_en:077,Henry Parker,en,ceylon_parker_v2_en,077,,The Story of a King and a Prince,corpus/ceylon_parker_v2_en/077_the-story-of-a-king-and-a-prince.html,"Gutenberg #57399 (Village Folk-Tales of Ceylon, Vol. 2, 1914)"
ceylon_parker_v2_en:078,Henry Parker,en,ceylon_parker_v2_en,078,,The Story of the Gourd,corpus/ceylon_parker_v2_en/078_the-story-of-the-gourd.html,"Gutenberg #57399 (Village Folk-Tales of Ceylon, Vol. 2, 1914)"
ceylon_parker_v2_en:079,Henry Parker,en,ceylon_parker_v2_en,079,,The Story of the Shell Snail,corpus/ceylon_parker_v2_en/079_the-story-of-the-shell-snail.html,"Gutenberg #57399 (Village Folk-Tales of Ceylon, Vol. 2, 1914)"
ceylon_parker_v2_en:080,Henry Parker,en,ceylon_parker_v2_en,080,,The Queen of the Rock House,corpus/ceylon_parker_v2_en/080_the-queen-of-the-rock-house.html,"Gutenberg #57399 (Village Folk-Tales of Ceylon, Vol. 2, 1914)"
ceylon_parker_v2_en:081,Henry Parker,en,ceylon_parker_v2_en,081,,The Story of the Elder Sister and Younger Brother,corpus/ceylon_parker_v2_en/081_the-story-of-the-elder-sister-and-younger-brother.html,"Gutenberg #57399 (Village Folk-Tales of Ceylon, Vol. 2, 1914)"
ceylon_parker_v2_en:082,Henry Parker,en,ceylon_parker_v2_en,082,,The Queen and the Beggar,corpus/ceylon_parker_v2_en/082_the-queen-and-the-beggar.html,"Gutenberg #57399 (Village Folk-Tales of Ceylon, Vol. 2, 1914)"
ceylon_parker_v2_en:083,Henry Parker,en,ceylon_parker_v2_en,083,,The Frog in the Queen’s Nose,corpus/ceylon_parker_v2_en/083_the-frog-in-the-queens-nose.html,"Gutenberg #57399 (Village Folk-Tales of Ceylon, Vol. 2, 1914)"
ceylon_parker_v2_en:084,Henry Parker,en,ceylon_parker_v2_en,084,,Concerning a Bear and the Queen,corpus/ceylon_parker_v2_en/084_concerning-a-bear-and-the-queen.html,"Gutenberg #57399 (Village Folk-Tales of Ceylon, Vol. 2, 1914)"
ceylon_parker_v2_en:085,Henry Parker,en,ceylon_parker_v2_en,085,,The Leopard and the Princess,corpus/ceylon_parker_v2_en/085_the-leopard-and-the-princess.html,"Gutenberg #57399 (Village Folk-Tales of Ceylon, Vol. 2, 1914)"
ceylon_parker_v2_en:086,Henry Parker,en,ceylon_parker_v2_en,086,,The Story of the Foolish Leopard,corpus/ceylon_parker_v2_en/086_the-story-of-the-foolish-leopard.html,"Gutenberg #57399 (Village Folk-Tales of Ceylon, Vol. 2, 1914)"
ceylon_parker_v2_en:087,Henry Parker,en,ceylon_parker_v2_en,087,,The Story of the Ḍabukkā,corpus/ceylon_parker_v2_en/087_the-story-of-the-abukk.html,"Gutenberg #57399 (Village Folk-Tales of Ceylon, Vol. 2, 1914)"
ceylon_parker_v2_en:088,Henry Parker,en,ceylon_parker_v2_en,088,,The Leopard and the Calf,corpus/ceylon_parker_v2_en/088_the-leopard-and-the-calf.html,"Gutenberg #57399 (Village Folk-Tales of Ceylon, Vol. 2, 1914)"
ceylon_parker_v2_en:089,Henry Parker,en,ceylon_parker_v2_en,089,,The Ash-Pumpkin Fruit Prince,corpus/ceylon_parker_v2_en/089_the-ash-pumpkin-fruit-prince.html,"Gutenberg #57399 (Village Folk-Tales of Ceylon, Vol. 2, 1914)"
ceylon_parker_v2_en:090,Henry Parker,en,ceylon_parker_v2_en,090,,The Kabaragoyā and the Widow,corpus/ceylon_parker_v2_en/090_the-kabaragoy-and-the-widow.html,"Gutenberg #57399 (Village Folk-Tales of Ceylon, Vol. 2, 1914)"
ceylon_parker_v2_en:091,Henry Parker,en,ceylon_parker_v2_en,091,,The Frog Jacket,corpus/ceylon_parker_v2_en/091_the-frog-jacket.html,"Gutenberg #57399 (Village Folk-Tales of Ceylon, Vol. 2, 1914)"
ceylon_parker_v2_en:092,Henry Parker,en,ceylon_parker_v2_en,092,,The Four-faced King and the Turtle,corpus/ceylon_parker_v2_en/092_the-four-faced-king-and-the-turtle.html,"Gutenberg #57399 (Village Folk-Tales of Ceylon, Vol. 2, 1914)"
ceylon_parker_v2_en:093,Henry Parker,en,ceylon_parker_v2_en,093,,The Story of the Cobra and the Prince,corpus/ceylon_parker_v2_en/093_the-story-of-the-cobra-and-the-prince.html,"Gutenberg #57399 (Village Folk-Tales of Ceylon, Vol. 2, 1914)"
ceylon_parker_v2_en:094,Henry Parker,en,ceylon_parker_v2_en,094,,The Ant Story,corpus/ceylon_parker_v2_en/094_the-ant-story.html,"Gutenberg #57399 (Village Folk-Tales of Ceylon, Vol. 2, 1914)"
ceylon_parker_v2_en:095,Henry Parker,en,ceylon_parker_v2_en,095,,The Gamarāla and the Cock,corpus/ceylon_parker_v2_en/095_the-gamar-la-and-the-cock.html,"Gutenberg #57399 (Village Folk-Tales of Ceylon, Vol. 2, 1914)"
ceylon_parker_v2_en:096,Henry Parker,en,ceylon_parker_v2_en,096,,Concerning the Golden Peacock,corpus/ceylon_parker_v2_en/096_concerning-the-golden-peacock.html,"Gutenberg #57399 (Village Folk-Tales of Ceylon, Vol. 2, 1914)"
ceylon_parker_v2_en:097,Henry Parker,en,ceylon_parker_v2_en,097,,The Story of the Brāhmaṇa’s Kitten,corpus/ceylon_parker_v2_en/097_the-story-of-the-br-hma-as-kitten.html,"Gutenberg #57399 (Village Folk-Tales of Ceylon, Vol. 2, 1914)"
ceylon_parker_v2_en:098,Henry Parker,en,ceylon_parker_v2_en,098,,The Story of the Mango Bird,corpus/ceylon_parker_v2_en/098_the-story-of-the-mango-bird.html,"Gutenberg #57399 (Village Folk-Tales of Ceylon, Vol. 2, 1914)"
ceylon_parker_v2_en:099,Henry Parker,en,ceylon_parker_v2_en,099,,How the Parrot explained the Law-suit,corpus/ceylon_parker_v2_en/099_how-the-parrot-explained-the-law-suit.html,"Gutenberg #57399 (Village Folk-Tales of Ceylon, Vol. 2, 1914)"
ceylon_parker_v2_en:100,Henry Parker,en,ceylon_parker_v2_en,100,,The Parrot and the Crow,corpus/ceylon_parker_v2_en/100_the-parrot-and-the-crow.html,"Gutenberg #57399 (Village Folk-Tales of Ceylon, Vol. 2, 1914)"
ceylon_parker_v2_en:101,Henry Parker,en,ceylon_parker_v2_en,101,,The Crow and the Darter,corpus/ceylon_parker_v2_en/101_the-crow-and-the-darter.html,"Gutenberg #57399 (Village Folk-Tales of Ceylon, Vol. 2, 1914)"
ceylon_parker_v2_en:102,Henry Parker,en,ceylon_parker_v2_en,102,,Concerning the Crows and the Owls,corpus/ceylon_parker_v2_en/102_concerning-the-crows-and-the-owls.html,"Gutenberg #57399 (Village Folk-Tales of Ceylon, Vol. 2, 1914)"
ceylon_parker_v2_en:103,Henry Parker,en,ceylon_parker_v2_en,103,,The Female Lark,corpus/ceylon_parker_v2_en/103_the-female-lark.html,"Gutenberg #57399 (Village Folk-Tales of Ceylon, Vol. 2, 1914)"
ceylon_parker_v3_en:001,Henry Parker,en,ceylon_parker_v3_en,001,,Concerning the Friendship of the Hare and the Parrot,corpus/ceylon_parker_v3_en/001_concerning-the-friendship-of-the-hare-and-the-parrot.html,"Gutenberg #58889 (Village Folk-Tales of Ceylon, Vol. 3, 1914)"
ceylon_parker_v3_en:002,Henry Parker,en,ceylon_parker_v3_en,002,,The Deer and its Friends,corpus/ceylon_parker_v3_en/002_the-deer-and-its-friends.html,"Gutenberg #58889 (Village Folk-Tales of Ceylon, Vol. 3, 1914)"
ceylon_parker_v3_en:003,Henry Parker,en,ceylon_parker_v3_en,003,,The Foolish Bird,corpus/ceylon_parker_v3_en/003_the-foolish-bird.html,"Gutenberg #58889 (Village Folk-Tales of Ceylon, Vol. 3, 1914)"
ceylon_parker_v3_en:004,Henry Parker,en,ceylon_parker_v3_en,004,,The Golden Oriole,corpus/ceylon_parker_v3_en/004_the-golden-oriole.html,"Gutenberg #58889 (Village Folk-Tales of Ceylon, Vol. 3, 1914)"
ceylon_parker_v3_en:005,Henry Parker,en,ceylon_parker_v3_en,005,,The Story of the Vīra Tree Fish-Owls,corpus/ceylon_parker_v3_en/005_the-story-of-the-v-ra-tree-fish-owls.html,"Gutenberg #58889 (Village Folk-Tales of Ceylon, Vol. 3, 1914)"
ceylon_parker_v3_en:006,Henry Parker,en,ceylon_parker_v3_en,006,,The Lion and the Bull’s Trust in Him,corpus/ceylon_parker_v3_en/006_the-lion-and-the-bulls-trust-in-him.html,"Gutenberg #58889 (Village Folk-Tales of Ceylon, Vol. 3, 1914)"
ceylon_parker_v3_en:007,Henry Parker,en,ceylon_parker_v3_en,007,,The Lizard and the Iguana,corpus/ceylon_parker_v3_en/007_the-lizard-and-the-iguana.html,"Gutenberg #58889 (Village Folk-Tales of Ceylon, Vol. 3, 1914)"
ceylon_parker_v3_en:008,Henry Parker,en,ceylon_parker_v3_en,008,,The Cobra and the Polan̆gā,corpus/ceylon_parker_v3_en/008_the-cobra-and-the-polan-g.html,"Gutenberg #58889 (Village Folk-Tales of Ceylon, Vol. 3, 1914)"
ceylon_parker_v3_en:009,Henry Parker,en,ceylon_parker_v3_en,009,,The Crab and the Frog,corpus/ceylon_parker_v3_en/009_the-crab-and-the-frog.html,"Gutenberg #58889 (Village Folk-Tales of Ceylon, Vol. 3, 1914)"
ceylon_parker_v3_en:010,Henry Parker,en,ceylon_parker_v3_en,010,,A Louse and a Bug,corpus/ceylon_parker_v3_en/010_a-louse-and-a-bug.html,"Gutenberg #58889 (Village Folk-Tales of Ceylon, Vol. 3, 1914)"
ceylon_parker_v3_en:011,Henry Parker,en,ceylon_parker_v3_en,011,,The Three Yakās,corpus/ceylon_parker_v3_en/011_the-three-yak-s.html,"Gutenberg #58889 (Village Folk-Tales of Ceylon, Vol. 3, 1914)"
ceylon_parker_v3_en:012,Henry Parker,en,ceylon_parker_v3_en,012,,The Time of Scholars,corpus/ceylon_parker_v3_en/012_the-time-of-scholars.html,"Gutenberg #58889 (Village Folk-Tales of Ceylon, Vol. 3, 1914)"
ceylon_parker_v3_en:013,Henry Parker,en,ceylon_parker_v3_en,013,,The Thief called Haranṭikā,corpus/ceylon_parker_v3_en/013_the-thief-called-haran-ik.html,"Gutenberg #58889 (Village Folk-Tales of Ceylon, Vol. 3, 1914)"
ceylon_parker_v3_en:014,Henry Parker,en,ceylon_parker_v3_en,014,,The Story of the Four-Fold Trap,corpus/ceylon_parker_v3_en/014_the-story-of-the-four-fold-trap.html,"Gutenberg #58889 (Village Folk-Tales of Ceylon, Vol. 3, 1914)"
ceylon_parker_v3_en:015,Henry Parker,en,ceylon_parker_v3_en,015,,The Foolish Prince,corpus/ceylon_parker_v3_en/015_the-foolish-prince.html,"Gutenberg #58889 (Village Folk-Tales of Ceylon, Vol. 3, 1914)"
ceylon_parker_v3_en:016,Henry Parker,en,ceylon_parker_v3_en,016,,The Jackal and the Gamarāla,corpus/ceylon_parker_v3_en/016_the-jackal-and-the-gamar-la.html,"Gutenberg #58889 (Village Folk-Tales of Ceylon, Vol. 3, 1914)"
ceylon_parker_v3_en:017,Henry Parker,en,ceylon_parker_v3_en,017,,The Story of Batmasurā,corpus/ceylon_parker_v3_en/017_the-story-of-batmasur.html,"Gutenberg #58889 (Village Folk-Tales of Ceylon, Vol. 3, 1914)"
ceylon_parker_v3_en:018,Henry Parker,en,ceylon_parker_v3_en,018,,The Story of Ayiwandā,corpus/ceylon_parker_v3_en/018_the-story-of-ayiwand.html,"Gutenberg #58889 (Village Folk-Tales of Ceylon, Vol. 3, 1914)"
ceylon_parker_v3_en:019,Henry Parker,en,ceylon_parker_v3_en,019,,The Gamarāla’s Son-in-law,corpus/ceylon_parker_v3_en/019_the-gamar-las-son-in-law.html,"Gutenberg #58889 (Village Folk-Tales of Ceylon, Vol. 3, 1914)"
ceylon_parker_v3_en:020,Henry Parker,en,ceylon_parker_v3_en,020,,The Story of the Gamarāla’s Son,corpus/ceylon_parker_v3_en/020_the-story-of-the-gamar-las-son.html,"Gutenberg #58889 (Village Folk-Tales of Ceylon, Vol. 3, 1914)"
ceylon_parker_v3_en:021,Henry Parker,en,ceylon_parker_v3_en,021,,The Manner in which the Gamarāla buried his Sons,corpus/ceylon_parker_v3_en/021_the-manner-in-which-the-gamar-la-buried-his-sons.html,"Gutenberg #58889 (Village Folk-Tales of Ceylon, Vol. 3, 1914)"
ceylon_parker_v3_en:022,Henry Parker,en,ceylon_parker_v3_en,022,,The Story of the Wooden Peacock,corpus/ceylon_parker_v3_en/022_the-story-of-the-wooden-peacock.html,"Gutenberg #58889 (Village Folk-Tales of Ceylon, Vol. 3, 1914)"
ceylon_parker_v3_en:023,Henry Parker,en,ceylon_parker_v3_en,023,,The Wicked Step-mother,corpus/ceylon_parker_v3_en/023_the-wicked-step-mother.html,"Gutenberg #58889 (Village Folk-Tales of Ceylon, Vol. 3, 1914)"
ceylon_parker_v3_en:024,Henry Parker,en,ceylon_parker_v3_en,024,,The Woman who ate by stealth,corpus/ceylon_parker_v3_en/024_the-woman-who-ate-by-stealth.html,"Gutenberg #58889 (Village Folk-Tales of Ceylon, Vol. 3, 1914)"
ceylon_parker_v3_en:025,Henry Parker,en,ceylon_parker_v3_en,025,,The Story of the Bitch,corpus/ceylon_parker_v3_en/025_the-story-of-the-bitch.html,"Gutenberg #58889 (Village Folk-Tales of Ceylon, Vol. 3, 1914)"
ceylon_parker_v3_en:026,Henry Parker,en,ceylon_parker_v3_en,026,,The Elephant Guard,corpus/ceylon_parker_v3_en/026_the-elephant-guard.html,"Gutenberg #58889 (Village Folk-Tales of Ceylon, Vol. 3, 1914)"
ceylon_parker_v3_en:027,Henry Parker,en,ceylon_parker_v3_en,027,,The Elephant-Fool,corpus/ceylon_parker_v3_en/027_the-elephant-fool.html,"Gutenberg #58889 (Village Folk-Tales of Ceylon, Vol. 3, 1914)"
ceylon_parker_v3_en:028,Henry Parker,en,ceylon_parker_v3_en,028,,How a Girl took Gruel,corpus/ceylon_parker_v3_en/028_how-a-girl-took-gruel.html,"Gutenberg #58889 (Village Folk-Tales of Ceylon, Vol. 3, 1914)"
ceylon_parker_v3_en:029,Henry Parker,en,ceylon_parker_v3_en,029,,The Boy who went to learn the Sciences,corpus/ceylon_parker_v3_en/029_the-boy-who-went-to-learn-the-sciences.html,"Gutenberg #58889 (Village Folk-Tales of Ceylon, Vol. 3, 1914)"
ceylon_parker_v3_en:030,Henry Parker,en,ceylon_parker_v3_en,030,,The Prince and the Ascetics,corpus/ceylon_parker_v3_en/030_the-prince-and-the-ascetics.html,"Gutenberg #58889 (Village Folk-Tales of Ceylon, Vol. 3, 1914)"
ceylon_parker_v3_en:031,Henry Parker,en,ceylon_parker_v3_en,031,,The Turtle Prince,corpus/ceylon_parker_v3_en/031_the-turtle-prince.html,"Gutenberg #58889 (Village Folk-Tales of Ceylon, Vol. 3, 1914)"
ceylon_parker_v3_en:032,Henry Parker,en,ceylon_parker_v3_en,032,,The Gem-set Ring,corpus/ceylon_parker_v3_en/032_the-gem-set-ring.html,"Gutenberg #58889 (Village Folk-Tales of Ceylon, Vol. 3, 1914)"
ceylon_parker_v3_en:033,Henry Parker,en,ceylon_parker_v3_en,033,,The Story of the Brāhmaṇa,corpus/ceylon_parker_v3_en/033_the-story-of-the-br-hma-a.html,"Gutenberg #58889 (Village Folk-Tales of Ceylon, Vol. 3, 1914)"
ceylon_parker_v3_en:034,Henry Parker,en,ceylon_parker_v3_en,034,,The Story of a Siwurāla,corpus/ceylon_parker_v3_en/034_the-story-of-a-siwur-la.html,"Gutenberg #58889 (Village Folk-Tales of Ceylon, Vol. 3, 1914)"
ceylon_parker_v3_en:035,Henry Parker,en,ceylon_parker_v3_en,035,,How the Poor Man became Wealthy,corpus/ceylon_parker_v3_en/035_how-the-poor-man-became-wealthy.html,"Gutenberg #58889 (Village Folk-Tales of Ceylon, Vol. 3, 1914)"
ceylon_parker_v3_en:036,Henry Parker,en,ceylon_parker_v3_en,036,,The Story of Mādampē-rāla,corpus/ceylon_parker_v3_en/036_the-story-of-m-damp-r-la.html,"Gutenberg #58889 (Village Folk-Tales of Ceylon, Vol. 3, 1914)"
ceylon_parker_v3_en:037,Henry Parker,en,ceylon_parker_v3_en,037,,Æwariyakkā,corpus/ceylon_parker_v3_en/037_wariyakk.html,"Gutenberg #58889 (Village Folk-Tales of Ceylon, Vol. 3, 1914)"
ceylon_parker_v3_en:038,Henry Parker,en,ceylon_parker_v3_en,038,,The Horikaḍayā Story,corpus/ceylon_parker_v3_en/038_the-horika-ay-story.html,"Gutenberg #58889 (Village Folk-Tales of Ceylon, Vol. 3, 1914)"
ceylon_parker_v3_en:039,Henry Parker,en,ceylon_parker_v3_en,039,,The Story of Bahu-Bhūtayā,corpus/ceylon_parker_v3_en/039_the-story-of-bahu-bh-tay.html,"Gutenberg #58889 (Village Folk-Tales of Ceylon, Vol. 3, 1914)"
ceylon_parker_v3_en:040,Henry Parker,en,ceylon_parker_v3_en,040,,The Story of Goḷu-Bayiyā,corpus/ceylon_parker_v3_en/040_the-story-of-go-u-bayiy.html,"Gutenberg #58889 (Village Folk-Tales of Ceylon, Vol. 3, 1914)"
ceylon_parker_v3_en:041,Henry Parker,en,ceylon_parker_v3_en,041,,The Yakā of the Akaraganē Jungle,corpus/ceylon_parker_v3_en/041_the-yak-of-the-akaragan-jungle.html,"Gutenberg #58889 (Village Folk-Tales of Ceylon, Vol. 3, 1914)"
ceylon_parker_v3_en:042,Henry Parker,en,ceylon_parker_v3_en,042,,The Four Rākshasas,corpus/ceylon_parker_v3_en/042_the-four-r-kshasas.html,"Gutenberg #58889 (Village Folk-Tales of Ceylon, Vol. 3, 1914)"
ceylon_parker_v3_en:043,Henry Parker,en,ceylon_parker_v3_en,043,,The Story of the Rākshasa,corpus/ceylon_parker_v3_en/043_the-story-of-the-r-kshasa.html,"Gutenberg #58889 (Village Folk-Tales of Ceylon, Vol. 3, 1914)"
ceylon_parker_v3_en:044,Henry Parker,en,ceylon_parker_v3_en,044,,The Thief and the Rākshasas,corpus/ceylon_parker_v3_en/044_the-thief-and-the-r-kshasas.html,"Gutenberg #58889 (Village Folk-Tales of Ceylon, Vol. 3, 1914)"
ceylon_parker_v3_en:045,Henry Parker,en,ceylon_parker_v3_en,045,,King Gaja-Bāhu and the Crow,corpus/ceylon_parker_v3_en/045_king-gaja-b-hu-and-the-crow.html,"Gutenberg #58889 (Village Folk-Tales of Ceylon, Vol. 3, 1914)"
ceylon_parker_v3_en:046,Henry Parker,en,ceylon_parker_v3_en,046,,The Assistance which the Snake gave,corpus/ceylon_parker_v3_en/046_the-assistance-which-the-snake-gave.html,"Gutenberg #58889 (Village Folk-Tales of Ceylon, Vol. 3, 1914)"
ceylon_parker_v3_en:047,Henry Parker,en,ceylon_parker_v3_en,047,,"The Leveret, or the Story of the Seven Women",corpus/ceylon_parker_v3_en/047_the-leveret-or-the-story-of-the-seven-women.html,"Gutenberg #58889 (Village Folk-Tales of Ceylon, Vol. 3, 1914)"
ceylon_parker_v3_en:048,Henry Parker,en,ceylon_parker_v3_en,048,,The Greedy Palm-cat,corpus/ceylon_parker_v3_en/048_the-greedy-palm-cat.html,"Gutenberg #58889 (Village Folk-Tales of Ceylon, Vol. 3, 1914)"
ceylon_parker_v3_en:049,Henry Parker,en,ceylon_parker_v3_en,049,,The Wax Horse,corpus/ceylon_parker_v3_en/049_the-wax-horse.html,"Gutenberg #58889 (Village Folk-Tales of Ceylon, Vol. 3, 1914)"
ceylon_parker_v3_en:050,Henry Parker,en,ceylon_parker_v3_en,050,,The Three-cornered Hatter,corpus/ceylon_parker_v3_en/050_the-three-cornered-hatter.html,"Gutenberg #58889 (Village Folk-Tales of Ceylon, Vol. 3, 1914)"
ceylon_parker_v3_en:051,Henry Parker,en,ceylon_parker_v3_en,051,,The Gamarāla who went to the God-World,corpus/ceylon_parker_v3_en/051_the-gamar-la-who-went-to-the-god-world.html,"Gutenberg #58889 (Village Folk-Tales of Ceylon, Vol. 3, 1914)"
ceylon_parker_v3_en:052,Henry Parker,en,ceylon_parker_v3_en,052,,The Gamarāla who ate Black Fowls’ Flesh and Hīn-aeṭi Rice,corpus/ceylon_parker_v3_en/052_the-gamar-la-who-ate-black-fowls-flesh-and-h-n-ae-i-rice.html,"Gutenberg #58889 (Village Folk-Tales of Ceylon, Vol. 3, 1914)"
ceylon_parker_v3_en:053,Henry Parker,en,ceylon_parker_v3_en,053,,How the Gamarāla drove away the Lion,corpus/ceylon_parker_v3_en/053_how-the-gamar-la-drove-away-the-lion.html,"Gutenberg #58889 (Village Folk-Tales of Ceylon, Vol. 3, 1914)"
ceylon_parker_v3_en:054,Henry Parker,en,ceylon_parker_v3_en,054,,The Son who was Blind at Night,corpus/ceylon_parker_v3_en/054_the-son-who-was-blind-at-night.html,"Gutenberg #58889 (Village Folk-Tales of Ceylon, Vol. 3, 1914)"
ceylon_parker_v3_en:055,Henry Parker,en,ceylon_parker_v3_en,055,,The Son and the Mother,corpus/ceylon_parker_v3_en/055_the-son-and-the-mother.html,"Gutenberg #58889 (Village Folk-Tales of Ceylon, Vol. 3, 1914)"
ceylon_parker_v3_en:056,Henry Parker,en,ceylon_parker_v3_en,056,,Concerning the Heṭṭi Man’s Son,corpus/ceylon_parker_v3_en/056_concerning-the-he-i-mans-son.html,"Gutenberg #58889 (Village Folk-Tales of Ceylon, Vol. 3, 1914)"
ceylon_parker_v3_en:057,Henry Parker,en,ceylon_parker_v3_en,057,,The Fortunate Boy,corpus/ceylon_parker_v3_en/057_the-fortunate-boy.html,"Gutenberg #58889 (Village Folk-Tales of Ceylon, Vol. 3, 1914)"
ceylon_parker_v3_en:058,Henry Parker,en,ceylon_parker_v3_en,058,,How the Daughter-in-law got the Masuran,corpus/ceylon_parker_v3_en/058_how-the-daughter-in-law-got-the-masuran.html,"Gutenberg #58889 (Village Folk-Tales of Ceylon, Vol. 3, 1914)"
ceylon_parker_v3_en:059,Henry Parker,en,ceylon_parker_v3_en,059,,"The Monkey and the Beggar, or the Monkey Appusiññō and the Beggar Babāsiññō",corpus/ceylon_parker_v3_en/059_the-monkey-and-the-beggar-or-the-monkey-appusi-and-the-beggar-bab-si.html,"Gutenberg #58889 (Village Folk-Tales of Ceylon, Vol. 3, 1914)"
ceylon_parker_v3_en:060,Henry Parker,en,ceylon_parker_v3_en,060,,How the Beggar and the King gambled,corpus/ceylon_parker_v3_en/060_how-the-beggar-and-the-king-gambled.html,"Gutenberg #58889 (Village Folk-Tales of Ceylon, Vol. 3, 1914)"
ceylon_parker_v3_en:061,Henry Parker,en,ceylon_parker_v3_en,061,,The Story of the King,corpus/ceylon_parker_v3_en/061_the-story-of-the-king.html,"Gutenberg #58889 (Village Folk-Tales of Ceylon, Vol. 3, 1914)"
ceylon_parker_v3_en:062,Henry Parker,en,ceylon_parker_v3_en,062,,The King who learnt the Speech of Animals,corpus/ceylon_parker_v3_en/062_the-king-who-learnt-the-speech-of-animals.html,"Gutenberg #58889 (Village Folk-Tales of Ceylon, Vol. 3, 1914)"
ceylon_parker_v3_en:063,Henry Parker,en,ceylon_parker_v3_en,063,,The Mad King,corpus/ceylon_parker_v3_en/063_the-mad-king.html,"Gutenberg #58889 (Village Folk-Tales of Ceylon, Vol. 3, 1914)"
ceylon_parker_v3_en:064,Henry Parker,en,ceylon_parker_v3_en,064,,Concerning the Prince with his Life in his Sword,corpus/ceylon_parker_v3_en/064_concerning-the-prince-with-his-life-in-his-sword.html,"Gutenberg #58889 (Village Folk-Tales of Ceylon, Vol. 3, 1914)"
ceylon_parker_v3_en:065,Henry Parker,en,ceylon_parker_v3_en,065,,The Royal Prince and the Heṭṭirāla,corpus/ceylon_parker_v3_en/065_the-royal-prince-and-the-he-ir-la.html,"Gutenberg #58889 (Village Folk-Tales of Ceylon, Vol. 3, 1914)"
ceylon_parker_v3_en:066,Henry Parker,en,ceylon_parker_v3_en,066,,Prince Sokkā,corpus/ceylon_parker_v3_en/066_prince-sokk.html,"Gutenberg #58889 (Village Folk-Tales of Ceylon, Vol. 3, 1914)"
ceylon_parker_v3_en:067,Henry Parker,en,ceylon_parker_v3_en,067,,The Affectionate Prince,corpus/ceylon_parker_v3_en/067_the-affectionate-prince.html,"Gutenberg #58889 (Village Folk-Tales of Ceylon, Vol. 3, 1914)"
ceylon_parker_v3_en:068,Henry Parker,en,ceylon_parker_v3_en,068,,The Prince who received the Turtle Shell,corpus/ceylon_parker_v3_en/068_the-prince-who-received-the-turtle-shell.html,"Gutenberg #58889 (Village Folk-Tales of Ceylon, Vol. 3, 1914)"
ceylon_parker_v3_en:069,Henry Parker,en,ceylon_parker_v3_en,069,,Concerning a Prince and a Kinnara Woman,corpus/ceylon_parker_v3_en/069_concerning-a-prince-and-a-kinnara-woman.html,"Gutenberg #58889 (Village Folk-Tales of Ceylon, Vol. 3, 1914)"
ceylon_parker_v3_en:070,Henry Parker,en,ceylon_parker_v3_en,070,,The Way in which the Prince traded,corpus/ceylon_parker_v3_en/070_the-way-in-which-the-prince-traded.html,"Gutenberg #58889 (Village Folk-Tales of Ceylon, Vol. 3, 1914)"
ceylon_parker_v3_en:071,Henry Parker,en,ceylon_parker_v3_en,071,,A Princess and a Prince,corpus/ceylon_parker_v3_en/071_a-princess-and-a-prince.html,"Gutenberg #58889 (Village Folk-Tales of Ceylon, Vol. 3, 1914)"
ceylon_parker_v3_en:072,Henry Parker,en,ceylon_parker_v3_en,072,,Concerning a Royal Princess and Two Thieves,corpus/ceylon_parker_v3_en/072_concerning-a-royal-princess-and-two-thieves.html,"Gutenberg #58889 (Village Folk-Tales of Ceylon, Vol. 3, 1914)"
ceylon_parker_v3_en:073,Henry Parker,en,ceylon_parker_v3_en,073,,How the Nāgayā became the Princess,corpus/ceylon_parker_v3_en/073_how-the-n-gay-became-the-princess.html,"Gutenberg #58889 (Village Folk-Tales of Ceylon, Vol. 3, 1914)"
ceylon_parker_v3_en:074,Henry Parker,en,ceylon_parker_v3_en,074,,The Story of the Cobra’s Bite,corpus/ceylon_parker_v3_en/074_the-story-of-the-cobras-bite.html,"Gutenberg #58889 (Village Folk-Tales of Ceylon, Vol. 3, 1914)"
ceylon_parker_v3_en:075,Henry Parker,en,ceylon_parker_v3_en,075,,How they killed the Great-bellied Tambi,corpus/ceylon_parker_v3_en/075_how-they-killed-the-great-bellied-tambi.html,"Gutenberg #58889 (Village Folk-Tales of Ceylon, Vol. 3, 1914)"
ceylon_parker_v3_en:076,Henry Parker,en,ceylon_parker_v3_en,076,,How Mārayā was put in the Bottle,corpus/ceylon_parker_v3_en/076_how-m-ray-was-put-in-the-bottle.html,"Gutenberg #58889 (Village Folk-Tales of Ceylon, Vol. 3, 1914)"
ceylon_parker_v3_en:077,Henry Parker,en,ceylon_parker_v3_en,077,,The Woman Pre-eminent in Cunning,corpus/ceylon_parker_v3_en/077_the-woman-pre-eminent-in-cunning.html,"Gutenberg #58889 (Village Folk-Tales of Ceylon, Vol. 3, 1914)"
ceylon_parker_v3_en:078,Henry Parker,en,ceylon_parker_v3_en,078,,Mātalānā,corpus/ceylon_parker_v3_en/078_m-tal-n.html,"Gutenberg #58889 (Village Folk-Tales of Ceylon, Vol. 3, 1914)"
ceylon_parker_v3_en:079,Henry Parker,en,ceylon_parker_v3_en,079,,The Five Lies quite like Truth,corpus/ceylon_parker_v3_en/079_the-five-lies-quite-like-truth.html,"Gutenberg #58889 (Village Folk-Tales of Ceylon, Vol. 3, 1914)"
ceylon_parker_v3_en:080,Henry Parker,en,ceylon_parker_v3_en,080,,The Three Truths,corpus/ceylon_parker_v3_en/080_the-three-truths.html,"Gutenberg #58889 (Village Folk-Tales of Ceylon, Vol. 3, 1914)"
ceylon_parker_v3_en:081,Henry Parker,en,ceylon_parker_v3_en,081,,The False Tale,corpus/ceylon_parker_v3_en/081_the-false-tale.html,"Gutenberg #58889 (Village Folk-Tales of Ceylon, Vol. 3, 1914)"
ceylon_parker_v3_en:082,Henry Parker,en,ceylon_parker_v3_en,082,,The Story of Koṭā,corpus/ceylon_parker_v3_en/082_the-story-of-ko.html,"Gutenberg #58889 (Village Folk-Tales of Ceylon, Vol. 3, 1914)"
ceylon_parker_v3_en:083,Henry Parker,en,ceylon_parker_v3_en,083,,The Story of Sokkā,corpus/ceylon_parker_v3_en/083_the-story-of-sokk.html,"Gutenberg #58889 (Village Folk-Tales of Ceylon, Vol. 3, 1914)"
ceylon_parker_v3_en:084,Henry Parker,en,ceylon_parker_v3_en,084,,The Giant and his Two Friends,corpus/ceylon_parker_v3_en/084_the-giant-and-his-two-friends.html,"Gutenberg #58889 (Village Folk-Tales of Ceylon, Vol. 3, 1914)"
ceylon_parker_v3_en:085,Henry Parker,en,ceylon_parker_v3_en,085,,How they formerly Ate and Drank,corpus/ceylon_parker_v3_en/085_how-they-formerly-ate-and-drank.html,"Gutenberg #58889 (Village Folk-Tales of Ceylon, Vol. 3, 1914)"
ceylon_parker_v3_en:086,Henry Parker,en,ceylon_parker_v3_en,086,,The Gourd Fruit Devil-Dance,corpus/ceylon_parker_v3_en/086_the-gourd-fruit-devil-dance.html,"Gutenberg #58889 (Village Folk-Tales of Ceylon, Vol. 3, 1914)"
ceylon_parker_v3_en:087,Henry Parker,en,ceylon_parker_v3_en,087,,The Ascetic and the Jackal,corpus/ceylon_parker_v3_en/087_the-ascetic-and-the-jackal.html,"Gutenberg #58889 (Village Folk-Tales of Ceylon, Vol. 3, 1914)"
ceylon_parker_v3_en:088,Henry Parker,en,ceylon_parker_v3_en,088,,Concerning the Blind-Eyed Man,corpus/ceylon_parker_v3_en/088_concerning-the-blind-eyed-man.html,"Gutenberg #58889 (Village Folk-Tales of Ceylon, Vol. 3, 1914)"
ceylon_parker_v3_en:089,Henry Parker,en,ceylon_parker_v3_en,089,,The Destiny Prince,corpus/ceylon_parker_v3_en/089_the-destiny-prince.html,"Gutenberg #58889 (Village Folk-Tales of Ceylon, Vol. 3, 1914)"
ceylon_parker_v3_en:090,Henry Parker,en,ceylon_parker_v3_en,090,,The Teacher and his Pupil,corpus/ceylon_parker_v3_en/090_the-teacher-and-his-pupil.html,"Gutenberg #58889 (Village Folk-Tales of Ceylon, Vol. 3, 1914)"
ceylon_parker_v3_en:091,Henry Parker,en,ceylon_parker_v3_en,091,,SINHALESE TEXTS OF STORIES,corpus/ceylon_parker_v3_en/091_sinhalese-texts-of-stories.html,"Gutenberg #58889 (Village Folk-Tales of Ceylon, Vol. 3, 1914)"
ceylon_parker_v3_en:092,Henry Parker,en,ceylon_parker_v3_en,092,,Rāja-kumārayakut Kumārikāwak gæna,corpus/ceylon_parker_v3_en/092_r-ja-kum-rayakut-kum-rik-wak-g-na.html,"Gutenberg #58889 (Village Folk-Tales of Ceylon, Vol. 3, 1914)"
ceylon_parker_v3_en:093,Henry Parker,en,ceylon_parker_v3_en,093,,Napuru Gǣnu Haddenāge Katantaraya,corpus/ceylon_parker_v3_en/093_napuru-g-nu-hadden-ge-katantaraya.html,"Gutenberg #58889 (Village Folk-Tales of Ceylon, Vol. 3, 1914)"
ceylon_parker_v3_en:094,Henry Parker,en,ceylon_parker_v3_en,094,,Rāksayāgeyi Kumārikāwageyi Katantaraya,corpus/ceylon_parker_v3_en/094_r-ksay-geyi-kum-rik-wageyi-katantaraya.html,"Gutenberg #58889 (Village Folk-Tales of Ceylon, Vol. 3, 1914)"
ceylon_parker_v3_en:095,Henry Parker,en,ceylon_parker_v3_en,095,,Ibi Kumārayā,corpus/ceylon_parker_v3_en/095_ibi-kum-ray.html,"Gutenberg #58889 (Village Folk-Tales of Ceylon, Vol. 3, 1914)"
ceylon_parker_v3_en:096,Henry Parker,en,ceylon_parker_v3_en,096,,Goḷu Bayiyæ Kathāwa,corpus/ceylon_parker_v3_en/096_go-u-bayiy-kath-wa.html,"Gutenberg #58889 (Village Folk-Tales of Ceylon, Vol. 3, 1914)"
ceylon_parker_v3_en:097,Henry Parker,en,ceylon_parker_v3_en,097,,Iṭi Aśwayā,corpus/ceylon_parker_v3_en/097_i-i-a-way.html,"Gutenberg #58889 (Village Folk-Tales of Ceylon, Vol. 3, 1914)"
ceylon_parker_v3_en:098,Henry Parker,en,ceylon_parker_v3_en,098,,Omitted Incidents.,corpus/ceylon_parker_v3_en/098_omitted-incidents.html,"Gutenberg #58889 (Village Folk-Tales of Ceylon, Vol. 3, 1914)"
burmese_pagoda_en:001,Told on the Pagoda (Mrs. A. M. B. Irwin),en,burmese_pagoda_en,001,,"THE WOMAN, THE MAN AND THE NĀT.",corpus/burmese_pagoda_en/001_the-woman-the-man-and-the-n-t.html,"Gutenberg #36171 (Told on the Pagoda: Tales of Burmah, 1895)"
burmese_pagoda_en:002,Told on the Pagoda (Mrs. A. M. B. Irwin),en,burmese_pagoda_en,002,,A FABLE.,corpus/burmese_pagoda_en/002_a-fable.html,"Gutenberg #36171 (Told on the Pagoda: Tales of Burmah, 1895)"
burmese_pagoda_en:003,Told on the Pagoda (Mrs. A. M. B. Irwin),en,burmese_pagoda_en,003,,THE STOLEN TREASURE.,corpus/burmese_pagoda_en/003_the-stolen-treasure.html,"Gutenberg #36171 (Told on the Pagoda: Tales of Burmah, 1895)"
burmese_pagoda_en:004,Told on the Pagoda (Mrs. A. M. B. Irwin),en,burmese_pagoda_en,004,,THE VIGIL OF MAH MAY.,corpus/burmese_pagoda_en/004_the-vigil-of-mah-may.html,"Gutenberg #36171 (Told on the Pagoda: Tales of Burmah, 1895)"
burmese_pagoda_en:005,Told on the Pagoda (Mrs. A. M. B. Irwin),en,burmese_pagoda_en,005,,THE PETITION TO THE KING.,corpus/burmese_pagoda_en/005_the-petition-to-the-king.html,"Gutenberg #36171 (Told on the Pagoda: Tales of Burmah, 1895)"
burmese_pagoda_en:006,Told on the Pagoda (Mrs. A. M. B. Irwin),en,burmese_pagoda_en,006,,THE PRIEST'S PETITION.,corpus/burmese_pagoda_en/006_the-priests-petition.html,"Gutenberg #36171 (Told on the Pagoda: Tales of Burmah, 1895)"
burmese_pagoda_en:007,Told on the Pagoda (Mrs. A. M. B. Irwin),en,burmese_pagoda_en,007,,THE COMMAND OF THE KING.,corpus/burmese_pagoda_en/007_the-command-of-the-king.html,"Gutenberg #36171 (Told on the Pagoda: Tales of Burmah, 1895)"
shan_griggs_en:001,William C. Griggs,en,shan_griggs_en,001,,"""A LAUNG KHIT.""",corpus/shan_griggs_en/001_quota-laung-khit-quot.html,"Gutenberg #32375 (Shan Folk Lore Stories, 1902)"
shan_griggs_en:002,William C. Griggs,en,shan_griggs_en,002,,HOW BOH HAN ME GOT HIS TITLE.,corpus/shan_griggs_en/002_how-boh-han-me-got-his-title.html,"Gutenberg #32375 (Shan Folk Lore Stories, 1902)"
shan_griggs_en:003,William C. Griggs,en,shan_griggs_en,003,,THE TWO CHINAMEN.,corpus/shan_griggs_en/003_the-two-chinamen.html,"Gutenberg #32375 (Shan Folk Lore Stories, 1902)"
shan_griggs_en:004,William C. Griggs,en,shan_griggs_en,004,,STORY OF THE PRINCESS NANG KAM UNG,corpus/shan_griggs_en/004_story-of-the-princess-nang-kam-ung.html,"Gutenberg #32375 (Shan Folk Lore Stories, 1902)"
shan_griggs_en:005,William C. Griggs,en,shan_griggs_en,005,,HOW THE HARE DECEIVED THE TIGER.,corpus/shan_griggs_en/005_how-the-hare-deceived-the-tiger.html,"Gutenberg #32375 (Shan Folk Lore Stories, 1902)"
shan_griggs_en:006,William C. Griggs,en,shan_griggs_en,006,,THE STORY OF THE TORTOISE.,corpus/shan_griggs_en/006_the-story-of-the-tortoise.html,"Gutenberg #32375 (Shan Folk Lore Stories, 1902)"
shan_griggs_en:007,William C. Griggs,en,shan_griggs_en,007,,THE SPARROW'S WONDERFUL BROOD.,corpus/shan_griggs_en/007_the-sparrows-wonderful-brood.html,"Gutenberg #32375 (Shan Folk Lore Stories, 1902)"
shan_griggs_en:008,William C. Griggs,en,shan_griggs_en,008,,HOW THE WORLD WAS CREATED.,corpus/shan_griggs_en/008_how-the-world-was-created.html,"Gutenberg #32375 (Shan Folk Lore Stories, 1902)"
shan_griggs_en:009,William C. Griggs,en,shan_griggs_en,009,,HOW THE KING OF PAGAN CAUGHT THE THIEF.,corpus/shan_griggs_en/009_how-the-king-of-pagan-caught-the-thief.html,"Gutenberg #32375 (Shan Folk Lore Stories, 1902)"
tibetan_folktales_en:001,A. L. Shelton,en,tibetan_folktales_en,001,,HOW THE HARE GOT HIS SPLIT LIP.,corpus/tibetan_folktales_en/001_how-the-hare-got-his-split-lip.html,"Gutenberg #75000 (Folk Tales from Tibet, 1925)"
tibetan_folktales_en:002,A. L. Shelton,en,tibetan_folktales_en,002,,THE STORY OF THE TIGER AND THE MAN.,corpus/tibetan_folktales_en/002_the-story-of-the-tiger-and-the-man.html,"Gutenberg #75000 (Folk Tales from Tibet, 1925)"
tibetan_folktales_en:003,A. L. Shelton,en,tibetan_folktales_en,003,,THE STORY OF GOOD FAITH.,corpus/tibetan_folktales_en/003_the-story-of-good-faith.html,"Gutenberg #75000 (Folk Tales from Tibet, 1925)"
tibetan_folktales_en:004,A. L. Shelton,en,tibetan_folktales_en,004,,THE STORY OF THE TWO NEIGHBOURS.,corpus/tibetan_folktales_en/004_the-story-of-the-two-neighbours.html,"Gutenberg #75000 (Folk Tales from Tibet, 1925)"
tibetan_folktales_en:005,A. L. Shelton,en,tibetan_folktales_en,005,,THE STORY OF THE CAT AND THE MICE.,corpus/tibetan_folktales_en/005_the-story-of-the-cat-and-the-mice.html,"Gutenberg #75000 (Folk Tales from Tibet, 1925)"
tibetan_folktales_en:006,A. L. Shelton,en,tibetan_folktales_en,006,,THE STORY OF THE FOOLISH YOUNG MUSSULMAN.,corpus/tibetan_folktales_en/006_the-story-of-the-foolish-young-mussulman.html,"Gutenberg #75000 (Folk Tales from Tibet, 1925)"
tibetan_folktales_en:007,A. L. Shelton,en,tibetan_folktales_en,007,,"THE KYANG, THE FOX, THE WOLF AND THE HARE.",corpus/tibetan_folktales_en/007_the-kyang-the-fox-the-wolf-and-the-hare.html,"Gutenberg #75000 (Folk Tales from Tibet, 1925)"
tibetan_folktales_en:008,A. L. Shelton,en,tibetan_folktales_en,008,,THE FROG AND THE CROW.,corpus/tibetan_folktales_en/008_the-frog-and-the-crow.html,"Gutenberg #75000 (Folk Tales from Tibet, 1925)"
tibetan_folktales_en:009,A. L. Shelton,en,tibetan_folktales_en,009,,THE HARE AND THE LIONS.,corpus/tibetan_folktales_en/009_the-hare-and-the-lions.html,"Gutenberg #75000 (Folk Tales from Tibet, 1925)"
tibetan_folktales_en:010,A. L. Shelton,en,tibetan_folktales_en,010,,"THE SHEEP, THE LAMB, THE WOLF AND THE HARE.",corpus/tibetan_folktales_en/010_the-sheep-the-lamb-the-wolf-and-the-hare.html,"Gutenberg #75000 (Folk Tales from Tibet, 1925)"
tibetan_folktales_en:011,A. L. Shelton,en,tibetan_folktales_en,011,,THE STORY OF HOW THE HARE MADE A FOOL OF THE WOLF.,corpus/tibetan_folktales_en/011_the-story-of-how-the-hare-made-a-fool-of-the-wolf.html,"Gutenberg #75000 (Folk Tales from Tibet, 1925)"
tibetan_folktales_en:012,A. L. Shelton,en,tibetan_folktales_en,012,,THE MOUSE’S THREE CHILDREN.,corpus/tibetan_folktales_en/012_the-mouses-three-children.html,"Gutenberg #75000 (Folk Tales from Tibet, 1925)"
tibetan_folktales_en:013,A. L. Shelton,en,tibetan_folktales_en,013,,THE JACKALS AND THE TIGER.,corpus/tibetan_folktales_en/013_the-jackals-and-the-tiger.html,"Gutenberg #75000 (Folk Tales from Tibet, 1925)"
tibetan_folktales_en:014,A. L. Shelton,en,tibetan_folktales_en,014,,THE STORY OF THE THREE THIEVES.,corpus/tibetan_folktales_en/014_the-story-of-the-three-thieves.html,"Gutenberg #75000 (Folk Tales from Tibet, 1925)"
tibetan_folktales_en:015,A. L. Shelton,en,tibetan_folktales_en,015,,THE STORY OF THE BOY WITH THE DEFORMED HEAD.,corpus/tibetan_folktales_en/015_the-story-of-the-boy-with-the-deformed-head.html,"Gutenberg #75000 (Folk Tales from Tibet, 1925)"
tibetan_folktales_en:016,A. L. Shelton,en,tibetan_folktales_en,016,,THE PRINCE AND THE OGRE’S CASTLE.,corpus/tibetan_folktales_en/016_the-prince-and-the-ogres-castle.html,"Gutenberg #75000 (Folk Tales from Tibet, 1925)"
tibetan_folktales_en:017,A. L. Shelton,en,tibetan_folktales_en,017,,THE STORY OF THE STONE LION.,corpus/tibetan_folktales_en/017_the-story-of-the-stone-lion.html,"Gutenberg #75000 (Folk Tales from Tibet, 1925)"
tibetan_folktales_en:018,A. L. Shelton,en,tibetan_folktales_en,018,,THE STORY OF THE LAMA’S SERVANT.,corpus/tibetan_folktales_en/018_the-story-of-the-lamas-servant.html,"Gutenberg #75000 (Folk Tales from Tibet, 1925)"
tibetan_folktales_en:019,A. L. Shelton,en,tibetan_folktales_en,019,,THE COUNTRY OF THE MICE.,corpus/tibetan_folktales_en/019_the-country-of-the-mice.html,"Gutenberg #75000 (Folk Tales from Tibet, 1925)"
tibetan_folktales_en:020,A. L. Shelton,en,tibetan_folktales_en,020,,THE STORY OF THE TORTOISE AND THE MONKEY.,corpus/tibetan_folktales_en/020_the-story-of-the-tortoise-and-the-monkey.html,"Gutenberg #75000 (Folk Tales from Tibet, 1925)"
tibetan_folktales_en:021,A. L. Shelton,en,tibetan_folktales_en,021,,THE STORY OF ROOM BACHA AND BAKI.,corpus/tibetan_folktales_en/021_the-story-of-room-bacha-and-baki.html,"Gutenberg #75000 (Folk Tales from Tibet, 1925)"
tibetan_folktales_en:022,A. L. Shelton,en,tibetan_folktales_en,022,,HOW HE FOUND THE LOST TURQUOISE.,corpus/tibetan_folktales_en/022_how-he-found-the-lost-turquoise.html,"Gutenberg #75000 (Folk Tales from Tibet, 1925)"
tibetan_folktales_en:023,A. L. Shelton,en,tibetan_folktales_en,023,,HOW HE DISLODGED THE SPIDER.,corpus/tibetan_folktales_en/023_how-he-dislodged-the-spider.html,"Gutenberg #75000 (Folk Tales from Tibet, 1925)"
tibetan_folktales_en:024,A. L. Shelton,en,tibetan_folktales_en,024,,HOW HE DEFEATED THE ENEMY.,corpus/tibetan_folktales_en/024_how-he-defeated-the-enemy.html,"Gutenberg #75000 (Folk Tales from Tibet, 1925)"
tibetan_folktales_en:025,A. L. Shelton,en,tibetan_folktales_en,025,,SOME VERSES FROM TIBETAN LOVE-SONGS.,corpus/tibetan_folktales_en/025_some-verses-from-tibetan-love-songs.html,"Gutenberg #75000 (Folk Tales from Tibet, 1925)"
tibetan_folktales_en:026,A. L. Shelton,en,tibetan_folktales_en,026,,LOVE SONG.,corpus/tibetan_folktales_en/026_love-song.html,"Gutenberg #75000 (Folk Tales from Tibet, 1925)"
spanish_munoz_en:001,José Muñoz Escámez,en,spanish_munoz_en,001,,Khing-Chu-Fu,corpus/spanish_munoz_en/001_khing-chu-fu.html,"Gutenberg #43212 (Fairy Tales from Spain, 1913)"
spanish_munoz_en:002,José Muñoz Escámez,en,spanish_munoz_en,002,,The City Of Fortune,corpus/spanish_munoz_en/002_the-city-of-fortune.html,"Gutenberg #43212 (Fairy Tales from Spain, 1913)"
spanish_munoz_en:003,José Muñoz Escámez,en,spanish_munoz_en,003,,The Garden Of Health,corpus/spanish_munoz_en/003_the-garden-of-health.html,"Gutenberg #43212 (Fairy Tales from Spain, 1913)"
spanish_munoz_en:004,José Muñoz Escámez,en,spanish_munoz_en,004,,Carabi! Carabo!,corpus/spanish_munoz_en/004_carabi-carabo.html,"Gutenberg #43212 (Fairy Tales from Spain, 1913)"
spanish_munoz_en:005,José Muñoz Escámez,en,spanish_munoz_en,005,,The Author Of The Wall,corpus/spanish_munoz_en/005_the-author-of-the-wall.html,"Gutenberg #43212 (Fairy Tales from Spain, 1913)"
spanish_munoz_en:006,José Muñoz Escámez,en,spanish_munoz_en,006,,The Devil'S Tournament,corpus/spanish_munoz_en/006_the-devils-tournament.html,"Gutenberg #43212 (Fairy Tales from Spain, 1913)"
spanish_munoz_en:007,José Muñoz Escámez,en,spanish_munoz_en,007,,The Treasure Of The Dragon,corpus/spanish_munoz_en/007_the-treasure-of-the-dragon.html,"Gutenberg #43212 (Fairy Tales from Spain, 1913)"
spanish_munoz_en:008,José Muñoz Escámez,en,spanish_munoz_en,008,,The Man With The Two Faces,corpus/spanish_munoz_en/008_the-man-with-the-two-faces.html,"Gutenberg #43212 (Fairy Tales from Spain, 1913)"
spanish_munoz_en:009,José Muñoz Escámez,en,spanish_munoz_en,009,,The Treachery Of Micifuf,corpus/spanish_munoz_en/009_the-treachery-of-micifuf.html,"Gutenberg #43212 (Fairy Tales from Spain, 1913)"
spanish_munoz_en:010,José Muñoz Escámez,en,spanish_munoz_en,010,,Trompetilla And Trompetin,corpus/spanish_munoz_en/010_trompetilla-and-trompetin.html,"Gutenberg #43212 (Fairy Tales from Spain, 1913)"
spanish_munoz_en:011,José Muñoz Escámez,en,spanish_munoz_en,011,,The Quack Doctor,corpus/spanish_munoz_en/011_the-quack-doctor.html,"Gutenberg #43212 (Fairy Tales from Spain, 1913)"
spanish_munoz_en:012,José Muñoz Escámez,en,spanish_munoz_en,012,,The Drawing School,corpus/spanish_munoz_en/012_the-drawing-school.html,"Gutenberg #43212 (Fairy Tales from Spain, 1913)"
spanish_munoz_en:013,José Muñoz Escámez,en,spanish_munoz_en,013,,The Man With The Nose,corpus/spanish_munoz_en/013_the-man-with-the-nose.html,"Gutenberg #43212 (Fairy Tales from Spain, 1913)"
spanish_munoz_en:014,José Muñoz Escámez,en,spanish_munoz_en,014,,The Island Of Brilliants,corpus/spanish_munoz_en/014_the-island-of-brilliants.html,"Gutenberg #43212 (Fairy Tales from Spain, 1913)"
spanish_munoz_en:015,José Muñoz Escámez,en,spanish_munoz_en,015,,The Judgment Of The Flowers,corpus/spanish_munoz_en/015_the-judgment-of-the-flowers.html,"Gutenberg #43212 (Fairy Tales from Spain, 1913)"
spanish_munoz_en:016,José Muñoz Escámez,en,spanish_munoz_en,016,,The Three Questions,corpus/spanish_munoz_en/016_the-three-questions.html,"Gutenberg #43212 (Fairy Tales from Spain, 1913)"
spanish_munoz_en:017,José Muñoz Escámez,en,spanish_munoz_en,017,,The Captain'S Exploit,corpus/spanish_munoz_en/017_the-captains-exploit.html,"Gutenberg #43212 (Fairy Tales from Spain, 1913)"
spanish_munoz_en:018,José Muñoz Escámez,en,spanish_munoz_en,018,,The Topsy-Turvy World,corpus/spanish_munoz_en/018_the-topsy-turvy-world.html,"Gutenberg #43212 (Fairy Tales from Spain, 1913)"
spanish_munoz_en:019,José Muñoz Escámez,en,spanish_munoz_en,019,,Don Suero The Proud,corpus/spanish_munoz_en/019_don-suero-the-proud.html,"Gutenberg #43212 (Fairy Tales from Spain, 1913)"
spanish_eells_en:001,Charles Sellers (trans.),en,spanish_eells_en,001,,THE INGENIOUS STUDENT.,corpus/spanish_eells_en/001_the-ingenious-student.html,"Gutenberg #31481 (Tales from Nuts and Grapes, 1888)"
spanish_eells_en:002,Charles Sellers (trans.),en,spanish_eells_en,002,,THE UGLY PRINCESS.,corpus/spanish_eells_en/002_the-ugly-princess.html,"Gutenberg #31481 (Tales from Nuts and Grapes, 1888)"
spanish_eells_en:003,Charles Sellers (trans.),en,spanish_eells_en,003,,THE WOLF-CHILD.,corpus/spanish_eells_en/003_the-wolf-child.html,"Gutenberg #31481 (Tales from Nuts and Grapes, 1888)"
spanish_eells_en:004,Charles Sellers (trans.),en,spanish_eells_en,004,,THE MAGIC MIRROR.,corpus/spanish_eells_en/004_the-magic-mirror.html,"Gutenberg #31481 (Tales from Nuts and Grapes, 1888)"
spanish_eells_en:005,Charles Sellers (trans.),en,spanish_eells_en,005,,THE BLACK SLAVE.,corpus/spanish_eells_en/005_the-black-slave.html,"Gutenberg #31481 (Tales from Nuts and Grapes, 1888)"
spanish_eells_en:006,Charles Sellers (trans.),en,spanish_eells_en,006,,A LEGEND OF ST. BARTHOLOMEW.,corpus/spanish_eells_en/006_a-legend-of-st-bartholomew.html,"Gutenberg #31481 (Tales from Nuts and Grapes, 1888)"
spanish_eells_en:007,Charles Sellers (trans.),en,spanish_eells_en,007,,THE WHITE CAT OF ECIJA.,corpus/spanish_eells_en/007_the-white-cat-of-ecija.html,"Gutenberg #31481 (Tales from Nuts and Grapes, 1888)"
spanish_eells_en:008,Charles Sellers (trans.),en,spanish_eells_en,008,,THE CHURCH AUCTIONEER AND CLOWN OF VILLAR.,corpus/spanish_eells_en/008_the-church-auctioneer-and-clown-of-villar.html,"Gutenberg #31481 (Tales from Nuts and Grapes, 1888)"
spanish_eells_en:009,Charles Sellers (trans.),en,spanish_eells_en,009,,THE WISE KING OF LEON.,corpus/spanish_eells_en/009_the-wise-king-of-leon.html,"Gutenberg #31481 (Tales from Nuts and Grapes, 1888)"
spanish_eells_en:010,Charles Sellers (trans.),en,spanish_eells_en,010,,THE COBBLER OF BURGOS.,corpus/spanish_eells_en/010_the-cobbler-of-burgos.html,"Gutenberg #31481 (Tales from Nuts and Grapes, 1888)"
spanish_eells_en:011,Charles Sellers (trans.),en,spanish_eells_en,011,,"BARBARA, THE GRAZIER’S WIFE.",corpus/spanish_eells_en/011_barbara-the-graziers-wife.html,"Gutenberg #31481 (Tales from Nuts and Grapes, 1888)"
spanish_eells_en:012,Charles Sellers (trans.),en,spanish_eells_en,012,,THE WATCHFUL SERVANT.,corpus/spanish_eells_en/012_the-watchful-servant.html,"Gutenberg #31481 (Tales from Nuts and Grapes, 1888)"
spanish_eells_en:013,Charles Sellers (trans.),en,spanish_eells_en,013,,SILVER BELLS.,corpus/spanish_eells_en/013_silver-bells.html,"Gutenberg #31481 (Tales from Nuts and Grapes, 1888)"
spanish_eells_en:014,Charles Sellers (trans.),en,spanish_eells_en,014,,KING ROBIN.,corpus/spanish_eells_en/014_king-robin.html,"Gutenberg #31481 (Tales from Nuts and Grapes, 1888)"
spanish_eells_en:015,Charles Sellers (trans.),en,spanish_eells_en,015,,THE WICKED KING.,corpus/spanish_eells_en/015_the-wicked-king.html,"Gutenberg #31481 (Tales from Nuts and Grapes, 1888)"
spanish_eells_en:016,Charles Sellers (trans.),en,spanish_eells_en,016,,THE PALACE OF THE ENCHANTED MOORS.,corpus/spanish_eells_en/016_the-palace-of-the-enchanted-moors.html,"Gutenberg #31481 (Tales from Nuts and Grapes, 1888)"
spanish_eells_en:017,Charles Sellers (trans.),en,spanish_eells_en,017,,THE SEVEN PIGEONS.,corpus/spanish_eells_en/017_the-seven-pigeons.html,"Gutenberg #31481 (Tales from Nuts and Grapes, 1888)"
spanish_eells_en:018,Charles Sellers (trans.),en,spanish_eells_en,018,,LADY CLARE.,corpus/spanish_eells_en/018_lady-clare.html,"Gutenberg #31481 (Tales from Nuts and Grapes, 1888)"
spanish_eells_en:019,Charles Sellers (trans.),en,spanish_eells_en,019,,"GOOD ST. JAMES, AND THE MERRY BARBER OF COMPOSTELLA.",corpus/spanish_eells_en/019_good-st-james-and-the-merry-barber-of-compostella.html,"Gutenberg #31481 (Tales from Nuts and Grapes, 1888)"
spanish_eells_en:020,Charles Sellers (trans.),en,spanish_eells_en,020,,"ELVIRA, THE SAINTED PRINCESS.",corpus/spanish_eells_en/020_elvira-the-sainted-princess.html,"Gutenberg #31481 (Tales from Nuts and Grapes, 1888)"
spanish_eells_en:021,Charles Sellers (trans.),en,spanish_eells_en,021,,THE ENCHANTED MULE.,corpus/spanish_eells_en/021_the-enchanted-mule.html,"Gutenberg #31481 (Tales from Nuts and Grapes, 1888)"
spanish_busk_en:001,R. H. Busk,en,spanish_busk_en,001,,CARLO MAGNO AND THE GIANT.,corpus/spanish_busk_en/001_carlo-magno-and-the-giant.html,"Gutenberg #45859 (Patrañas, 1870)"
spanish_busk_en:002,R. H. Busk,en,spanish_busk_en,002,,EL CONDE SOL.,corpus/spanish_busk_en/002_el-conde-sol.html,"Gutenberg #45859 (Patrañas, 1870)"
spanish_busk_en:003,R. H. Busk,en,spanish_busk_en,003,,SIMPLE JOHNNY AND THE SPELL-BOUND PRINCESSES.,corpus/spanish_busk_en/003_simple-johnny-and-the-spell-bound-princesses.html,"Gutenberg #45859 (Patrañas, 1870)"
spanish_busk_en:004,R. H. Busk,en,spanish_busk_en,004,,TURIAN AND FLORETA.,corpus/spanish_busk_en/004_turian-and-floreta.html,"Gutenberg #45859 (Patrañas, 1870)"
spanish_busk_en:005,R. H. Busk,en,spanish_busk_en,005,,THE BLOOD-STAIN OF THE ALCÁZAR OF SEVILLE.,corpus/spanish_busk_en/005_the-blood-stain-of-the-alc-zar-of-seville.html,"Gutenberg #45859 (Patrañas, 1870)"
spanish_busk_en:006,R. H. Busk,en,spanish_busk_en,006,,THE ADVENTURES OF DOÑA JOSEFA RAMIREZ Y MARMOLEJO.,corpus/spanish_busk_en/006_the-adventures-of-do-a-josefa-ramirez-y-marmolejo.html,"Gutenberg #45859 (Patrañas, 1870)"
spanish_busk_en:007,R. H. Busk,en,spanish_busk_en,007,,THE STEEPLE OF COVEÑA.,corpus/spanish_busk_en/007_the-steeple-of-cove-a.html,"Gutenberg #45859 (Patrañas, 1870)"
spanish_busk_en:008,R. H. Busk,en,spanish_busk_en,008,,ANOTHER FAIR MAID OF ZARAGOZA.,corpus/spanish_busk_en/008_another-fair-maid-of-zaragoza.html,"Gutenberg #45859 (Patrañas, 1870)"
spanish_busk_en:009,R. H. Busk,en,spanish_busk_en,009,,"JUANITA THE BALD; OR, A DAUGHTER’S LOVE.",corpus/spanish_busk_en/009_juanita-the-bald-or-a-daughters-love.html,"Gutenberg #45859 (Patrañas, 1870)"
spanish_busk_en:010,R. H. Busk,en,spanish_busk_en,010,,STARVING JOHN THE DOCTOR.,corpus/spanish_busk_en/010_starving-john-the-doctor.html,"Gutenberg #45859 (Patrañas, 1870)"
spanish_busk_en:011,R. H. Busk,en,spanish_busk_en,011,,RAMON THE DISCONTENTED.,corpus/spanish_busk_en/011_ramon-the-discontented.html,"Gutenberg #45859 (Patrañas, 1870)"
spanish_busk_en:012,R. H. Busk,en,spanish_busk_en,012,,THE BALLAD-MAKER AND THE BOOT-MAKER.,corpus/spanish_busk_en/012_the-ballad-maker-and-the-boot-maker.html,"Gutenberg #45859 (Patrañas, 1870)"
spanish_busk_en:013,R. H. Busk,en,spanish_busk_en,013,,EL CLAVEL1.,corpus/spanish_busk_en/013_el-clavel1.html,"Gutenberg #45859 (Patrañas, 1870)"
spanish_busk_en:014,R. H. Busk,en,spanish_busk_en,014,,THE ILL-TEMPERED PRINCESS.,corpus/spanish_busk_en/014_the-ill-tempered-princess.html,"Gutenberg #45859 (Patrañas, 1870)"
spanish_busk_en:015,R. H. Busk,en,spanish_busk_en,015,,THE HERMIT AND THE FIG-TREE.,corpus/spanish_busk_en/015_the-hermit-and-the-fig-tree.html,"Gutenberg #45859 (Patrañas, 1870)"
spanish_busk_en:016,R. H. Busk,en,spanish_busk_en,016,,TOO CLEVER BY HALF.,corpus/spanish_busk_en/016_too-clever-by-half.html,"Gutenberg #45859 (Patrañas, 1870)"
spanish_busk_en:017,R. H. Busk,en,spanish_busk_en,017,,THE WIND’S STORY.,corpus/spanish_busk_en/017_the-winds-story.html,"Gutenberg #45859 (Patrañas, 1870)"
spanish_busk_en:018,R. H. Busk,en,spanish_busk_en,018,,WHAT ANA SAW IN THE SUNBEAM.,corpus/spanish_busk_en/018_what-ana-saw-in-the-sunbeam.html,"Gutenberg #45859 (Patrañas, 1870)"
spanish_busk_en:019,R. H. Busk,en,spanish_busk_en,019,,THE PEDRO JIMENEZ GRAPE.,corpus/spanish_busk_en/019_the-pedro-jimenez-grape.html,"Gutenberg #45859 (Patrañas, 1870)"
spanish_busk_en:020,R. H. Busk,en,spanish_busk_en,020,,ST. MARTIN IN SPAIN.,corpus/spanish_busk_en/020_st-martin-in-spain.html,"Gutenberg #45859 (Patrañas, 1870)"
spanish_busk_en:021,R. H. Busk,en,spanish_busk_en,021,,MARVELLOUS STORIES.,corpus/spanish_busk_en/021_marvellous-stories.html,"Gutenberg #45859 (Patrañas, 1870)"
spanish_busk_en:022,R. H. Busk,en,spanish_busk_en,022,,THE SUN OF WITTENBURG.,corpus/spanish_busk_en/022_the-sun-of-wittenburg.html,"Gutenberg #45859 (Patrañas, 1870)"
spanish_busk_en:023,R. H. Busk,en,spanish_busk_en,023,,MERINO.,corpus/spanish_busk_en/023_merino.html,"Gutenberg #45859 (Patrañas, 1870)"
spanish_busk_en:024,R. H. Busk,en,spanish_busk_en,024,,KING VAMBA.,corpus/spanish_busk_en/024_king-vamba.html,"Gutenberg #45859 (Patrañas, 1870)"
spanish_busk_en:025,R. H. Busk,en,spanish_busk_en,025,,DOÑA TEREA.,corpus/spanish_busk_en/025_do-a-terea.html,"Gutenberg #45859 (Patrañas, 1870)"
spanish_busk_en:026,R. H. Busk,en,spanish_busk_en,026,,THE IRISH PRINCESS1.,corpus/spanish_busk_en/026_the-irish-princess1.html,"Gutenberg #45859 (Patrañas, 1870)"
spanish_busk_en:027,R. H. Busk,en,spanish_busk_en,027,,EL CONDE FERNAN GONZALEZ.,corpus/spanish_busk_en/027_el-conde-fernan-gonzalez.html,"Gutenberg #45859 (Patrañas, 1870)"
spanish_busk_en:028,R. H. Busk,en,spanish_busk_en,028,,THE FIRST TUNNY FISHING.,corpus/spanish_busk_en/028_the-first-tunny-fishing.html,"Gutenberg #45859 (Patrañas, 1870)"
spanish_busk_en:029,R. H. Busk,en,spanish_busk_en,029,,"“WHERE ONE CAN DINE, TWO CAN DINE1.”",corpus/spanish_busk_en/029_where-one-can-dine-two-can-dine1.html,"Gutenberg #45859 (Patrañas, 1870)"
spanish_busk_en:030,R. H. Busk,en,spanish_busk_en,030,,HORMESINDA.,corpus/spanish_busk_en/030_hormesinda.html,"Gutenberg #45859 (Patrañas, 1870)"
spanish_busk_en:031,R. H. Busk,en,spanish_busk_en,031,,FILIAL LOVE BEFORE ALL.,corpus/spanish_busk_en/031_filial-love-before-all.html,"Gutenberg #45859 (Patrañas, 1870)"
spanish_busk_en:032,R. H. Busk,en,spanish_busk_en,032,,"RAGUEL; OR, THE JEWESS OF TOLEDO.",corpus/spanish_busk_en/032_raguel-or-the-jewess-of-toledo.html,"Gutenberg #45859 (Patrañas, 1870)"
spanish_busk_en:033,R. H. Busk,en,spanish_busk_en,033,,DON JAIME DE ARAGON.,corpus/spanish_busk_en/033_don-jaime-de-aragon.html,"Gutenberg #45859 (Patrañas, 1870)"
spanish_busk_en:034,R. H. Busk,en,spanish_busk_en,034,,DON ALONSO DE AGUILAR.,corpus/spanish_busk_en/034_don-alonso-de-aguilar.html,"Gutenberg #45859 (Patrañas, 1870)"
spanish_busk_en:035,R. H. Busk,en,spanish_busk_en,035,,THE BLACK CHARGER OF HERNANDO.,corpus/spanish_busk_en/035_the-black-charger-of-hernando.html,"Gutenberg #45859 (Patrañas, 1870)"
spanish_busk_en:036,R. H. Busk,en,spanish_busk_en,036,,THE INFANTE DON HENRIQUE AND THE LIONS.,corpus/spanish_busk_en/036_the-infante-don-henrique-and-the-lions.html,"Gutenberg #45859 (Patrañas, 1870)"
spanish_busk_en:037,R. H. Busk,en,spanish_busk_en,037,,BLANCA THE HAUGHTY.,corpus/spanish_busk_en/037_blanca-the-haughty.html,"Gutenberg #45859 (Patrañas, 1870)"
spanish_busk_en:038,R. H. Busk,en,spanish_busk_en,038,,ISSY-BEN-ARAN.,corpus/spanish_busk_en/038_issy-ben-aran.html,"Gutenberg #45859 (Patrañas, 1870)"
spanish_busk_en:039,R. H. Busk,en,spanish_busk_en,039,,MÓSTAFA ALVILÁ.,corpus/spanish_busk_en/039_m-stafa-alvil.html,"Gutenberg #45859 (Patrañas, 1870)"
spanish_busk_en:040,R. H. Busk,en,spanish_busk_en,040,,THE EMIR IN SEARCH OF AN EYE.,corpus/spanish_busk_en/040_the-emir-in-search-of-an-eye.html,"Gutenberg #45859 (Patrañas, 1870)"
spanish_busk_en:041,R. H. Busk,en,spanish_busk_en,041,,YUSSUF’S FRIEND.,corpus/spanish_busk_en/041_yussufs-friend.html,"Gutenberg #45859 (Patrañas, 1870)"
spanish_busk_en:042,R. H. Busk,en,spanish_busk_en,042,,THE SULTANA’S PERFUMER-IN-CHIEF.,corpus/spanish_busk_en/042_the-sultanas-perfumer-in-chief.html,"Gutenberg #45859 (Patrañas, 1870)"
spanish_busk_en:043,R. H. Busk,en,spanish_busk_en,043,,EL MORO SANTON1.,corpus/spanish_busk_en/043_el-moro-santon1.html,"Gutenberg #45859 (Patrañas, 1870)"
spanish_busk_en:044,R. H. Busk,en,spanish_busk_en,044,,HERNAN CORTES IN SANCTUARY.,corpus/spanish_busk_en/044_hernan-cortes-in-sanctuary.html,"Gutenberg #45859 (Patrañas, 1870)"
spanish_busk_en:045,R. H. Busk,en,spanish_busk_en,045,,I.,corpus/spanish_busk_en/045_i.html,"Gutenberg #45859 (Patrañas, 1870)"
spanish_busk_en:046,R. H. Busk,en,spanish_busk_en,046,,TEGUALDA.,corpus/spanish_busk_en/046_tegualda.html,"Gutenberg #45859 (Patrañas, 1870)"
spanish_busk_en:047,R. H. Busk,en,spanish_busk_en,047,,FITON’S CAVE.,corpus/spanish_busk_en/047_fitons-cave.html,"Gutenberg #45859 (Patrañas, 1870)"
spanish_busk_en:048,R. H. Busk,en,spanish_busk_en,048,,MATANZAS.,corpus/spanish_busk_en/048_matanzas.html,"Gutenberg #45859 (Patrañas, 1870)"
italian_crane_en:001,Thomas Frederick Crane,en,italian_crane_en,001,,THE KING OF LOVE.,corpus/italian_crane_en/001_the-king-of-love.html,"Gutenberg #23634 (Italian Popular Tales, 1885)"
italian_crane_en:002,Thomas Frederick Crane,en,italian_crane_en,002,,ZELINDA AND THE MONSTER.,corpus/italian_crane_en/002_zelinda-and-the-monster.html,"Gutenberg #23634 (Italian Popular Tales, 1885)"
italian_crane_en:003,Thomas Frederick Crane,en,italian_crane_en,003,,KING BEAN.,corpus/italian_crane_en/003_king-bean.html,"Gutenberg #23634 (Italian Popular Tales, 1885)"
italian_crane_en:004,Thomas Frederick Crane,en,italian_crane_en,004,,"THE DANCING WATER, THE SINGING APPLE, AND THE SPEAKING BIRD.[9]",corpus/italian_crane_en/004_the-dancing-water-the-singing-apple-and-the-speaking-bird-9.html,"Gutenberg #23634 (Italian Popular Tales, 1885)"
italian_crane_en:005,Thomas Frederick Crane,en,italian_crane_en,005,,THE FAIR ANGIOLA.,corpus/italian_crane_en/005_the-fair-angiola.html,"Gutenberg #23634 (Italian Popular Tales, 1885)"
italian_crane_en:006,Thomas Frederick Crane,en,italian_crane_en,006,,THE CLOUD.,corpus/italian_crane_en/006_the-cloud.html,"Gutenberg #23634 (Italian Popular Tales, 1885)"
italian_crane_en:007,Thomas Frederick Crane,en,italian_crane_en,007,,THE CISTERN.,corpus/italian_crane_en/007_the-cistern.html,"Gutenberg #23634 (Italian Popular Tales, 1885)"
italian_crane_en:008,Thomas Frederick Crane,en,italian_crane_en,008,,THE GRIFFIN.,corpus/italian_crane_en/008_the-griffin.html,"Gutenberg #23634 (Italian Popular Tales, 1885)"
italian_crane_en:009,Thomas Frederick Crane,en,italian_crane_en,009,,CINDERELLA.,corpus/italian_crane_en/009_cinderella.html,"Gutenberg #23634 (Italian Popular Tales, 1885)"
italian_crane_en:010,Thomas Frederick Crane,en,italian_crane_en,010,,FAIR MARIA WOOD.,corpus/italian_crane_en/010_fair-maria-wood.html,"Gutenberg #23634 (Italian Popular Tales, 1885)"
italian_crane_en:011,Thomas Frederick Crane,en,italian_crane_en,011,,THE CURSE OF THE SEVEN CHILDREN.,corpus/italian_crane_en/011_the-curse-of-the-seven-children.html,"Gutenberg #23634 (Italian Popular Tales, 1885)"
italian_crane_en:012,Thomas Frederick Crane,en,italian_crane_en,012,,ORAGGIO AND BIANCHINETTA.,corpus/italian_crane_en/012_oraggio-and-bianchinetta.html,"Gutenberg #23634 (Italian Popular Tales, 1885)"
italian_crane_en:013,Thomas Frederick Crane,en,italian_crane_en,013,,THE FAIR FIORITA.,corpus/italian_crane_en/013_the-fair-fiorita.html,"Gutenberg #23634 (Italian Popular Tales, 1885)"
italian_crane_en:014,Thomas Frederick Crane,en,italian_crane_en,014,,BIERDE.,corpus/italian_crane_en/014_bierde.html,"Gutenberg #23634 (Italian Popular Tales, 1885)"
italian_crane_en:015,Thomas Frederick Crane,en,italian_crane_en,015,,SNOW-WHITE-FIRE-RED.,corpus/italian_crane_en/015_snow-white-fire-red.html,"Gutenberg #23634 (Italian Popular Tales, 1885)"
italian_crane_en:016,Thomas Frederick Crane,en,italian_crane_en,016,,HOW THE DEVIL MARRIED THREE SISTERS.,corpus/italian_crane_en/016_how-the-devil-married-three-sisters.html,"Gutenberg #23634 (Italian Popular Tales, 1885)"
italian_crane_en:017,Thomas Frederick Crane,en,italian_crane_en,017,,IN LOVE WITH A STATUE.,corpus/italian_crane_en/017_in-love-with-a-statue.html,"Gutenberg #23634 (Italian Popular Tales, 1885)"
italian_crane_en:018,Thomas Frederick Crane,en,italian_crane_en,018,,THIRTEENTH.,corpus/italian_crane_en/018_thirteenth.html,"Gutenberg #23634 (Italian Popular Tales, 1885)"
italian_crane_en:019,Thomas Frederick Crane,en,italian_crane_en,019,,THE COBBLER.,corpus/italian_crane_en/019_the-cobbler.html,"Gutenberg #23634 (Italian Popular Tales, 1885)"
italian_crane_en:020,Thomas Frederick Crane,en,italian_crane_en,020,,THE KING WHO WANTED A BEAUTIFUL WIFE.,corpus/italian_crane_en/020_the-king-who-wanted-a-beautiful-wife.html,"Gutenberg #23634 (Italian Popular Tales, 1885)"
italian_crane_en:021,Thomas Frederick Crane,en,italian_crane_en,021,,THE BUCKET.,corpus/italian_crane_en/021_the-bucket.html,"Gutenberg #23634 (Italian Popular Tales, 1885)"
italian_crane_en:022,Thomas Frederick Crane,en,italian_crane_en,022,,THE TWO HUMPBACKS.,corpus/italian_crane_en/022_the-two-humpbacks.html,"Gutenberg #23634 (Italian Popular Tales, 1885)"
italian_crane_en:023,Thomas Frederick Crane,en,italian_crane_en,023,,THE STORY OF CATHERINE AND HER FATE.,corpus/italian_crane_en/023_the-story-of-catherine-and-her-fate.html,"Gutenberg #23634 (Italian Popular Tales, 1885)"
italian_crane_en:024,Thomas Frederick Crane,en,italian_crane_en,024,,THE CRUMB IN THE BEARD.,corpus/italian_crane_en/024_the-crumb-in-the-beard.html,"Gutenberg #23634 (Italian Popular Tales, 1885)"
italian_crane_en:025,Thomas Frederick Crane,en,italian_crane_en,025,,THE FAIRY ORLANDA.,corpus/italian_crane_en/025_the-fairy-orlanda.html,"Gutenberg #23634 (Italian Popular Tales, 1885)"
italian_crane_en:026,Thomas Frederick Crane,en,italian_crane_en,026,,THE SHEPHERD WHO MADE THE KING'S DAUGHTER LAUGH.,corpus/italian_crane_en/026_the-shepherd-who-made-the-kings-daughter-laugh.html,"Gutenberg #23634 (Italian Popular Tales, 1885)"
italian_crane_en:027,Thomas Frederick Crane,en,italian_crane_en,027,,THE ASS THAT LAYS MONEY.,corpus/italian_crane_en/027_the-ass-that-lays-money.html,"Gutenberg #23634 (Italian Popular Tales, 1885)"
italian_crane_en:028,Thomas Frederick Crane,en,italian_crane_en,028,,DON JOSEPH PEAR.,corpus/italian_crane_en/028_don-joseph-pear.html,"Gutenberg #23634 (Italian Popular Tales, 1885)"
italian_crane_en:029,Thomas Frederick Crane,en,italian_crane_en,029,,FAIR BROW.,corpus/italian_crane_en/029_fair-brow.html,"Gutenberg #23634 (Italian Popular Tales, 1885)"
italian_crane_en:030,Thomas Frederick Crane,en,italian_crane_en,030,,LIONBRUNO.,corpus/italian_crane_en/030_lionbruno.html,"Gutenberg #23634 (Italian Popular Tales, 1885)"
italian_crane_en:031,Thomas Frederick Crane,en,italian_crane_en,031,,THE PEASANT AND THE MASTER.,corpus/italian_crane_en/031_the-peasant-and-the-master.html,"Gutenberg #23634 (Italian Popular Tales, 1885)"
italian_crane_en:032,Thomas Frederick Crane,en,italian_crane_en,032,,THE INGRATES.,corpus/italian_crane_en/032_the-ingrates.html,"Gutenberg #23634 (Italian Popular Tales, 1885)"
italian_crane_en:033,Thomas Frederick Crane,en,italian_crane_en,033,,THE TREASURE.,corpus/italian_crane_en/033_the-treasure.html,"Gutenberg #23634 (Italian Popular Tales, 1885)"
italian_crane_en:034,Thomas Frederick Crane,en,italian_crane_en,034,,THE SHEPHERD.,corpus/italian_crane_en/034_the-shepherd.html,"Gutenberg #23634 (Italian Popular Tales, 1885)"
italian_crane_en:035,Thomas Frederick Crane,en,italian_crane_en,035,,THE THREE ADMONITIONS.,corpus/italian_crane_en/035_the-three-admonitions.html,"Gutenberg #23634 (Italian Popular Tales, 1885)"
italian_crane_en:036,Thomas Frederick Crane,en,italian_crane_en,036,,VINEYARD I WAS AND VINEYARD I AM.,corpus/italian_crane_en/036_vineyard-i-was-and-vineyard-i-am.html,"Gutenberg #23634 (Italian Popular Tales, 1885)"
italian_crane_en:037,Thomas Frederick Crane,en,italian_crane_en,037,,THE LANGUAGE OF ANIMALS.,corpus/italian_crane_en/037_the-language-of-animals.html,"Gutenberg #23634 (Italian Popular Tales, 1885)"
italian_crane_en:038,Thomas Frederick Crane,en,italian_crane_en,038,,THE MASON AND HIS SON.,corpus/italian_crane_en/038_the-mason-and-his-son.html,"Gutenberg #23634 (Italian Popular Tales, 1885)"
italian_crane_en:039,Thomas Frederick Crane,en,italian_crane_en,039,,THE PARROT (First Version).,corpus/italian_crane_en/039_the-parrot-first-version.html,"Gutenberg #23634 (Italian Popular Tales, 1885)"
italian_crane_en:040,Thomas Frederick Crane,en,italian_crane_en,040,,THE PARROT. (Second Version.),corpus/italian_crane_en/040_the-parrot-second-version.html,"Gutenberg #23634 (Italian Popular Tales, 1885)"
italian_crane_en:041,Thomas Frederick Crane,en,italian_crane_en,041,,THE PARROT WHICH TELLS THREE STORIES.,corpus/italian_crane_en/041_the-parrot-which-tells-three-stories.html,"Gutenberg #23634 (Italian Popular Tales, 1885)"
italian_crane_en:042,Thomas Frederick Crane,en,italian_crane_en,042,,TRUTHFUL JOSEPH.,corpus/italian_crane_en/042_truthful-joseph.html,"Gutenberg #23634 (Italian Popular Tales, 1885)"
italian_crane_en:043,Thomas Frederick Crane,en,italian_crane_en,043,,"THE LORD, ST. PETER, AND THE APOSTLES.",corpus/italian_crane_en/043_the-lord-st-peter-and-the-apostles.html,"Gutenberg #23634 (Italian Popular Tales, 1885)"
italian_crane_en:044,Thomas Frederick Crane,en,italian_crane_en,044,,"THE LORD, ST. PETER, AND THE BLACKSMITH.",corpus/italian_crane_en/044_the-lord-st-peter-and-the-blacksmith.html,"Gutenberg #23634 (Italian Popular Tales, 1885)"
italian_crane_en:045,Thomas Frederick Crane,en,italian_crane_en,045,,IN THIS WORLD ONE WEEPS AND ANOTHER LAUGHS.,corpus/italian_crane_en/045_in-this-world-one-weeps-and-another-laughs.html,"Gutenberg #23634 (Italian Popular Tales, 1885)"
italian_crane_en:046,Thomas Frederick Crane,en,italian_crane_en,046,,THE ASS.,corpus/italian_crane_en/046_the-ass.html,"Gutenberg #23634 (Italian Popular Tales, 1885)"
italian_crane_en:047,Thomas Frederick Crane,en,italian_crane_en,047,,ST. PETER AND HIS SISTERS.,corpus/italian_crane_en/047_st-peter-and-his-sisters.html,"Gutenberg #23634 (Italian Popular Tales, 1885)"
italian_crane_en:048,Thomas Frederick Crane,en,italian_crane_en,048,,PILATE.,corpus/italian_crane_en/048_pilate.html,"Gutenberg #23634 (Italian Popular Tales, 1885)"
italian_crane_en:049,Thomas Frederick Crane,en,italian_crane_en,049,,THE STORY OF JUDAS.,corpus/italian_crane_en/049_the-story-of-judas.html,"Gutenberg #23634 (Italian Popular Tales, 1885)"
italian_crane_en:050,Thomas Frederick Crane,en,italian_crane_en,050,,DESPERATE MALCHUS.,corpus/italian_crane_en/050_desperate-malchus.html,"Gutenberg #23634 (Italian Popular Tales, 1885)"
italian_crane_en:051,Thomas Frederick Crane,en,italian_crane_en,051,,MALCHUS AT THE COLUMN.,corpus/italian_crane_en/051_malchus-at-the-column.html,"Gutenberg #23634 (Italian Popular Tales, 1885)"
italian_crane_en:052,Thomas Frederick Crane,en,italian_crane_en,052,,THE STORY OF BUTTADEU.,corpus/italian_crane_en/052_the-story-of-buttadeu.html,"Gutenberg #23634 (Italian Popular Tales, 1885)"
italian_crane_en:053,Thomas Frederick Crane,en,italian_crane_en,053,,THE STORY OF CRIVÒLIU.,corpus/italian_crane_en/053_the-story-of-criv-liu.html,"Gutenberg #23634 (Italian Popular Tales, 1885)"
italian_crane_en:054,Thomas Frederick Crane,en,italian_crane_en,054,,THE STORY OF ST. JAMES OF GALICIA.,corpus/italian_crane_en/054_the-story-of-st-james-of-galicia.html,"Gutenberg #23634 (Italian Popular Tales, 1885)"
italian_crane_en:055,Thomas Frederick Crane,en,italian_crane_en,055,,THE BAKER'S APPRENTICE.,corpus/italian_crane_en/055_the-bakers-apprentice.html,"Gutenberg #23634 (Italian Popular Tales, 1885)"
italian_crane_en:056,Thomas Frederick Crane,en,italian_crane_en,056,,OCCASION.,corpus/italian_crane_en/056_occasion.html,"Gutenberg #23634 (Italian Popular Tales, 1885)"
italian_crane_en:057,Thomas Frederick Crane,en,italian_crane_en,057,,BROTHER GIOVANNONE.,corpus/italian_crane_en/057_brother-giovannone.html,"Gutenberg #23634 (Italian Popular Tales, 1885)"
italian_crane_en:058,Thomas Frederick Crane,en,italian_crane_en,058,,GODFATHER MISERY.,corpus/italian_crane_en/058_godfather-misery.html,"Gutenberg #23634 (Italian Popular Tales, 1885)"
italian_crane_en:059,Thomas Frederick Crane,en,italian_crane_en,059,,BEPPO PIPETTA.,corpus/italian_crane_en/059_beppo-pipetta.html,"Gutenberg #23634 (Italian Popular Tales, 1885)"
italian_crane_en:060,Thomas Frederick Crane,en,italian_crane_en,060,,THE JUST MAN.,corpus/italian_crane_en/060_the-just-man.html,"Gutenberg #23634 (Italian Popular Tales, 1885)"
italian_crane_en:061,Thomas Frederick Crane,en,italian_crane_en,061,,OF A GODFATHER AND A GODMOTHER OF ST. JOHN WHO MADE LOVE.,corpus/italian_crane_en/061_of-a-godfather-and-a-godmother-of-st-john-who-made-love.html,"Gutenberg #23634 (Italian Popular Tales, 1885)"
italian_crane_en:062,Thomas Frederick Crane,en,italian_crane_en,062,,THE GROOMSMAN,corpus/italian_crane_en/062_the-groomsman.html,"Gutenberg #23634 (Italian Popular Tales, 1885)"
italian_crane_en:063,Thomas Frederick Crane,en,italian_crane_en,063,,THE PARISH PRIEST OF SAN MARCUOLA.,corpus/italian_crane_en/063_the-parish-priest-of-san-marcuola.html,"Gutenberg #23634 (Italian Popular Tales, 1885)"
italian_crane_en:064,Thomas Frederick Crane,en,italian_crane_en,064,,THE GENTLEMAN WHO KICKED A SKULL.,corpus/italian_crane_en/064_the-gentleman-who-kicked-a-skull.html,"Gutenberg #23634 (Italian Popular Tales, 1885)"
italian_crane_en:065,Thomas Frederick Crane,en,italian_crane_en,065,,SADDAEDDA.,corpus/italian_crane_en/065_saddaedda.html,"Gutenberg #23634 (Italian Popular Tales, 1885)"
italian_crane_en:066,Thomas Frederick Crane,en,italian_crane_en,066,,MR. ATTENTIVE.,corpus/italian_crane_en/066_mr-attentive.html,"Gutenberg #23634 (Italian Popular Tales, 1885)"
italian_crane_en:067,Thomas Frederick Crane,en,italian_crane_en,067,,THE STORY OF THE BARBER.,corpus/italian_crane_en/067_the-story-of-the-barber.html,"Gutenberg #23634 (Italian Popular Tales, 1885)"
italian_crane_en:068,Thomas Frederick Crane,en,italian_crane_en,068,,DON FIRRIULIEDDU.,corpus/italian_crane_en/068_don-firriulieddu.html,"Gutenberg #23634 (Italian Popular Tales, 1885)"
italian_crane_en:069,Thomas Frederick Crane,en,italian_crane_en,069,,LITTLE CHICK-PEA.[A],corpus/italian_crane_en/069_little-chick-pea-a.html,"Gutenberg #23634 (Italian Popular Tales, 1885)"
italian_crane_en:070,Thomas Frederick Crane,en,italian_crane_en,070,,PITIDDA.,corpus/italian_crane_en/070_pitidda.html,"Gutenberg #23634 (Italian Popular Tales, 1885)"
italian_crane_en:071,Thomas Frederick Crane,en,italian_crane_en,071,,THE SEXTON'S NOSE.,corpus/italian_crane_en/071_the-sextons-nose.html,"Gutenberg #23634 (Italian Popular Tales, 1885)"
italian_crane_en:072,Thomas Frederick Crane,en,italian_crane_en,072,,THE COCK AND THE MOUSE.,corpus/italian_crane_en/072_the-cock-and-the-mouse.html,"Gutenberg #23634 (Italian Popular Tales, 1885)"
italian_crane_en:073,Thomas Frederick Crane,en,italian_crane_en,073,,GODMOTHER FOX.[A],corpus/italian_crane_en/073_godmother-fox-a.html,"Gutenberg #23634 (Italian Popular Tales, 1885)"
italian_crane_en:074,Thomas Frederick Crane,en,italian_crane_en,074,,THE CAT AND THE MOUSE.,corpus/italian_crane_en/074_the-cat-and-the-mouse.html,"Gutenberg #23634 (Italian Popular Tales, 1885)"
italian_crane_en:075,Thomas Frederick Crane,en,italian_crane_en,075,,A FEAST DAY.,corpus/italian_crane_en/075_a-feast-day.html,"Gutenberg #23634 (Italian Popular Tales, 1885)"
italian_crane_en:076,Thomas Frederick Crane,en,italian_crane_en,076,,THE THREE BROTHERS.,corpus/italian_crane_en/076_the-three-brothers.html,"Gutenberg #23634 (Italian Popular Tales, 1885)"
italian_crane_en:077,Thomas Frederick Crane,en,italian_crane_en,077,,BUCHETTINO.,corpus/italian_crane_en/077_buchettino.html,"Gutenberg #23634 (Italian Popular Tales, 1885)"
italian_crane_en:078,Thomas Frederick Crane,en,italian_crane_en,078,,THE THREE GOSLINGS.,corpus/italian_crane_en/078_the-three-goslings.html,"Gutenberg #23634 (Italian Popular Tales, 1885)"
italian_crane_en:079,Thomas Frederick Crane,en,italian_crane_en,079,,THE COCK.,corpus/italian_crane_en/079_the-cock.html,"Gutenberg #23634 (Italian Popular Tales, 1885)"
italian_crane_en:080,Thomas Frederick Crane,en,italian_crane_en,080,,THE COCK THAT WISHED TO BECOME POPE.,corpus/italian_crane_en/080_the-cock-that-wished-to-become-pope.html,"Gutenberg #23634 (Italian Popular Tales, 1885)"
italian_crane_en:081,Thomas Frederick Crane,en,italian_crane_en,081,,THE COOK.,corpus/italian_crane_en/081_the-cook.html,"Gutenberg #23634 (Italian Popular Tales, 1885)"
italian_crane_en:082,Thomas Frederick Crane,en,italian_crane_en,082,,THE THOUGHTLESS ABBOT.,corpus/italian_crane_en/082_the-thoughtless-abbot.html,"Gutenberg #23634 (Italian Popular Tales, 1885)"
italian_crane_en:083,Thomas Frederick Crane,en,italian_crane_en,083,,BASTIANELO.,corpus/italian_crane_en/083_bastianelo.html,"Gutenberg #23634 (Italian Popular Tales, 1885)"
italian_crane_en:084,Thomas Frederick Crane,en,italian_crane_en,084,,CHRISTMAS.,corpus/italian_crane_en/084_christmas.html,"Gutenberg #23634 (Italian Popular Tales, 1885)"
italian_crane_en:085,Thomas Frederick Crane,en,italian_crane_en,085,,THE WAGER.,corpus/italian_crane_en/085_the-wager.html,"Gutenberg #23634 (Italian Popular Tales, 1885)"
italian_crane_en:086,Thomas Frederick Crane,en,italian_crane_en,086,,SCISSORS THEY WERE.,corpus/italian_crane_en/086_scissors-they-were.html,"Gutenberg #23634 (Italian Popular Tales, 1885)"
italian_crane_en:087,Thomas Frederick Crane,en,italian_crane_en,087,,THE DOCTOR'S APPRENTICE.,corpus/italian_crane_en/087_the-doctors-apprentice.html,"Gutenberg #23634 (Italian Popular Tales, 1885)"
italian_crane_en:088,Thomas Frederick Crane,en,italian_crane_en,088,,FIRRAZZANU'S WIFE AND THE QUEEN.,corpus/italian_crane_en/088_firrazzanus-wife-and-the-queen.html,"Gutenberg #23634 (Italian Popular Tales, 1885)"
italian_crane_en:089,Thomas Frederick Crane,en,italian_crane_en,089,,GIUFÀ AND THE PLASTER STATUE.,corpus/italian_crane_en/089_giuf-and-the-plaster-statue.html,"Gutenberg #23634 (Italian Popular Tales, 1885)"
italian_crane_en:090,Thomas Frederick Crane,en,italian_crane_en,090,,GIUFÀ AND THE JUDGE.,corpus/italian_crane_en/090_giuf-and-the-judge.html,"Gutenberg #23634 (Italian Popular Tales, 1885)"
italian_crane_en:091,Thomas Frederick Crane,en,italian_crane_en,091,,THE LITTLE OMELET.,corpus/italian_crane_en/091_the-little-omelet.html,"Gutenberg #23634 (Italian Popular Tales, 1885)"
italian_crane_en:092,Thomas Frederick Crane,en,italian_crane_en,092,,"EAT, MY CLOTHES!",corpus/italian_crane_en/092_eat-my-clothes.html,"Gutenberg #23634 (Italian Popular Tales, 1885)"
italian_crane_en:093,Thomas Frederick Crane,en,italian_crane_en,093,,GIUFÀ'S EXPLOITS.,corpus/italian_crane_en/093_giuf-s-exploits.html,"Gutenberg #23634 (Italian Popular Tales, 1885)"
italian_crane_en:094,Thomas Frederick Crane,en,italian_crane_en,094,,THE FOOL.,corpus/italian_crane_en/094_the-fool.html,"Gutenberg #23634 (Italian Popular Tales, 1885)"
italian_crane_en:095,Thomas Frederick Crane,en,italian_crane_en,095,,UNCLE CAPRIANO.,corpus/italian_crane_en/095_uncle-capriano.html,"Gutenberg #23634 (Italian Popular Tales, 1885)"
italian_crane_en:096,Thomas Frederick Crane,en,italian_crane_en,096,,THE CLEVER PEASANT.,corpus/italian_crane_en/096_the-clever-peasant.html,"Gutenberg #23634 (Italian Popular Tales, 1885)"
italian_crane_en:097,Thomas Frederick Crane,en,italian_crane_en,097,,THE CLEVER GIRL.,corpus/italian_crane_en/097_the-clever-girl.html,"Gutenberg #23634 (Italian Popular Tales, 1885)"
italian_crane_en:098,Thomas Frederick Crane,en,italian_crane_en,098,,CRAB.,corpus/italian_crane_en/098_crab.html,"Gutenberg #23634 (Italian Popular Tales, 1885)"
italian_crane_en:099,Thomas Frederick Crane,en,italian_crane_en,099,,PETER FULLONE AND THE EGG.,corpus/italian_crane_en/099_peter-fullone-and-the-egg.html,"Gutenberg #23634 (Italian Popular Tales, 1885)"
italian_basile_en:001,Giambattista Basile,en,italian_basile_en,001,,HOW THE TALES CAME TO BE TOLD,corpus/italian_basile_en/001_how-the-tales-came-to-be-told.html,"Gutenberg #2198 (Stories from the Pentamerone, orig. 1634)"
italian_basile_en:002,Giambattista Basile,en,italian_basile_en,002,,THE MYRTLE,corpus/italian_basile_en/002_the-myrtle.html,"Gutenberg #2198 (Stories from the Pentamerone, orig. 1634)"
italian_basile_en:003,Giambattista Basile,en,italian_basile_en,003,,PERUONTO,corpus/italian_basile_en/003_peruonto.html,"Gutenberg #2198 (Stories from the Pentamerone, orig. 1634)"
italian_basile_en:004,Giambattista Basile,en,italian_basile_en,004,,VARDIELLO,corpus/italian_basile_en/004_vardiello.html,"Gutenberg #2198 (Stories from the Pentamerone, orig. 1634)"
italian_basile_en:005,Giambattista Basile,en,italian_basile_en,005,,THE FLEA,corpus/italian_basile_en/005_the-flea.html,"Gutenberg #2198 (Stories from the Pentamerone, orig. 1634)"
italian_basile_en:006,Giambattista Basile,en,italian_basile_en,006,,CENERENTOLA,corpus/italian_basile_en/006_cenerentola.html,"Gutenberg #2198 (Stories from the Pentamerone, orig. 1634)"
italian_basile_en:007,Giambattista Basile,en,italian_basile_en,007,,THE MERCHANT,corpus/italian_basile_en/007_the-merchant.html,"Gutenberg #2198 (Stories from the Pentamerone, orig. 1634)"
italian_basile_en:008,Giambattista Basile,en,italian_basile_en,008,,GOAT-FACE,corpus/italian_basile_en/008_goat-face.html,"Gutenberg #2198 (Stories from the Pentamerone, orig. 1634)"
italian_basile_en:009,Giambattista Basile,en,italian_basile_en,009,,THE ENCHANTED DOE,corpus/italian_basile_en/009_the-enchanted-doe.html,"Gutenberg #2198 (Stories from the Pentamerone, orig. 1634)"
italian_basile_en:010,Giambattista Basile,en,italian_basile_en,010,,PARSLEY,corpus/italian_basile_en/010_parsley.html,"Gutenberg #2198 (Stories from the Pentamerone, orig. 1634)"
italian_basile_en:011,Giambattista Basile,en,italian_basile_en,011,,THE THREE SISTERS,corpus/italian_basile_en/011_the-three-sisters.html,"Gutenberg #2198 (Stories from the Pentamerone, orig. 1634)"
italian_basile_en:012,Giambattista Basile,en,italian_basile_en,012,,VIOLET,corpus/italian_basile_en/012_violet.html,"Gutenberg #2198 (Stories from the Pentamerone, orig. 1634)"
italian_basile_en:013,Giambattista Basile,en,italian_basile_en,013,,PIPPO,corpus/italian_basile_en/013_pippo.html,"Gutenberg #2198 (Stories from the Pentamerone, orig. 1634)"
italian_basile_en:014,Giambattista Basile,en,italian_basile_en,014,,THE SERPENT,corpus/italian_basile_en/014_the-serpent.html,"Gutenberg #2198 (Stories from the Pentamerone, orig. 1634)"
italian_basile_en:015,Giambattista Basile,en,italian_basile_en,015,,THE SHE-BEAR,corpus/italian_basile_en/015_the-she-bear.html,"Gutenberg #2198 (Stories from the Pentamerone, orig. 1634)"
italian_basile_en:016,Giambattista Basile,en,italian_basile_en,016,,THE DOVE,corpus/italian_basile_en/016_the-dove.html,"Gutenberg #2198 (Stories from the Pentamerone, orig. 1634)"
italian_basile_en:017,Giambattista Basile,en,italian_basile_en,017,,CANNETELLA,corpus/italian_basile_en/017_cannetella.html,"Gutenberg #2198 (Stories from the Pentamerone, orig. 1634)"
italian_basile_en:018,Giambattista Basile,en,italian_basile_en,018,,CORVETTO,corpus/italian_basile_en/018_corvetto.html,"Gutenberg #2198 (Stories from the Pentamerone, orig. 1634)"
italian_basile_en:019,Giambattista Basile,en,italian_basile_en,019,,THE BOOBY,corpus/italian_basile_en/019_the-booby.html,"Gutenberg #2198 (Stories from the Pentamerone, orig. 1634)"
italian_basile_en:020,Giambattista Basile,en,italian_basile_en,020,,THE STONE IN THE COCK'S HEAD,corpus/italian_basile_en/020_the-stone-in-the-cocks-head.html,"Gutenberg #2198 (Stories from the Pentamerone, orig. 1634)"
italian_basile_en:021,Giambattista Basile,en,italian_basile_en,021,,THE THREE ENCHANTED PRINCES,corpus/italian_basile_en/021_the-three-enchanted-princes.html,"Gutenberg #2198 (Stories from the Pentamerone, orig. 1634)"
italian_basile_en:022,Giambattista Basile,en,italian_basile_en,022,,THE DRAGON,corpus/italian_basile_en/022_the-dragon.html,"Gutenberg #2198 (Stories from the Pentamerone, orig. 1634)"
italian_basile_en:023,Giambattista Basile,en,italian_basile_en,023,,THE TWO CAKES,corpus/italian_basile_en/023_the-two-cakes.html,"Gutenberg #2198 (Stories from the Pentamerone, orig. 1634)"
italian_basile_en:024,Giambattista Basile,en,italian_basile_en,024,,THE SEVEN DOVES,corpus/italian_basile_en/024_the-seven-doves.html,"Gutenberg #2198 (Stories from the Pentamerone, orig. 1634)"
italian_basile_en:025,Giambattista Basile,en,italian_basile_en,025,,THE RAVEN,corpus/italian_basile_en/025_the-raven.html,"Gutenberg #2198 (Stories from the Pentamerone, orig. 1634)"
italian_basile_en:026,Giambattista Basile,en,italian_basile_en,026,,THE MONTHS,corpus/italian_basile_en/026_the-months.html,"Gutenberg #2198 (Stories from the Pentamerone, orig. 1634)"
italian_basile_en:027,Giambattista Basile,en,italian_basile_en,027,,PINTOSMALTO,corpus/italian_basile_en/027_pintosmalto.html,"Gutenberg #2198 (Stories from the Pentamerone, orig. 1634)"
italian_basile_en:028,Giambattista Basile,en,italian_basile_en,028,,THE GOLDEN ROOT,corpus/italian_basile_en/028_the-golden-root.html,"Gutenberg #2198 (Stories from the Pentamerone, orig. 1634)"
italian_basile_en:029,Giambattista Basile,en,italian_basile_en,029,,"SUN, MOON, AND TALIA",corpus/italian_basile_en/029_sun-moon-and-talia.html,"Gutenberg #2198 (Stories from the Pentamerone, orig. 1634)"
italian_basile_en:030,Giambattista Basile,en,italian_basile_en,030,,NENNILLO AND NENNELLA,corpus/italian_basile_en/030_nennillo-and-nennella.html,"Gutenberg #2198 (Stories from the Pentamerone, orig. 1634)"
italian_basile_en:031,Giambattista Basile,en,italian_basile_en,031,,THE THREE CITRONS,corpus/italian_basile_en/031_the-three-citrons.html,"Gutenberg #2198 (Stories from the Pentamerone, orig. 1634)"
italian_basile_en:032,Giambattista Basile,en,italian_basile_en,032,,CONCLUSION,corpus/italian_basile_en/032_conclusion.html,"Gutenberg #2198 (Stories from the Pentamerone, orig. 1634)"
italian_busk_en:001,Rachel Harriette Busk,en,italian_busk_en,001,,FILAGRANATA.,corpus/italian_busk_en/001_filagranata.html,"Gutenberg #48771 (Roman Legends, 1877)"
italian_busk_en:002,Rachel Harriette Busk,en,italian_busk_en,002,,THE THREE LOVE-ORANGES.1,corpus/italian_busk_en/002_the-three-love-oranges1.html,"Gutenberg #48771 (Roman Legends, 1877)"
italian_busk_en:003,Rachel Harriette Busk,en,italian_busk_en,003,,PALOMBELLETTA.1,corpus/italian_busk_en/003_palombelletta1.html,"Gutenberg #48771 (Roman Legends, 1877)"
italian_busk_en:004,Rachel Harriette Busk,en,italian_busk_en,004,,LA CENORIENTOLA.1,corpus/italian_busk_en/004_la-cenorientola1.html,"Gutenberg #48771 (Roman Legends, 1877)"
italian_busk_en:005,Rachel Harriette Busk,en,italian_busk_en,005,,VACCARELLA.1,corpus/italian_busk_en/005_vaccarella1.html,"Gutenberg #48771 (Roman Legends, 1877)"
italian_busk_en:006,Rachel Harriette Busk,en,italian_busk_en,006,,GIUSEPPE L’EBREO.,corpus/italian_busk_en/006_giuseppe-lebreo.html,"Gutenberg #48771 (Roman Legends, 1877)"
italian_busk_en:007,Rachel Harriette Busk,en,italian_busk_en,007,,THE KING WHO GOES OUT TO DINNER.1,corpus/italian_busk_en/007_the-king-who-goes-out-to-dinner1.html,"Gutenberg #48771 (Roman Legends, 1877)"
italian_busk_en:008,Rachel Harriette Busk,en,italian_busk_en,008,,THE POT OF MARJORAM.1,corpus/italian_busk_en/008_the-pot-of-marjoram1.html,"Gutenberg #48771 (Roman Legends, 1877)"
italian_busk_en:009,Rachel Harriette Busk,en,italian_busk_en,009,,THE POT OF RUE.1,corpus/italian_busk_en/009_the-pot-of-rue1.html,"Gutenberg #48771 (Roman Legends, 1877)"
italian_busk_en:010,Rachel Harriette Busk,en,italian_busk_en,010,,KING OTHO.1,corpus/italian_busk_en/010_king-otho1.html,"Gutenberg #48771 (Roman Legends, 1877)"
italian_busk_en:011,Rachel Harriette Busk,en,italian_busk_en,011,,MARIA WOOD.1,corpus/italian_busk_en/011_maria-wood1.html,"Gutenberg #48771 (Roman Legends, 1877)"
italian_busk_en:012,Rachel Harriette Busk,en,italian_busk_en,012,,LA CANDELIERA.1,corpus/italian_busk_en/012_la-candeliera1.html,"Gutenberg #48771 (Roman Legends, 1877)"
italian_busk_en:013,Rachel Harriette Busk,en,italian_busk_en,013,,THE TWO HUNCHBACKED BROTHERS.1,corpus/italian_busk_en/013_the-two-hunchbacked-brothers1.html,"Gutenberg #48771 (Roman Legends, 1877)"
italian_busk_en:014,Rachel Harriette Busk,en,italian_busk_en,014,,THE DARK KING.1,corpus/italian_busk_en/014_the-dark-king1.html,"Gutenberg #48771 (Roman Legends, 1877)"
italian_busk_en:015,Rachel Harriette Busk,en,italian_busk_en,015,,MONSU MOSTRO.1,corpus/italian_busk_en/015_monsu-mostro1.html,"Gutenberg #48771 (Roman Legends, 1877)"
italian_busk_en:016,Rachel Harriette Busk,en,italian_busk_en,016,,THE ENCHANTED ROSE-TREE.1,corpus/italian_busk_en/016_the-enchanted-rose-tree1.html,"Gutenberg #48771 (Roman Legends, 1877)"
italian_busk_en:017,Rachel Harriette Busk,en,italian_busk_en,017,,SCIOCCOLONE.1,corpus/italian_busk_en/017_scioccolone1.html,"Gutenberg #48771 (Roman Legends, 1877)"
italian_busk_en:018,Rachel Harriette Busk,en,italian_busk_en,018,,TWELVE FEET OF NOSE.1,corpus/italian_busk_en/018_twelve-feet-of-nose1.html,"Gutenberg #48771 (Roman Legends, 1877)"
italian_busk_en:019,Rachel Harriette Busk,en,italian_busk_en,019,,A YARD OF NOSE.1,corpus/italian_busk_en/019_a-yard-of-nose1.html,"Gutenberg #48771 (Roman Legends, 1877)"
italian_busk_en:020,Rachel Harriette Busk,en,italian_busk_en,020,,THE CHICORY-SELLER AND THE ENCHANTED PRINCESS.1,corpus/italian_busk_en/020_the-chicory-seller-and-the-enchanted-princess1.html,"Gutenberg #48771 (Roman Legends, 1877)"
italian_busk_en:021,Rachel Harriette Busk,en,italian_busk_en,021,,THE TRANSFORMATION-DONKEY.1,corpus/italian_busk_en/021_the-transformation-donkey1.html,"Gutenberg #48771 (Roman Legends, 1877)"
italian_busk_en:022,Rachel Harriette Busk,en,italian_busk_en,022,,SIGNOR LATTANZIO.,corpus/italian_busk_en/022_signor-lattanzio.html,"Gutenberg #48771 (Roman Legends, 1877)"
italian_busk_en:023,Rachel Harriette Busk,en,italian_busk_en,023,,HOW CAJUSSE WAS MARRIED.1,corpus/italian_busk_en/023_how-cajusse-was-married1.html,"Gutenberg #48771 (Roman Legends, 1877)"
italian_busk_en:024,Rachel Harriette Busk,en,italian_busk_en,024,,WHEN JESUS CHRIST WANDERED ON EARTH.,corpus/italian_busk_en/024_when-jesus-christ-wandered-on-earth.html,"Gutenberg #48771 (Roman Legends, 1877)"
italian_busk_en:025,Rachel Harriette Busk,en,italian_busk_en,025,,PIETRO BAILLIARDO.1,corpus/italian_busk_en/025_pietro-bailliardo1.html,"Gutenberg #48771 (Roman Legends, 1877)"
italian_busk_en:026,Rachel Harriette Busk,en,italian_busk_en,026,,S. GIOVANNI BOCCA D’ORO.,corpus/italian_busk_en/026_s-giovanni-bocca-doro.html,"Gutenberg #48771 (Roman Legends, 1877)"
italian_busk_en:027,Rachel Harriette Busk,en,italian_busk_en,027,,DON GIOVANNI.,corpus/italian_busk_en/027_don-giovanni.html,"Gutenberg #48771 (Roman Legends, 1877)"
italian_busk_en:028,Rachel Harriette Busk,en,italian_busk_en,028,,THE PENANCE OF SAN GIULIANO.,corpus/italian_busk_en/028_the-penance-of-san-giuliano.html,"Gutenberg #48771 (Roman Legends, 1877)"
italian_busk_en:029,Rachel Harriette Busk,en,italian_busk_en,029,,THE PILGRIMS.,corpus/italian_busk_en/029_the-pilgrims.html,"Gutenberg #48771 (Roman Legends, 1877)"
italian_busk_en:030,Rachel Harriette Busk,en,italian_busk_en,030,,SANTA VERDANA.,corpus/italian_busk_en/030_santa-verdana.html,"Gutenberg #48771 (Roman Legends, 1877)"
italian_busk_en:031,Rachel Harriette Busk,en,italian_busk_en,031,,SAN SIDORO.,corpus/italian_busk_en/031_san-sidoro.html,"Gutenberg #48771 (Roman Legends, 1877)"
italian_busk_en:032,Rachel Harriette Busk,en,italian_busk_en,032,,THE FISHPOND OF ST. FRANCIS.1,corpus/italian_busk_en/032_the-fishpond-of-st-francis1.html,"Gutenberg #48771 (Roman Legends, 1877)"
italian_busk_en:033,Rachel Harriette Busk,en,italian_busk_en,033,,ST. ANTHONY.,corpus/italian_busk_en/033_st-anthony.html,"Gutenberg #48771 (Roman Legends, 1877)"
italian_busk_en:034,Rachel Harriette Busk,en,italian_busk_en,034,,ST. MARGARET OF CORTONA.,corpus/italian_busk_en/034_st-margaret-of-cortona.html,"Gutenberg #48771 (Roman Legends, 1877)"
italian_busk_en:035,Rachel Harriette Busk,en,italian_busk_en,035,,ST. THEODORA.,corpus/italian_busk_en/035_st-theodora.html,"Gutenberg #48771 (Roman Legends, 1877)"
italian_busk_en:036,Rachel Harriette Busk,en,italian_busk_en,036,,NUN BEATRICE.1,corpus/italian_busk_en/036_nun-beatrice1.html,"Gutenberg #48771 (Roman Legends, 1877)"
italian_busk_en:037,Rachel Harriette Busk,en,italian_busk_en,037,,PADRE FILIPPO.,corpus/italian_busk_en/037_padre-filippo.html,"Gutenberg #48771 (Roman Legends, 1877)"
italian_busk_en:038,Rachel Harriette Busk,en,italian_busk_en,038,,THE PARDON OF ASISI.1,corpus/italian_busk_en/038_the-pardon-of-asisi1.html,"Gutenberg #48771 (Roman Legends, 1877)"
italian_busk_en:039,Rachel Harriette Busk,en,italian_busk_en,039,,PADRE VINCENZO.,corpus/italian_busk_en/039_padre-vincenzo.html,"Gutenberg #48771 (Roman Legends, 1877)"
italian_busk_en:040,Rachel Harriette Busk,en,italian_busk_en,040,,PADRE FONTANAROSA.,corpus/italian_busk_en/040_padre-fontanarosa.html,"Gutenberg #48771 (Roman Legends, 1877)"
italian_busk_en:041,Rachel Harriette Busk,en,italian_busk_en,041,,S. GIUSEPPE LABRE.1,corpus/italian_busk_en/041_s-giuseppe-labre1.html,"Gutenberg #48771 (Roman Legends, 1877)"
italian_busk_en:042,Rachel Harriette Busk,en,italian_busk_en,042,,THE TWELVE WORDS OF TRUTH.1,corpus/italian_busk_en/042_the-twelve-words-of-truth1.html,"Gutenberg #48771 (Roman Legends, 1877)"
italian_busk_en:043,Rachel Harriette Busk,en,italian_busk_en,043,,THE DEAD MAN IN THE OAK-TREE.1,corpus/italian_busk_en/043_the-dead-man-in-the-oak-tree1.html,"Gutenberg #48771 (Roman Legends, 1877)"
italian_busk_en:044,Rachel Harriette Busk,en,italian_busk_en,044,,THE DEAD MAN’S LETTER.1,corpus/italian_busk_en/044_the-dead-mans-letter1.html,"Gutenberg #48771 (Roman Legends, 1877)"
italian_busk_en:045,Rachel Harriette Busk,en,italian_busk_en,045,,THE WHITE SOUL.1,corpus/italian_busk_en/045_the-white-soul1.html,"Gutenberg #48771 (Roman Legends, 1877)"
italian_busk_en:046,Rachel Harriette Busk,en,italian_busk_en,046,,THE WHITE SERPENT.1,corpus/italian_busk_en/046_the-white-serpent1.html,"Gutenberg #48771 (Roman Legends, 1877)"
italian_busk_en:047,Rachel Harriette Busk,en,italian_busk_en,047,,THE PROCESSION OF VELLETRI.,corpus/italian_busk_en/047_the-procession-of-velletri.html,"Gutenberg #48771 (Roman Legends, 1877)"
italian_busk_en:048,Rachel Harriette Busk,en,italian_busk_en,048,,SMALLER GHOST AND TREASURE STORIES AND FAMILY AND LOCAL TRADITIONS.,corpus/italian_busk_en/048_smaller-ghost-and-treasure-stories-and-family-and-local-traditions.html,"Gutenberg #48771 (Roman Legends, 1877)"
italian_busk_en:049,Rachel Harriette Busk,en,italian_busk_en,049,,SCIARRA COLONNA.,corpus/italian_busk_en/049_sciarra-colonna.html,"Gutenberg #48771 (Roman Legends, 1877)"
italian_busk_en:050,Rachel Harriette Busk,en,italian_busk_en,050,,DONNA OLIMPIA.,corpus/italian_busk_en/050_donna-olimpia.html,"Gutenberg #48771 (Roman Legends, 1877)"
italian_busk_en:051,Rachel Harriette Busk,en,italian_busk_en,051,,THE MUNIFICENCE OF PRINCE BORGHESE.,corpus/italian_busk_en/051_the-munificence-of-prince-borghese.html,"Gutenberg #48771 (Roman Legends, 1877)"
italian_busk_en:052,Rachel Harriette Busk,en,italian_busk_en,052,,‘POPE JOAN.’,corpus/italian_busk_en/052_pope-joan.html,"Gutenberg #48771 (Roman Legends, 1877)"
italian_busk_en:053,Rachel Harriette Busk,en,italian_busk_en,053,,GIACINTA MARESCOTTI.,corpus/italian_busk_en/053_giacinta-marescotti.html,"Gutenberg #48771 (Roman Legends, 1877)"
italian_busk_en:054,Rachel Harriette Busk,en,italian_busk_en,054,,PASQUINO.1,corpus/italian_busk_en/054_pasquino1.html,"Gutenberg #48771 (Roman Legends, 1877)"
italian_busk_en:055,Rachel Harriette Busk,en,italian_busk_en,055,,CÈCINGÙLO.,corpus/italian_busk_en/055_c-cing-lo.html,"Gutenberg #48771 (Roman Legends, 1877)"
italian_busk_en:056,Rachel Harriette Busk,en,italian_busk_en,056,,THE WOOING OF CASSANDRO.1,corpus/italian_busk_en/056_the-wooing-of-cassandro1.html,"Gutenberg #48771 (Roman Legends, 1877)"
italian_busk_en:057,Rachel Harriette Busk,en,italian_busk_en,057,,I COCORNI.,corpus/italian_busk_en/057_i-cocorni.html,"Gutenberg #48771 (Roman Legends, 1877)"
italian_busk_en:058,Rachel Harriette Busk,en,italian_busk_en,058,,THE BEAUTIFUL ENGLISHWOMAN.,corpus/italian_busk_en/058_the-beautiful-englishwoman.html,"Gutenberg #48771 (Roman Legends, 1877)"
italian_busk_en:059,Rachel Harriette Busk,en,italian_busk_en,059,,THE ENGLISHMAN.,corpus/italian_busk_en/059_the-englishman.html,"Gutenberg #48771 (Roman Legends, 1877)"
italian_busk_en:060,Rachel Harriette Busk,en,italian_busk_en,060,,THE MARRIAGE OF SIGNOR CAJUSSE.1,corpus/italian_busk_en/060_the-marriage-of-signor-cajusse1.html,"Gutenberg #48771 (Roman Legends, 1877)"
italian_busk_en:061,Rachel Harriette Busk,en,italian_busk_en,061,,THE DAUGHTER OF COUNT LATTANZIO.1,corpus/italian_busk_en/061_the-daughter-of-count-lattanzio1.html,"Gutenberg #48771 (Roman Legends, 1877)"
italian_busk_en:062,Rachel Harriette Busk,en,italian_busk_en,062,,BELLACUCCIA.,corpus/italian_busk_en/062_bellacuccia.html,"Gutenberg #48771 (Roman Legends, 1877)"
italian_busk_en:063,Rachel Harriette Busk,en,italian_busk_en,063,,THE SATYR.,corpus/italian_busk_en/063_the-satyr.html,"Gutenberg #48771 (Roman Legends, 1877)"
italian_busk_en:064,Rachel Harriette Busk,en,italian_busk_en,064,,THE SATYRS.,corpus/italian_busk_en/064_the-satyrs.html,"Gutenberg #48771 (Roman Legends, 1877)"
italian_busk_en:065,Rachel Harriette Busk,en,italian_busk_en,065,,AMADEA.,corpus/italian_busk_en/065_amadea.html,"Gutenberg #48771 (Roman Legends, 1877)"
italian_busk_en:066,Rachel Harriette Busk,en,italian_busk_en,066,,THE KING OF PORTUGAL.,corpus/italian_busk_en/066_the-king-of-portugal.html,"Gutenberg #48771 (Roman Legends, 1877)"
italian_busk_en:067,Rachel Harriette Busk,en,italian_busk_en,067,,THE TWO FRIARS.1,corpus/italian_busk_en/067_the-two-friars1.html,"Gutenberg #48771 (Roman Legends, 1877)"
italian_busk_en:068,Rachel Harriette Busk,en,italian_busk_en,068,,THE LENTEN PREACHER.,corpus/italian_busk_en/068_the-lenten-preacher.html,"Gutenberg #48771 (Roman Legends, 1877)"
italian_busk_en:069,Rachel Harriette Busk,en,italian_busk_en,069,,ASS OR PIG.1,corpus/italian_busk_en/069_ass-or-pig1.html,"Gutenberg #48771 (Roman Legends, 1877)"
italian_busk_en:070,Rachel Harriette Busk,en,italian_busk_en,070,,THE SEVEN CLODHOPPERS.1,corpus/italian_busk_en/070_the-seven-clodhoppers1.html,"Gutenberg #48771 (Roman Legends, 1877)"
italian_busk_en:071,Rachel Harriette Busk,en,italian_busk_en,071,,THE LITTLE BIRD.1,corpus/italian_busk_en/071_the-little-bird1.html,"Gutenberg #48771 (Roman Legends, 1877)"
italian_busk_en:072,Rachel Harriette Busk,en,italian_busk_en,072,,THE DEVIL WHO TOOK TO HIMSELF A WIFE.1,corpus/italian_busk_en/072_the-devil-who-took-to-himself-a-wife1.html,"Gutenberg #48771 (Roman Legends, 1877)"
italian_busk_en:073,Rachel Harriette Busk,en,italian_busk_en,073,,THE ROOT.,corpus/italian_busk_en/073_the-root.html,"Gutenberg #48771 (Roman Legends, 1877)"
italian_busk_en:074,Rachel Harriette Busk,en,italian_busk_en,074,,THE QUEEN AND THE TRIPE-SELLER.1,corpus/italian_busk_en/074_the-queen-and-the-tripe-seller1.html,"Gutenberg #48771 (Roman Legends, 1877)"
italian_busk_en:075,Rachel Harriette Busk,en,italian_busk_en,075,,THE BAD-TEMPERED QUEEN.1,corpus/italian_busk_en/075_the-bad-tempered-queen1.html,"Gutenberg #48771 (Roman Legends, 1877)"
italian_busk_en:076,Rachel Harriette Busk,en,italian_busk_en,076,,THE SIMPLE WIFE.1,corpus/italian_busk_en/076_the-simple-wife1.html,"Gutenberg #48771 (Roman Legends, 1877)"
italian_busk_en:077,Rachel Harriette Busk,en,italian_busk_en,077,,THE FOOLISH WOMAN.1,corpus/italian_busk_en/077_the-foolish-woman1.html,"Gutenberg #48771 (Roman Legends, 1877)"
italian_busk_en:078,Rachel Harriette Busk,en,italian_busk_en,078,,THE BOOBY.1,corpus/italian_busk_en/078_the-booby1.html,"Gutenberg #48771 (Roman Legends, 1877)"
italian_busk_en:079,Rachel Harriette Busk,en,italian_busk_en,079,,THE GLUTTONOUS GIRL.1,corpus/italian_busk_en/079_the-gluttonous-girl1.html,"Gutenberg #48771 (Roman Legends, 1877)"
italian_busk_en:080,Rachel Harriette Busk,en,italian_busk_en,080,,THE GREEDY DAUGHTER.1,corpus/italian_busk_en/080_the-greedy-daughter1.html,"Gutenberg #48771 (Roman Legends, 1877)"
italian_busk_en:081,Rachel Harriette Busk,en,italian_busk_en,081,,THE OLD MISER.1,corpus/italian_busk_en/081_the-old-miser1.html,"Gutenberg #48771 (Roman Legends, 1877)"
italian_busk_en:082,Rachel Harriette Busk,en,italian_busk_en,082,,THE MISERLY OLD WOMAN.1,corpus/italian_busk_en/082_the-miserly-old-woman1.html,"Gutenberg #48771 (Roman Legends, 1877)"
italian_busk_en:083,Rachel Harriette Busk,en,italian_busk_en,083,,THE BEGGAR AND THE CHICK-PEA.1,corpus/italian_busk_en/083_the-beggar-and-the-chick-pea1.html,"Gutenberg #48771 (Roman Legends, 1877)"
italian_busk_en:084,Rachel Harriette Busk,en,italian_busk_en,084,,DOCTOR GRILLO.,corpus/italian_busk_en/084_doctor-grillo.html,"Gutenberg #48771 (Roman Legends, 1877)"
italian_busk_en:085,Rachel Harriette Busk,en,italian_busk_en,085,,NINA.,corpus/italian_busk_en/085_nina.html,"Gutenberg #48771 (Roman Legends, 1877)"
italian_busk_en:086,Rachel Harriette Busk,en,italian_busk_en,086,,THE GOOD GRACE OF THE HUNCHBACK.1,corpus/italian_busk_en/086_the-good-grace-of-the-hunchback1.html,"Gutenberg #48771 (Roman Legends, 1877)"
italian_busk_en:087,Rachel Harriette Busk,en,italian_busk_en,087,,THE VALUE OF SALT.,corpus/italian_busk_en/087_the-value-of-salt.html,"Gutenberg #48771 (Roman Legends, 1877)"
italian_busk_en:088,Rachel Harriette Busk,en,italian_busk_en,088,,THE PRINCESS AND THE GENTLEMAN.,corpus/italian_busk_en/088_the-princess-and-the-gentleman.html,"Gutenberg #48771 (Roman Legends, 1877)"
italian_busk_en:089,Rachel Harriette Busk,en,italian_busk_en,089,,THE HAPPY COUPLE.1,corpus/italian_busk_en/089_the-happy-couple1.html,"Gutenberg #48771 (Roman Legends, 1877)"
italian_busk_en:090,Rachel Harriette Busk,en,italian_busk_en,090,,WHAT HAPPENED IN THE ROOM OF A HOTEL.1,corpus/italian_busk_en/090_what-happened-in-the-room-of-a-hotel1.html,"Gutenberg #48771 (Roman Legends, 1877)"
italian_busk_en:091,Rachel Harriette Busk,en,italian_busk_en,091,,THE COUNTESS’S CAT.1,corpus/italian_busk_en/091_the-countesss-cat1.html,"Gutenberg #48771 (Roman Legends, 1877)"
italian_busk_en:092,Rachel Harriette Busk,en,italian_busk_en,092,,WHY CATS AND DOGS ALWAYS QUARREL.1,corpus/italian_busk_en/092_why-cats-and-dogs-always-quarrel1.html,"Gutenberg #48771 (Roman Legends, 1877)"
italian_busk_en:093,Rachel Harriette Busk,en,italian_busk_en,093,,THE CATS WHO MADE THEIR MASTER RICH.,corpus/italian_busk_en/093_the-cats-who-made-their-master-rich.html,"Gutenberg #48771 (Roman Legends, 1877)"
italian_straparola_v1_en:001,Giovanni F. Straparola (trans. Waters),en,italian_straparola_v1_en,001,,THE FIRST FABLE.,corpus/italian_straparola_v1_en/001_the-first-fable.html,"Gutenberg #75257 (Nights of Straparola Vol. 1, 1894)"
italian_straparola_v1_en:002,Giovanni F. Straparola (trans. Waters),en,italian_straparola_v1_en,002,,THE SECOND FABLE.,corpus/italian_straparola_v1_en/002_the-second-fable.html,"Gutenberg #75257 (Nights of Straparola Vol. 1, 1894)"
italian_straparola_v1_en:003,Giovanni F. Straparola (trans. Waters),en,italian_straparola_v1_en,003,,THE THIRD FABLE.,corpus/italian_straparola_v1_en/003_the-third-fable.html,"Gutenberg #75257 (Nights of Straparola Vol. 1, 1894)"
italian_straparola_v1_en:004,Giovanni F. Straparola (trans. Waters),en,italian_straparola_v1_en,004,,THE FOURTH FABLE.,corpus/italian_straparola_v1_en/004_the-fourth-fable.html,"Gutenberg #75257 (Nights of Straparola Vol. 1, 1894)"
italian_straparola_v1_en:005,Giovanni F. Straparola (trans. Waters),en,italian_straparola_v1_en,005,,THE FIFTH FABLE.,corpus/italian_straparola_v1_en/005_the-fifth-fable.html,"Gutenberg #75257 (Nights of Straparola Vol. 1, 1894)"
italian_straparola_v1_en:006,Giovanni F. Straparola (trans. Waters),en,italian_straparola_v1_en,006,,THE FIRST FABLE.,corpus/italian_straparola_v1_en/006_the-first-fable.html,"Gutenberg #75257 (Nights of Straparola Vol. 1, 1894)"
italian_straparola_v1_en:007,Giovanni F. Straparola (trans. Waters),en,italian_straparola_v1_en,007,,THE SECOND FABLE.,corpus/italian_straparola_v1_en/007_the-second-fable.html,"Gutenberg #75257 (Nights of Straparola Vol. 1, 1894)"
italian_straparola_v1_en:008,Giovanni F. Straparola (trans. Waters),en,italian_straparola_v1_en,008,,THE THIRD FABLE.,corpus/italian_straparola_v1_en/008_the-third-fable.html,"Gutenberg #75257 (Nights of Straparola Vol. 1, 1894)"
italian_straparola_v1_en:009,Giovanni F. Straparola (trans. Waters),en,italian_straparola_v1_en,009,,THE FOURTH FABLE.,corpus/italian_straparola_v1_en/009_the-fourth-fable.html,"Gutenberg #75257 (Nights of Straparola Vol. 1, 1894)"
italian_straparola_v1_en:010,Giovanni F. Straparola (trans. Waters),en,italian_straparola_v1_en,010,,THE FIFTH FABLE.,corpus/italian_straparola_v1_en/010_the-fifth-fable.html,"Gutenberg #75257 (Nights of Straparola Vol. 1, 1894)"
italian_straparola_v1_en:011,Giovanni F. Straparola (trans. Waters),en,italian_straparola_v1_en,011,,THE FIRST FABLE.,corpus/italian_straparola_v1_en/011_the-first-fable.html,"Gutenberg #75257 (Nights of Straparola Vol. 1, 1894)"
italian_straparola_v1_en:012,Giovanni F. Straparola (trans. Waters),en,italian_straparola_v1_en,012,,THE SECOND FABLE.,corpus/italian_straparola_v1_en/012_the-second-fable.html,"Gutenberg #75257 (Nights of Straparola Vol. 1, 1894)"
italian_straparola_v1_en:013,Giovanni F. Straparola (trans. Waters),en,italian_straparola_v1_en,013,,THE THIRD FABLE.,corpus/italian_straparola_v1_en/013_the-third-fable.html,"Gutenberg #75257 (Nights of Straparola Vol. 1, 1894)"
italian_straparola_v1_en:014,Giovanni F. Straparola (trans. Waters),en,italian_straparola_v1_en,014,,THE FOURTH FABLE.,corpus/italian_straparola_v1_en/014_the-fourth-fable.html,"Gutenberg #75257 (Nights of Straparola Vol. 1, 1894)"
italian_straparola_v1_en:015,Giovanni F. Straparola (trans. Waters),en,italian_straparola_v1_en,015,,THE FIFTH FABLE.,corpus/italian_straparola_v1_en/015_the-fifth-fable.html,"Gutenberg #75257 (Nights of Straparola Vol. 1, 1894)"
italian_straparola_v1_en:016,Giovanni F. Straparola (trans. Waters),en,italian_straparola_v1_en,016,,THE FIRST FABLE.,corpus/italian_straparola_v1_en/016_the-first-fable.html,"Gutenberg #75257 (Nights of Straparola Vol. 1, 1894)"
italian_straparola_v1_en:017,Giovanni F. Straparola (trans. Waters),en,italian_straparola_v1_en,017,,THE SECOND FABLE.,corpus/italian_straparola_v1_en/017_the-second-fable.html,"Gutenberg #75257 (Nights of Straparola Vol. 1, 1894)"
italian_straparola_v1_en:018,Giovanni F. Straparola (trans. Waters),en,italian_straparola_v1_en,018,,THE THIRD FABLE.,corpus/italian_straparola_v1_en/018_the-third-fable.html,"Gutenberg #75257 (Nights of Straparola Vol. 1, 1894)"
italian_straparola_v1_en:019,Giovanni F. Straparola (trans. Waters),en,italian_straparola_v1_en,019,,THE FOURTH FABLE.,corpus/italian_straparola_v1_en/019_the-fourth-fable.html,"Gutenberg #75257 (Nights of Straparola Vol. 1, 1894)"
italian_straparola_v1_en:020,Giovanni F. Straparola (trans. Waters),en,italian_straparola_v1_en,020,,THE FIFTH FABLE.,corpus/italian_straparola_v1_en/020_the-fifth-fable.html,"Gutenberg #75257 (Nights of Straparola Vol. 1, 1894)"
italian_straparola_v1_en:021,Giovanni F. Straparola (trans. Waters),en,italian_straparola_v1_en,021,,THE FIRST FABLE.,corpus/italian_straparola_v1_en/021_the-first-fable.html,"Gutenberg #75257 (Nights of Straparola Vol. 1, 1894)"
italian_straparola_v1_en:022,Giovanni F. Straparola (trans. Waters),en,italian_straparola_v1_en,022,,THE SECOND FABLE.,corpus/italian_straparola_v1_en/022_the-second-fable.html,"Gutenberg #75257 (Nights of Straparola Vol. 1, 1894)"
italian_straparola_v1_en:023,Giovanni F. Straparola (trans. Waters),en,italian_straparola_v1_en,023,,THE THIRD FABLE.,corpus/italian_straparola_v1_en/023_the-third-fable.html,"Gutenberg #75257 (Nights of Straparola Vol. 1, 1894)"
italian_straparola_v1_en:024,Giovanni F. Straparola (trans. Waters),en,italian_straparola_v1_en,024,,THE FOURTH FABLE.,corpus/italian_straparola_v1_en/024_the-fourth-fable.html,"Gutenberg #75257 (Nights of Straparola Vol. 1, 1894)"
italian_straparola_v1_en:025,Giovanni F. Straparola (trans. Waters),en,italian_straparola_v1_en,025,,THE FIFTH FABLE.,corpus/italian_straparola_v1_en/025_the-fifth-fable.html,"Gutenberg #75257 (Nights of Straparola Vol. 1, 1894)"
french_perrault_en:001,Charles Perrault,en,french_perrault_en,001,,Little Red Riding-Hood,corpus/french_perrault_en/001_little-red-riding-hood.html,"Gutenberg #29021 (Fairy Tales of Perrault, Harrap 1922)"
french_perrault_en:002,Charles Perrault,en,french_perrault_en,002,,The Fairy,corpus/french_perrault_en/002_the-fairy.html,"Gutenberg #29021 (Fairy Tales of Perrault, Harrap 1922)"
french_perrault_en:003,Charles Perrault,en,french_perrault_en,003,,Blue Beard,corpus/french_perrault_en/003_blue-beard.html,"Gutenberg #29021 (Fairy Tales of Perrault, Harrap 1922)"
french_perrault_en:004,Charles Perrault,en,french_perrault_en,004,,The Sleeping Beauty in the Wood,corpus/french_perrault_en/004_the-sleeping-beauty-in-the-wood.html,"Gutenberg #29021 (Fairy Tales of Perrault, Harrap 1922)"
french_perrault_en:005,Charles Perrault,en,french_perrault_en,005,,The Master Cat or Puss in Boots,corpus/french_perrault_en/005_the-master-cat-or-puss-in-boots.html,"Gutenberg #29021 (Fairy Tales of Perrault, Harrap 1922)"
french_perrault_en:006,Charles Perrault,en,french_perrault_en,006,,Cinderilla or The Little Glass Slipper,corpus/french_perrault_en/006_cinderilla-or-the-little-glass-slipper.html,"Gutenberg #29021 (Fairy Tales of Perrault, Harrap 1922)"
french_perrault_en:007,Charles Perrault,en,french_perrault_en,007,,Riquet with the Tuft,corpus/french_perrault_en/007_riquet-with-the-tuft.html,"Gutenberg #29021 (Fairy Tales of Perrault, Harrap 1922)"
french_perrault_en:008,Charles Perrault,en,french_perrault_en,008,,Little Thumb,corpus/french_perrault_en/008_little-thumb.html,"Gutenberg #29021 (Fairy Tales of Perrault, Harrap 1922)"
french_perrault_en:009,Charles Perrault,en,french_perrault_en,009,,The Ridiculous Wishes,corpus/french_perrault_en/009_the-ridiculous-wishes.html,"Gutenberg #29021 (Fairy Tales of Perrault, Harrap 1922)"
french_perrault_en:010,Charles Perrault,en,french_perrault_en,010,,Donkey-skin,corpus/french_perrault_en/010_donkey-skin.html,"Gutenberg #29021 (Fairy Tales of Perrault, Harrap 1922)"
french_daulnoy_en:001,Madame d'Aulnoy (trans. Macdonell & Lee),en,french_daulnoy_en,001,,Gracieuse and Percinet,corpus/french_daulnoy_en/001_gracieuse-and-percinet.html,archive.org fairytalesmadam00dgoog (1892)
french_daulnoy_en:002,Madame d'Aulnoy (trans. Macdonell & Lee),en,french_daulnoy_en,002,,Fair Goldilocks,corpus/french_daulnoy_en/002_fair-goldilocks.html,archive.org fairytalesmadam00dgoog (1892)
french_daulnoy_en:003,Madame d'Aulnoy (trans. Macdonell & Lee),en,french_daulnoy_en,003,,The Blue Bird,corpus/french_daulnoy_en/003_the-blue-bird.html,archive.org fairytalesmadam00dgoog (1892)
french_daulnoy_en:004,Madame d'Aulnoy (trans. Macdonell & Lee),en,french_daulnoy_en,004,,Prince Ariel,corpus/french_daulnoy_en/004_prince-ariel.html,archive.org fairytalesmadam00dgoog (1892)
french_daulnoy_en:005,Madame d'Aulnoy (trans. Macdonell & Lee),en,french_daulnoy_en,005,,Princess Mayblossom,corpus/french_daulnoy_en/005_princess-mayblossom.html,archive.org fairytalesmadam00dgoog (1892)
french_daulnoy_en:006,Madame d'Aulnoy (trans. Macdonell & Lee),en,french_daulnoy_en,006,,Princess Rosette,corpus/french_daulnoy_en/006_princess-rosette.html,archive.org fairytalesmadam00dgoog (1892)
french_daulnoy_en:007,Madame d'Aulnoy (trans. Macdonell & Lee),en,french_daulnoy_en,007,,The Golden Branch,corpus/french_daulnoy_en/007_the-golden-branch.html,archive.org fairytalesmadam00dgoog (1892)
french_daulnoy_en:008,Madame d'Aulnoy (trans. Macdonell & Lee),en,french_daulnoy_en,008,,The Bee and the Orange Tree,corpus/french_daulnoy_en/008_the-bee-and-the-orange-tree.html,archive.org fairytalesmadam00dgoog (1892)
french_daulnoy_en:009,Madame d'Aulnoy (trans. Macdonell & Lee),en,french_daulnoy_en,009,,The Good Little Mouse,corpus/french_daulnoy_en/009_the-good-little-mouse.html,archive.org fairytalesmadam00dgoog (1892)
french_daulnoy_en:010,Madame d'Aulnoy (trans. Macdonell & Lee),en,french_daulnoy_en,010,,The Ram,corpus/french_daulnoy_en/010_the-ram.html,archive.org fairytalesmadam00dgoog (1892)
french_daulnoy_en:011,Madame d'Aulnoy (trans. Macdonell & Lee),en,french_daulnoy_en,011,,Finette Cendron,corpus/french_daulnoy_en/011_finette-cendron.html,archive.org fairytalesmadam00dgoog (1892)
french_daulnoy_en:012,Madame d'Aulnoy (trans. Macdonell & Lee),en,french_daulnoy_en,012,,Fortunée,corpus/french_daulnoy_en/012_fortun-e.html,archive.org fairytalesmadam00dgoog (1892)
french_daulnoy_en:013,Madame d'Aulnoy (trans. Macdonell & Lee),en,french_daulnoy_en,013,,Babiole,corpus/french_daulnoy_en/013_babiole.html,archive.org fairytalesmadam00dgoog (1892)
french_daulnoy_en:014,Madame d'Aulnoy (trans. Macdonell & Lee),en,french_daulnoy_en,014,,The Yellow Dwarf,corpus/french_daulnoy_en/014_the-yellow-dwarf.html,archive.org fairytalesmadam00dgoog (1892)
french_daulnoy_en:015,Madame d'Aulnoy (trans. Macdonell & Lee),en,french_daulnoy_en,015,,Green Serpent,corpus/french_daulnoy_en/015_green-serpent.html,archive.org fairytalesmadam00dgoog (1892)
french_daulnoy_en:016,Madame d'Aulnoy (trans. Macdonell & Lee),en,french_daulnoy_en,016,,Princess Carpillon,corpus/french_daulnoy_en/016_princess-carpillon.html,archive.org fairytalesmadam00dgoog (1892)
french_daulnoy_en:017,Madame d'Aulnoy (trans. Macdonell & Lee),en,french_daulnoy_en,017,,The Benevolent Frog,corpus/french_daulnoy_en/017_the-benevolent-frog.html,archive.org fairytalesmadam00dgoog (1892)
french_daulnoy_en:018,Madame d'Aulnoy (trans. Macdonell & Lee),en,french_daulnoy_en,018,,The Hind in the Wood,corpus/french_daulnoy_en/018_the-hind-in-the-wood.html,archive.org fairytalesmadam00dgoog (1892)
french_daulnoy_en:019,Madame d'Aulnoy (trans. Macdonell & Lee),en,french_daulnoy_en,019,,The White Cat,corpus/french_daulnoy_en/019_the-white-cat.html,archive.org fairytalesmadam00dgoog (1892)
french_daulnoy_en:020,Madame d'Aulnoy (trans. Macdonell & Lee),en,french_daulnoy_en,020,,Belle-Belle,corpus/french_daulnoy_en/020_belle-belle.html,archive.org fairytalesmadam00dgoog (1892)
french_daulnoy_en:021,Madame d'Aulnoy (trans. Macdonell & Lee),en,french_daulnoy_en,021,,The Pigeon and the Dove,corpus/french_daulnoy_en/021_the-pigeon-and-the-dove.html,archive.org fairytalesmadam00dgoog (1892)
french_daulnoy_en:022,Madame d'Aulnoy (trans. Macdonell & Lee),en,french_daulnoy_en,022,,Princess Belle-Etoile,corpus/french_daulnoy_en/022_princess-belle-etoile.html,archive.org fairytalesmadam00dgoog (1892)
french_daulnoy_en:023,Madame d'Aulnoy (trans. Macdonell & Lee),en,french_daulnoy_en,023,,Prince Marcassin,corpus/french_daulnoy_en/023_prince-marcassin.html,archive.org fairytalesmadam00dgoog (1892)
french_daulnoy_en:024,Madame d'Aulnoy (trans. Macdonell & Lee),en,french_daulnoy_en,024,,The Dolphin,corpus/french_daulnoy_en/024_the-dolphin.html,archive.org fairytalesmadam00dgoog (1892)
french_planche_en:001,J. R. Planché (trans.),en,french_planche_en,001,,BLUE BEARD.,corpus/french_planche_en/001_blue-beard.html,"Gutenberg #52719 (Four and Twenty Fairy Tales, 1858)"
french_planche_en:002,J. R. Planché (trans.),en,french_planche_en,002,,THE SLEEPING BEAUTY IN THE WOOD.,corpus/french_planche_en/002_the-sleeping-beauty-in-the-wood.html,"Gutenberg #52719 (Four and Twenty Fairy Tales, 1858)"
french_planche_en:003,J. R. Planché (trans.),en,french_planche_en,003,,"MASTER CAT; OR, PUSS IN BOOTS.",corpus/french_planche_en/003_master-cat-or-puss-in-boots.html,"Gutenberg #52719 (Four and Twenty Fairy Tales, 1858)"
french_planche_en:004,J. R. Planché (trans.),en,french_planche_en,004,,"CINDERELLA; OR, THE LITTLE GLASS SLIPPER.",corpus/french_planche_en/004_cinderella-or-the-little-glass-slipper.html,"Gutenberg #52719 (Four and Twenty Fairy Tales, 1858)"
french_planche_en:005,J. R. Planché (trans.),en,french_planche_en,005,,RIQUET WITH THE TUFT.,corpus/french_planche_en/005_riquet-with-the-tuft.html,"Gutenberg #52719 (Four and Twenty Fairy Tales, 1858)"
french_planche_en:006,J. R. Planché (trans.),en,french_planche_en,006,,LITTLE THUMBLING.,corpus/french_planche_en/006_little-thumbling.html,"Gutenberg #52719 (Four and Twenty Fairy Tales, 1858)"
french_planche_en:007,J. R. Planché (trans.),en,french_planche_en,007,,PERFECT LOVE.,corpus/french_planche_en/007_perfect-love.html,"Gutenberg #52719 (Four and Twenty Fairy Tales, 1858)"
french_planche_en:008,J. R. Planché (trans.),en,french_planche_en,008,,ANGUILLETTE.,corpus/french_planche_en/008_anguillette.html,"Gutenberg #52719 (Four and Twenty Fairy Tales, 1858)"
french_planche_en:009,J. R. Planché (trans.),en,french_planche_en,009,,YOUNG AND HANDSOME.,corpus/french_planche_en/009_young-and-handsome.html,"Gutenberg #52719 (Four and Twenty Fairy Tales, 1858)"
french_planche_en:010,J. R. Planché (trans.),en,french_planche_en,010,,THE PALACE OF REVENGE.,corpus/french_planche_en/010_the-palace-of-revenge.html,"Gutenberg #52719 (Four and Twenty Fairy Tales, 1858)"
french_planche_en:011,J. R. Planché (trans.),en,french_planche_en,011,,THE PRINCE OF LEAVES.,corpus/french_planche_en/011_the-prince-of-leaves.html,"Gutenberg #52719 (Four and Twenty Fairy Tales, 1858)"
french_planche_en:012,J. R. Planché (trans.),en,french_planche_en,012,,THE FORTUNATE PUNISHMENT.,corpus/french_planche_en/012_the-fortunate-punishment.html,"Gutenberg #52719 (Four and Twenty Fairy Tales, 1858)"
french_planche_en:013,J. R. Planché (trans.),en,french_planche_en,013,,FAIRER THAN A FAIRY.,corpus/french_planche_en/013_fairer-than-a-fairy.html,"Gutenberg #52719 (Four and Twenty Fairy Tales, 1858)"
french_planche_en:014,J. R. Planché (trans.),en,french_planche_en,014,,THE GOOD WOMAN.,corpus/french_planche_en/014_the-good-woman.html,"Gutenberg #52719 (Four and Twenty Fairy Tales, 1858)"
french_planche_en:015,J. R. Planché (trans.),en,french_planche_en,015,,THE STORY OF THE BEAUTY AND THE BEAST.,corpus/french_planche_en/015_the-story-of-the-beauty-and-the-beast.html,"Gutenberg #52719 (Four and Twenty Fairy Tales, 1858)"
french_planche_en:016,J. R. Planché (trans.),en,french_planche_en,016,,PRINCESS MINUTE AND KING FLORIDOR.,corpus/french_planche_en/016_princess-minute-and-king-floridor.html,"Gutenberg #52719 (Four and Twenty Fairy Tales, 1858)"
french_planche_en:017,J. R. Planché (trans.),en,french_planche_en,017,,THE IMPOSSIBLE ENCHANTMENT.,corpus/french_planche_en/017_the-impossible-enchantment.html,"Gutenberg #52719 (Four and Twenty Fairy Tales, 1858)"
french_planche_en:018,J. R. Planché (trans.),en,french_planche_en,018,,BLEUETTE AND COQUELICOT.,corpus/french_planche_en/018_bleuette-and-coquelicot.html,"Gutenberg #52719 (Four and Twenty Fairy Tales, 1858)"
french_planche_en:019,J. R. Planché (trans.),en,french_planche_en,019,,THE PRINCESS CAMION.,corpus/french_planche_en/019_the-princess-camion.html,"Gutenberg #52719 (Four and Twenty Fairy Tales, 1858)"
french_planche_en:020,J. R. Planché (trans.),en,french_planche_en,020,,PRINCESS LIONETTE AND PRINCE COQUERICO.,corpus/french_planche_en/020_princess-lionette-and-prince-coquerico.html,"Gutenberg #52719 (Four and Twenty Fairy Tales, 1858)"
french_planche_en:021,J. R. Planché (trans.),en,french_planche_en,021,,THE PRINCE DÉSIR and THE PRINCESS MIGNONE.,corpus/french_planche_en/021_the-prince-d-sir-and-the-princess-mignone.html,"Gutenberg #52719 (Four and Twenty Fairy Tales, 1858)"
french_planche_en:022,J. R. Planché (trans.),en,french_planche_en,022,,PRINCE CHÉRI.,corpus/french_planche_en/022_prince-ch-ri.html,"Gutenberg #52719 (Four and Twenty Fairy Tales, 1858)"
french_planche_en:023,J. R. Planché (trans.),en,french_planche_en,023,,THE WIDOW AND HER TWO DAUGHTERS.,corpus/french_planche_en/023_the-widow-and-her-two-daughters.html,"Gutenberg #52719 (Four and Twenty Fairy Tales, 1858)"
french_planche_en:024,J. R. Planché (trans.),en,french_planche_en,024,,PRINCE FATAL AND PRINCE FORTUNÉ.,corpus/french_planche_en/024_prince-fatal-and-prince-fortun.html,"Gutenberg #52719 (Four and Twenty Fairy Tales, 1858)"
french_laboulaye_en:001,Édouard Laboulaye (trans. Booth),en,french_laboulaye_en,001,,Yvon and Finette,corpus/french_laboulaye_en/001_yvon-and-finette.html,"Gutenberg #26386 (Laboulaye's Fairy Book, 1866)"
french_laboulaye_en:002,Édouard Laboulaye (trans. Booth),en,french_laboulaye_en,002,,The Castle of Life,corpus/french_laboulaye_en/002_the-castle-of-life.html,"Gutenberg #26386 (Laboulaye's Fairy Book, 1866)"
french_laboulaye_en:003,Édouard Laboulaye (trans. Booth),en,french_laboulaye_en,003,,Destiny,corpus/french_laboulaye_en/003_destiny.html,"Gutenberg #26386 (Laboulaye's Fairy Book, 1866)"
french_laboulaye_en:004,Édouard Laboulaye (trans. Booth),en,french_laboulaye_en,004,,The Twelve Months,corpus/french_laboulaye_en/004_the-twelve-months.html,"Gutenberg #26386 (Laboulaye's Fairy Book, 1866)"
french_laboulaye_en:005,Édouard Laboulaye (trans. Booth),en,french_laboulaye_en,005,,Swanda the Piper,corpus/french_laboulaye_en/005_swanda-the-piper.html,"Gutenberg #26386 (Laboulaye's Fairy Book, 1866)"
french_laboulaye_en:006,Édouard Laboulaye (trans. Booth),en,french_laboulaye_en,006,,The Gold Bread,corpus/french_laboulaye_en/006_the-gold-bread.html,"Gutenberg #26386 (Laboulaye's Fairy Book, 1866)"
french_laboulaye_en:007,Édouard Laboulaye (trans. Booth),en,french_laboulaye_en,007,,The Story of the Noses,corpus/french_laboulaye_en/007_the-story-of-the-noses.html,"Gutenberg #26386 (Laboulaye's Fairy Book, 1866)"
french_laboulaye_en:008,Édouard Laboulaye (trans. Booth),en,french_laboulaye_en,008,,The Three Citrons,corpus/french_laboulaye_en/008_the-three-citrons.html,"Gutenberg #26386 (Laboulaye's Fairy Book, 1866)"
french_laboulaye_en:009,Édouard Laboulaye (trans. Booth),en,french_laboulaye_en,009,,Story of Coquerico,corpus/french_laboulaye_en/009_story-of-coquerico.html,"Gutenberg #26386 (Laboulaye's Fairy Book, 1866)"
french_laboulaye_en:010,Édouard Laboulaye (trans. Booth),en,french_laboulaye_en,010,,KING BIZARRE AND PRINCE CHARMING,corpus/french_laboulaye_en/010_king-bizarre-and-prince-charming.html,"Gutenberg #26386 (Laboulaye's Fairy Book, 1866)"
french_segur_en:001,Comtesse de Ségur,en,french_segur_en,001,,"THE STORY OF BLONDINE, BONNE-BICHE, AND BEAU-MINON",corpus/french_segur_en/001_the-story-of-blondine-bonne-biche-and-beau-minon.html,"Gutenberg #30129 (Old French Fairy Tales, c1920)"
french_segur_en:002,Comtesse de Ségur,en,french_segur_en,002,,GOOD LITTLE HENRY,corpus/french_segur_en/002_good-little-henry.html,"Gutenberg #30129 (Old French Fairy Tales, c1920)"
french_segur_en:003,Comtesse de Ségur,en,french_segur_en,003,,HISTORY OF PRINCESS ROSETTE,corpus/french_segur_en/003_history-of-princess-rosette.html,"Gutenberg #30129 (Old French Fairy Tales, c1920)"
french_segur_en:004,Comtesse de Ségur,en,french_segur_en,004,,THE LITTLE GREY MOUSE,corpus/french_segur_en/004_the-little-grey-mouse.html,"Gutenberg #30129 (Old French Fairy Tales, c1920)"
french_segur_en:005,Comtesse de Ségur,en,french_segur_en,005,,OURSON,corpus/french_segur_en/005_ourson.html,"Gutenberg #30129 (Old French Fairy Tales, c1920)"
french_cosquin_fr:001,Emmanuel Cosquin,fr,french_cosquin_fr,001,,JEAN DE L'OURS,corpus/french_cosquin_fr/001_jean-de-lours.html,"Gutenberg #57892 (Contes populaires de Lorraine, 1886)"
french_cosquin_fr:002,Emmanuel Cosquin,fr,french_cosquin_fr,002,,LE MILITAIRE AVISÉ,corpus/french_cosquin_fr/002_le-militaire-avis.html,"Gutenberg #57892 (Contes populaires de Lorraine, 1886)"
french_cosquin_fr:003,Emmanuel Cosquin,fr,french_cosquin_fr,003,,LE ROI D'ANGLETERRE & SON FILLEUL,corpus/french_cosquin_fr/003_le-roi-dangleterre-son-filleul.html,"Gutenberg #57892 (Contes populaires de Lorraine, 1886)"
french_cosquin_fr:004,Emmanuel Cosquin,fr,french_cosquin_fr,004,,TAPALAPAUTAU,corpus/french_cosquin_fr/004_tapalapautau.html,"Gutenberg #57892 (Contes populaires de Lorraine, 1886)"
french_cosquin_fr:005,Emmanuel Cosquin,fr,french_cosquin_fr,005,,LES FILS DU PÊCHEUR,corpus/french_cosquin_fr/005_les-fils-du-p-cheur.html,"Gutenberg #57892 (Contes populaires de Lorraine, 1886)"
french_cosquin_fr:006,Emmanuel Cosquin,fr,french_cosquin_fr,006,,LE FOLLET,corpus/french_cosquin_fr/006_le-follet.html,"Gutenberg #57892 (Contes populaires de Lorraine, 1886)"
french_cosquin_fr:007,Emmanuel Cosquin,fr,french_cosquin_fr,007,,LES DEUX SOLDATS DE 1689,corpus/french_cosquin_fr/007_les-deux-soldats-de-1689.html,"Gutenberg #57892 (Contes populaires de Lorraine, 1886)"
french_cosquin_fr:008,Emmanuel Cosquin,fr,french_cosquin_fr,008,,LE TAILLEUR & LE GÉANT,corpus/french_cosquin_fr/008_le-tailleur-le-g-ant.html,"Gutenberg #57892 (Contes populaires de Lorraine, 1886)"
french_cosquin_fr:009,Emmanuel Cosquin,fr,french_cosquin_fr,009,,L'OISEAU VERT,corpus/french_cosquin_fr/009_loiseau-vert.html,"Gutenberg #57892 (Contes populaires de Lorraine, 1886)"
french_cosquin_fr:010,Emmanuel Cosquin,fr,french_cosquin_fr,010,,RENÉ & SON SEIGNEUR,corpus/french_cosquin_fr/010_ren-son-seigneur.html,"Gutenberg #57892 (Contes populaires de Lorraine, 1886)"
french_cosquin_fr:011,Emmanuel Cosquin,fr,french_cosquin_fr,011,,"LA BOURSE, LE SIFFLET & LE CHAPEAU",corpus/french_cosquin_fr/011_la-bourse-le-sifflet-le-chapeau.html,"Gutenberg #57892 (Contes populaires de Lorraine, 1886)"
french_cosquin_fr:012,Emmanuel Cosquin,fr,french_cosquin_fr,012,,LE PRINCE & SON CHEVAL,corpus/french_cosquin_fr/012_le-prince-son-cheval.html,"Gutenberg #57892 (Contes populaires de Lorraine, 1886)"
french_cosquin_fr:013,Emmanuel Cosquin,fr,french_cosquin_fr,013,,LES TROCS DE JEAN-BAPTISTE,corpus/french_cosquin_fr/013_les-trocs-de-jean-baptiste.html,"Gutenberg #57892 (Contes populaires de Lorraine, 1886)"
french_cosquin_fr:014,Emmanuel Cosquin,fr,french_cosquin_fr,014,,LE FILS DU DIABLE,corpus/french_cosquin_fr/014_le-fils-du-diable.html,"Gutenberg #57892 (Contes populaires de Lorraine, 1886)"
french_cosquin_fr:015,Emmanuel Cosquin,fr,french_cosquin_fr,015,,LES DONS DES TROIS ANIMAUX,corpus/french_cosquin_fr/015_les-dons-des-trois-animaux.html,"Gutenberg #57892 (Contes populaires de Lorraine, 1886)"
french_cosquin_fr:016,Emmanuel Cosquin,fr,french_cosquin_fr,016,,LA FILLE DU MEUNIER,corpus/french_cosquin_fr/016_la-fille-du-meunier.html,"Gutenberg #57892 (Contes populaires de Lorraine, 1886)"
french_cosquin_fr:017,Emmanuel Cosquin,fr,french_cosquin_fr,017,,L'OISEAU DE VÉRITÉ,corpus/french_cosquin_fr/017_loiseau-de-v-rit.html,"Gutenberg #57892 (Contes populaires de Lorraine, 1886)"
french_cosquin_fr:018,Emmanuel Cosquin,fr,french_cosquin_fr,018,,XVIII,corpus/french_cosquin_fr/018_xviii.html,"Gutenberg #57892 (Contes populaires de Lorraine, 1886)"
french_cosquin_fr:019,Emmanuel Cosquin,fr,french_cosquin_fr,019,,LE PETIT BOSSU,corpus/french_cosquin_fr/019_le-petit-bossu.html,"Gutenberg #57892 (Contes populaires de Lorraine, 1886)"
french_cosquin_fr:020,Emmanuel Cosquin,fr,french_cosquin_fr,020,,RICHEDEAU,corpus/french_cosquin_fr/020_richedeau.html,"Gutenberg #57892 (Contes populaires de Lorraine, 1886)"
french_cosquin_fr:021,Emmanuel Cosquin,fr,french_cosquin_fr,021,,LA BICHE BLANCHE,corpus/french_cosquin_fr/021_la-biche-blanche.html,"Gutenberg #57892 (Contes populaires de Lorraine, 1886)"
french_cosquin_fr:022,Emmanuel Cosquin,fr,french_cosquin_fr,022,,JEANNE & BRIMBORIAU,corpus/french_cosquin_fr/022_jeanne-brimboriau.html,"Gutenberg #57892 (Contes populaires de Lorraine, 1886)"
french_cosquin_fr:023,Emmanuel Cosquin,fr,french_cosquin_fr,023,,LE POIRIER D'OR,corpus/french_cosquin_fr/023_le-poirier-dor.html,"Gutenberg #57892 (Contes populaires de Lorraine, 1886)"
french_cosquin_fr:024,Emmanuel Cosquin,fr,french_cosquin_fr,024,,LA LAIDE & LA BELLE,corpus/french_cosquin_fr/024_la-laide-la-belle.html,"Gutenberg #57892 (Contes populaires de Lorraine, 1886)"
french_cosquin_fr:025,Emmanuel Cosquin,fr,french_cosquin_fr,025,,LE CORDONNIER & LES VOLEURS,corpus/french_cosquin_fr/025_le-cordonnier-les-voleurs.html,"Gutenberg #57892 (Contes populaires de Lorraine, 1886)"
french_cosquin_fr:026,Emmanuel Cosquin,fr,french_cosquin_fr,026,,LE SIFFLET ENCHANTÉ,corpus/french_cosquin_fr/026_le-sifflet-enchant.html,"Gutenberg #57892 (Contes populaires de Lorraine, 1886)"
french_cosquin_fr:027,Emmanuel Cosquin,fr,french_cosquin_fr,027,,ROPIQUET,corpus/french_cosquin_fr/027_ropiquet.html,"Gutenberg #57892 (Contes populaires de Lorraine, 1886)"
french_cosquin_fr:028,Emmanuel Cosquin,fr,french_cosquin_fr,028,,LE TAUREAU D'OR,corpus/french_cosquin_fr/028_le-taureau-dor.html,"Gutenberg #57892 (Contes populaires de Lorraine, 1886)"
french_cosquin_fr:029,Emmanuel Cosquin,fr,french_cosquin_fr,029,,LA POUILLOTTE & LE COUCHERILLOT,corpus/french_cosquin_fr/029_la-pouillotte-le-coucherillot.html,"Gutenberg #57892 (Contes populaires de Lorraine, 1886)"
french_cosquin_fr:030,Emmanuel Cosquin,fr,french_cosquin_fr,030,,LE FOIE DE MOUTON,corpus/french_cosquin_fr/030_le-foie-de-mouton.html,"Gutenberg #57892 (Contes populaires de Lorraine, 1886)"
